CTET JAN-2024 KEY EXAM-21/01/2024 Date. 13/02/2024 Page No. 1
Set :- I PAPER-I MAIN
--------------------------------------------------
| QNO ANS | QNO ANS | QNO ANS | QNO ANS |
--------------------------------------------------
| 1 4 | 26 3 | 51 3 | 76 1 |
--------------------------------------------------
| 2 1 | 27 4 | 52 2 | 77 1 |
--------------------------------------------------
| 3 4 | 28 2 | 53 1 | 78 4 |
--------------------------------------------------
| 4 1 | 29 4 | 54 4 | 79 1 |
--------------------------------------------------
| 5 3 | 30 2 | 55 2 | 80 Z |
--------------------------------------------------
| 6 3 | 31 3 | 56 2 | 81 2 |
--------------------------------------------------
| 7 3 | 32 2 | 57 1 | 82 4 |
--------------------------------------------------
| 8 2 | 33 2 | 58 4 | 83 3 |
--------------------------------------------------
| 9 2 | 34 2 | 59 2 | 84 1 |
--------------------------------------------------
| 10 1 | 35 2 | 60 1 | 85 3 |
--------------------------------------------------
| 11 3 | 36 3 | 61 1 | 86 3 |
--------------------------------------------------
| 12 4 | 37 3 | 62 3 | 87 4 |
--------------------------------------------------
| 13 1 | 38 3 | 63 2 | 88 1 |
--------------------------------------------------
| 14 2 | 39 1 | 64 4 | 89 3 |
--------------------------------------------------
| 15 1 | 40 4 | 65 1 | 90 1 |
--------------------------------------------------
| 16 4 | 41 4 | 66 2 | |
--------------------------------------------------
| 17 1 | 42 4 | 67 4 | |
--------------------------------------------------
| 18 1 | 43 4 | 68 4 | |
--------------------------------------------------
| 19 3 | 44 2 | 69 3 | |
--------------------------------------------------
| 20 2 | 45 2 | 70 2 | |
--------------------------------------------------
| 21 2 | 46 3 | 71 3 | |
--------------------------------------------------
| 22 1 | 47 3 | 72 4 | |
--------------------------------------------------
| 23 2 | 48 2 | 73 4 | |
--------------------------------------------------
| 24 1 | 49 4 | 74 2 | |
--------------------------------------------------
| 25 2 | 50 4 | 75 4 | |
--------------------------------------------------
A=1,2/B=1,3/C=1,4/D=2,3/E=2,4/F=3,4/Z=ALL
CTET JAN-2024 KEY EXAM-21/01/2024 Date. 13/02/2024 Page No. 2
Set :- J PAPER-I MAIN
--------------------------------------------------
| QNO ANS | QNO ANS | QNO ANS | QNO ANS |
--------------------------------------------------
| 1 1 | 26 1 | 51 2 | 76 3 |
--------------------------------------------------
| 2 4 | 27 4 | 52 1 | 77 4 |
--------------------------------------------------
| 3 4 | 28 3 | 53 2 | 78 3 |
--------------------------------------------------
| 4 4 | 29 4 | 54 3 | 79 1 |
--------------------------------------------------
| 5 1 | 30 2 | 55 2 | 80 3 |
--------------------------------------------------
| 6 2 | 31 3 | 56 1 | 81 2 |
--------------------------------------------------
| 7 4 | 32 3 | 57 3 | 82 4 |
--------------------------------------------------
| 8 1 | 33 4 | 58 1 | 83 4 |
--------------------------------------------------
| 9 3 | 34 4 | 59 3 | 84 4 |
--------------------------------------------------
| 10 2 | 35 1 | 60 4 | 85 4 |
--------------------------------------------------
| 11 3 | 36 3 | 61 3 | 86 3 |
--------------------------------------------------
| 12 3 | 37 4 | 62 Z | 87 1 |
--------------------------------------------------
| 13 3 | 38 2 | 63 2 | 88 2 |
--------------------------------------------------
| 14 1 | 39 1 | 64 2 | 89 3 |
--------------------------------------------------
| 15 2 | 40 2 | 65 4 | 90 3 |
--------------------------------------------------
| 16 4 | 41 1 | 66 2 | |
--------------------------------------------------
| 17 1 | 42 3 | 67 3 | |
--------------------------------------------------
| 18 1 | 43 2 | 68 4 | |
--------------------------------------------------
| 19 4 | 44 1 | 69 1 | |
--------------------------------------------------
| 20 1 | 45 3 | 70 2 | |
--------------------------------------------------
| 21 4 | 46 2 | 71 4 | |
--------------------------------------------------
| 22 2 | 47 1 | 72 2 | |
--------------------------------------------------
| 23 2 | 48 1 | 73 3 | |
--------------------------------------------------
| 24 1 | 49 1 | 74 1 | |
--------------------------------------------------
| 25 3 | 50 1 | 75 1 | |
--------------------------------------------------
A=1,2/B=1,3/C=1,4/D=2,3/E=2,4/F=3,4/Z=ALL
CTET JAN-2024 KEY EXAM-21/01/2024 Date. 13/02/2024 Page No. 3
Set :- K PAPER-I MAIN
--------------------------------------------------
| QNO ANS | QNO ANS | QNO ANS | QNO ANS |
--------------------------------------------------
| 1 3 | 26 4 | 51 4 | 76 2 |
--------------------------------------------------
| 2 4 | 27 1 | 52 1 | 77 1 |
--------------------------------------------------
| 3 2 | 28 3 | 53 2 | 78 3 |
--------------------------------------------------
| 4 2 | 29 1 | 54 4 | 79 3 |
--------------------------------------------------
| 5 4 | 30 4 | 55 4 | 80 1 |
--------------------------------------------------
| 6 2 | 31 2 | 56 1 | 81 3 |
--------------------------------------------------
| 7 3 | 32 1 | 57 3 | 82 1 |
--------------------------------------------------
| 8 3 | 33 4 | 58 2 | 83 1 |
--------------------------------------------------
| 9 1 | 34 2 | 59 1 | 84 4 |
--------------------------------------------------
| 10 3 | 35 4 | 60 4 | 85 3 |
--------------------------------------------------
| 11 2 | 36 3 | 61 3 | 86 4 |
--------------------------------------------------
| 12 4 | 37 1 | 62 2 | 87 3 |
--------------------------------------------------
| 13 4 | 38 3 | 63 1 | 88 2 |
--------------------------------------------------
| 14 4 | 39 4 | 64 2 | 89 4 |
--------------------------------------------------
| 15 4 | 40 3 | 65 2 | 90 1 |
--------------------------------------------------
| 16 3 | 41 2 | 66 Z | |
--------------------------------------------------
| 17 1 | 42 4 | 67 2 | |
--------------------------------------------------
| 18 3 | 43 1 | 68 3 | |
--------------------------------------------------
| 19 2 | 44 2 | 69 3 | |
--------------------------------------------------
| 20 4 | 45 2 | 70 2 | |
--------------------------------------------------
| 21 3 | 46 4 | 71 2 | |
--------------------------------------------------
| 22 3 | 47 1 | 72 1 | |
--------------------------------------------------
| 23 1 | 48 2 | 73 2 | |
--------------------------------------------------
| 24 2 | 49 4 | 74 4 | |
--------------------------------------------------
| 25 1 | 50 4 | 75 4 | |
--------------------------------------------------
A=1,2/B=1,3/C=1,4/D=2,3/E=2,4/F=3,4/Z=ALL
CTET JAN-2024 KEY EXAM-21/01/2024 Date. 13/02/2024 Page No. 4
Set :- L PAPER-I MAIN
--------------------------------------------------
| QNO ANS | QNO ANS | QNO ANS | QNO ANS |
--------------------------------------------------
| 1 4 | 26 3 | 51 2 | 76 Z |
--------------------------------------------------
| 2 4 | 27 2 | 52 3 | 77 2 |
--------------------------------------------------
| 3 4 | 28 1 | 53 3 | 78 3 |
--------------------------------------------------
| 4 1 | 29 2 | 54 2 | 79 4 |
--------------------------------------------------
| 5 1 | 30 2 | 55 4 | 80 2 |
--------------------------------------------------
| 6 2 | 31 3 | 56 4 | 81 1 |
--------------------------------------------------
| 7 4 | 32 4 | 57 1 | 82 4 |
--------------------------------------------------
| 8 2 | 33 1 | 58 3 | 83 3 |
--------------------------------------------------
| 9 4 | 34 1 | 59 3 | 84 1 |
--------------------------------------------------
| 10 2 | 35 3 | 60 1 | 85 3 |
--------------------------------------------------
| 11 3 | 36 2 | 61 4 | 86 1 |
--------------------------------------------------
| 12 1 | 37 2 | 62 4 | 87 2 |
--------------------------------------------------
| 13 2 | 38 1 | 63 1 | 88 4 |
--------------------------------------------------
| 14 1 | 39 3 | 64 4 | 89 1 |
--------------------------------------------------
| 15 3 | 40 3 | 65 1 | 90 3 |
--------------------------------------------------
| 16 3 | 41 3 | 66 2 | |
--------------------------------------------------
| 17 4 | 42 4 | 67 2 | |
--------------------------------------------------
| 18 3 | 43 4 | 68 2 | |
--------------------------------------------------
| 19 3 | 44 3 | 69 1 | |
--------------------------------------------------
| 20 2 | 45 4 | 70 2 | |
--------------------------------------------------
| 21 3 | 46 1 | 71 4 | |
--------------------------------------------------
| 22 1 | 47 1 | 72 1 | |
--------------------------------------------------
| 23 3 | 48 1 | 73 1 | |
--------------------------------------------------
| 24 3 | 49 3 | 74 3 | |
--------------------------------------------------
| 25 2 | 50 4 | 75 2 | |
--------------------------------------------------
A=1,2/B=1,3/C=1,4/D=2,3/E=2,4/F=3,4/Z=ALL
CTET JAN-2024 KEY EXAM-21/01/2024 Date. 13/02/2024 Page No. 5
Set :- I PAPER-I 01-ENGLISH
--------------------------------------------------
| QNO ANS | QNO ANS | QNO ANS | QNO ANS |
--------------------------------------------------
| 91 3 | 116 3 | 141 2 | |
--------------------------------------------------
| 92 4 | 117 3 | 142 2 | |
--------------------------------------------------
| 93 3 | 118 4 | 143 1 | |
--------------------------------------------------
| 94 1 | 119 3 | 144 4 | |
--------------------------------------------------
| 95 2 | 120 3 | 145 2 | |
--------------------------------------------------
| 96 2 | 121 3 | 146 3 | |
--------------------------------------------------
| 97 2 | 122 2 | 147 4 | |
--------------------------------------------------
| 98 4 | 123 2 | 148 3 | |
--------------------------------------------------
| 99 4 | 124 2 | 149 1 | |
--------------------------------------------------
| 100 2 | 125 1 | 150 1 | |
--------------------------------------------------
| 101 2 | 126 3 | | |
--------------------------------------------------
| 102 4 | 127 2 | | |
--------------------------------------------------
| 103 1 | 128 4 | | |
--------------------------------------------------
| 104 2 | 129 3 | | |
--------------------------------------------------
| 105 2 | 130 3 | | |
--------------------------------------------------
| 106 E | 131 2 | | |
--------------------------------------------------
| 107 4 | 132 2 | | |
--------------------------------------------------
| 108 3 | 133 4 | | |
--------------------------------------------------
| 109 4 | 134 1 | | |
--------------------------------------------------
| 110 4 | 135 4 | | |
--------------------------------------------------
| 111 1 | 136 2 | | |
--------------------------------------------------
| 112 1 | 137 4 | | |
--------------------------------------------------
| 113 2 | 138 2 | | |
--------------------------------------------------
| 114 4 | 139 2 | | |
--------------------------------------------------
| 115 2 | 140 3 | | |
--------------------------------------------------
A=1,2/B=1,3/C=1,4/D=2,3/E=2,4/F=3,4/Z=ALL
CTET JAN-2024 KEY EXAM-21/01/2024 Date. 13/02/2024 Page No. 6
Set :- J PAPER-I 01-ENGLISH
--------------------------------------------------
| QNO ANS | QNO ANS | QNO ANS | QNO ANS |
--------------------------------------------------
| 91 4 | 116 3 | 141 1 | |
--------------------------------------------------
| 92 3 | 117 1 | 142 2 | |
--------------------------------------------------
| 93 1 | 118 2 | 143 1 | |
--------------------------------------------------
| 94 3 | 119 2 | 144 3 | |
--------------------------------------------------
| 95 1 | 120 2 | 145 3 | |
--------------------------------------------------
| 96 2 | 121 1 | 146 4 | |
--------------------------------------------------
| 97 3 | 122 1 | 147 1 | |
--------------------------------------------------
| 98 1 | 123 1 | 148 1 | |
--------------------------------------------------
| 99 2 | 124 4 | 149 4 | |
--------------------------------------------------
| 100 4 | 125 2 | 150 4 | |
--------------------------------------------------
| 101 1 | 126 2 | | |
--------------------------------------------------
| 102 1 | 127 1 | | |
--------------------------------------------------
| 103 1 | 128 3 | | |
--------------------------------------------------
| 104 3 | 129 3 | | |
--------------------------------------------------
| 105 1 | 130 3 | | |
--------------------------------------------------
| 106 B | 131 4 | | |
--------------------------------------------------
| 107 2 | 132 1 | | |
--------------------------------------------------
| 108 3 | 133 2 | | |
--------------------------------------------------
| 109 3 | 134 2 | | |
--------------------------------------------------
| 110 2 | 135 1 | | |
--------------------------------------------------
| 111 4 | 136 1 | | |
--------------------------------------------------
| 112 1 | 137 2 | | |
--------------------------------------------------
| 113 4 | 138 1 | | |
--------------------------------------------------
| 114 3 | 139 3 | | |
--------------------------------------------------
| 115 3 | 140 2 | | |
--------------------------------------------------
A=1,2/B=1,3/C=1,4/D=2,3/E=2,4/F=3,4/Z=ALL
CTET JAN-2024 KEY EXAM-21/01/2024 Date. 13/02/2024 Page No. 7
Set :- K PAPER-I 01-ENGLISH
--------------------------------------------------
| QNO ANS | QNO ANS | QNO ANS | QNO ANS |
--------------------------------------------------
| 91 1 | 116 2 | 141 2 | |
--------------------------------------------------
| 92 2 | 117 1 | 142 2 | |
--------------------------------------------------
| 93 4 | 118 4 | 143 3 | |
--------------------------------------------------
| 94 2 | 119 E | 144 4 | |
--------------------------------------------------
| 95 4 | 120 2 | 145 4 | |
--------------------------------------------------
| 96 1 | 121 4 | 146 4 | |
--------------------------------------------------
| 97 4 | 122 3 | 147 2 | |
--------------------------------------------------
| 98 2 | 123 1 | 148 1 | |
--------------------------------------------------
| 99 3 | 124 4 | 149 1 | |
--------------------------------------------------
| 100 4 | 125 4 | 150 1 | |
--------------------------------------------------
| 101 4 | 126 1 | | |
--------------------------------------------------
| 102 4 | 127 2 | | |
--------------------------------------------------
| 103 4 | 128 4 | | |
--------------------------------------------------
| 104 3 | 129 2 | | |
--------------------------------------------------
| 105 2 | 130 1 | | |
--------------------------------------------------
| 106 2 | 131 3 | | |
--------------------------------------------------
| 107 1 | 132 2 | | |
--------------------------------------------------
| 108 1 | 133 1 | | |
--------------------------------------------------
| 109 1 | 134 4 | | |
--------------------------------------------------
| 110 4 | 135 4 | | |
--------------------------------------------------
| 111 1 | 136 4 | | |
--------------------------------------------------
| 112 3 | 137 4 | | |
--------------------------------------------------
| 113 2 | 138 3 | | |
--------------------------------------------------
| 114 3 | 139 4 | | |
--------------------------------------------------
| 115 2 | 140 3 | | |
--------------------------------------------------
A=1,2/B=1,3/C=1,4/D=2,3/E=2,4/F=3,4/Z=ALL
CTET JAN-2024 KEY EXAM-21/01/2024 Date. 13/02/2024 Page No. 8
Set :- L PAPER-I 01-ENGLISH
--------------------------------------------------
| QNO ANS | QNO ANS | QNO ANS | QNO ANS |
--------------------------------------------------
| 91 1 | 116 4 | 141 4 | |
--------------------------------------------------
| 92 4 | 117 4 | 142 3 | |
--------------------------------------------------
| 93 1 | 118 1 | 143 2 | |
--------------------------------------------------
| 94 3 | 119 2 | 144 3 | |
--------------------------------------------------
| 95 4 | 120 1 | 145 1 | |
--------------------------------------------------
| 96 1 | 121 3 | 146 3 | |
--------------------------------------------------
| 97 2 | 122 3 | 147 2 | |
--------------------------------------------------
| 98 3 | 123 1 | 148 1 | |
--------------------------------------------------
| 99 3 | 124 2 | 149 1 | |
--------------------------------------------------
| 100 1 | 125 3 | 150 4 | |
--------------------------------------------------
| 101 3 | 126 3 | | |
--------------------------------------------------
| 102 3 | 127 4 | | |
--------------------------------------------------
| 103 3 | 128 4 | | |
--------------------------------------------------
| 104 2 | 129 1 | | |
--------------------------------------------------
| 105 3 | 130 4 | | |
--------------------------------------------------
| 106 1 | 131 3 | | |
--------------------------------------------------
| 107 B | 132 4 | | |
--------------------------------------------------
| 108 2 | 133 1 | | |
--------------------------------------------------
| 109 1 | 134 3 | | |
--------------------------------------------------
| 110 1 | 135 2 | | |
--------------------------------------------------
| 111 3 | 136 2 | | |
--------------------------------------------------
| 112 4 | 137 4 | | |
--------------------------------------------------
| 113 4 | 138 3 | | |
--------------------------------------------------
| 114 4 | 139 3 | | |
--------------------------------------------------
| 115 3 | 140 3 | | |
--------------------------------------------------
A=1,2/B=1,3/C=1,4/D=2,3/E=2,4/F=3,4/Z=ALL
CTET JAN-2024 KEY EXAM-21/01/2024 Date. 13/02/2024 Page No. 9
Set :- I PAPER-I 02-HINDI
--------------------------------------------------
| QNO ANS | QNO ANS | QNO ANS | QNO ANS |
--------------------------------------------------
| 91 4 | 116 3 | 141 2 | |
--------------------------------------------------
| 92 3 | 117 3 | 142 2 | |
--------------------------------------------------
| 93 2 | 118 4 | 143 1 | |
--------------------------------------------------
| 94 3 | 119 3 | 144 4 | |
--------------------------------------------------
| 95 3 | 120 3 | 145 2 | |
--------------------------------------------------
| 96 4 | 121 2 | 146 3 | |
--------------------------------------------------
| 97 2 | 122 3 | 147 4 | |
--------------------------------------------------
| 98 3 | 123 3 | 148 3 | |
--------------------------------------------------
| 99 1 | 124 3 | 149 1 | |
--------------------------------------------------
| 100 1 | 125 3 | 150 1 | |
--------------------------------------------------
| 101 3 | 126 2 | | |
--------------------------------------------------
| 102 4 | 127 2 | | |
--------------------------------------------------
| 103 4 | 128 3 | | |
--------------------------------------------------
| 104 2 | 129 3 | | |
--------------------------------------------------
| 105 3 | 130 2 | | |
--------------------------------------------------
| 106 E | 131 1 | | |
--------------------------------------------------
| 107 4 | 132 4 | | |
--------------------------------------------------
| 108 3 | 133 3 | | |
--------------------------------------------------
| 109 4 | 134 1 | | |
--------------------------------------------------
| 110 4 | 135 2 | | |
--------------------------------------------------
| 111 1 | 136 2 | | |
--------------------------------------------------
| 112 1 | 137 4 | | |
--------------------------------------------------
| 113 2 | 138 2 | | |
--------------------------------------------------
| 114 4 | 139 2 | | |
--------------------------------------------------
| 115 2 | 140 3 | | |
--------------------------------------------------
A=1,2/B=1,3/C=1,4/D=2,3/E=2,4/F=3,4/Z=ALL
CTET JAN-2024 KEY EXAM-21/01/2024 Date. 13/02/2024 Page No. 10
Set :- J PAPER-I 02-HINDI
--------------------------------------------------
| QNO ANS | QNO ANS | QNO ANS | QNO ANS |
--------------------------------------------------
| 91 2 | 116 3 | 141 1 | |
--------------------------------------------------
| 92 4 | 117 1 | 142 2 | |
--------------------------------------------------
| 93 1 | 118 2 | 143 1 | |
--------------------------------------------------
| 94 2 | 119 2 | 144 3 | |
--------------------------------------------------
| 95 3 | 120 2 | 145 3 | |
--------------------------------------------------
| 96 3 | 121 2 | 146 4 | |
--------------------------------------------------
| 97 2 | 122 2 | 147 1 | |
--------------------------------------------------
| 98 2 | 123 1 | 148 1 | |
--------------------------------------------------
| 99 1 | 124 2 | 149 4 | |
--------------------------------------------------
| 100 3 | 125 1 | 150 4 | |
--------------------------------------------------
| 101 2 | 126 1 | | |
--------------------------------------------------
| 102 1 | 127 2 | | |
--------------------------------------------------
| 103 2 | 128 2 | | |
--------------------------------------------------
| 104 3 | 129 1 | | |
--------------------------------------------------
| 105 4 | 130 2 | | |
--------------------------------------------------
| 106 B | 131 4 | | |
--------------------------------------------------
| 107 2 | 132 4 | | |
--------------------------------------------------
| 108 3 | 133 2 | | |
--------------------------------------------------
| 109 3 | 134 1 | | |
--------------------------------------------------
| 110 2 | 135 3 | | |
--------------------------------------------------
| 111 4 | 136 1 | | |
--------------------------------------------------
| 112 1 | 137 2 | | |
--------------------------------------------------
| 113 4 | 138 1 | | |
--------------------------------------------------
| 114 3 | 139 3 | | |
--------------------------------------------------
| 115 3 | 140 2 | | |
--------------------------------------------------
A=1,2/B=1,3/C=1,4/D=2,3/E=2,4/F=3,4/Z=ALL
CTET JAN-2024 KEY EXAM-21/01/2024 Date. 13/02/2024 Page No. 11
Set :- K PAPER-I 02-HINDI
--------------------------------------------------
| QNO ANS | QNO ANS | QNO ANS | QNO ANS |
--------------------------------------------------
| 91 2 | 116 2 | 141 2 | |
--------------------------------------------------
| 92 1 | 117 1 | 142 2 | |
--------------------------------------------------
| 93 4 | 118 4 | 143 3 | |
--------------------------------------------------
| 94 3 | 119 E | 144 4 | |
--------------------------------------------------
| 95 2 | 120 2 | 145 4 | |
--------------------------------------------------
| 96 4 | 121 4 | 146 4 | |
--------------------------------------------------
| 97 1 | 122 1 | 147 2 | |
--------------------------------------------------
| 98 1 | 123 4 | 148 1 | |
--------------------------------------------------
| 99 1 | 124 1 | 149 1 | |
--------------------------------------------------
| 100 1 | 125 1 | 150 1 | |
--------------------------------------------------
| 101 1 | 126 4 | | |
--------------------------------------------------
| 102 4 | 127 1 | | |
--------------------------------------------------
| 103 3 | 128 1 | | |
--------------------------------------------------
| 104 2 | 129 4 | | |
--------------------------------------------------
| 105 2 | 130 4 | | |
--------------------------------------------------
| 106 2 | 131 3 | | |
--------------------------------------------------
| 107 1 | 132 1 | | |
--------------------------------------------------
| 108 1 | 133 1 | | |
--------------------------------------------------
| 109 1 | 134 2 | | |
--------------------------------------------------
| 110 4 | 135 3 | | |
--------------------------------------------------
| 111 1 | 136 4 | | |
--------------------------------------------------
| 112 3 | 137 4 | | |
--------------------------------------------------
| 113 2 | 138 3 | | |
--------------------------------------------------
| 114 3 | 139 4 | | |
--------------------------------------------------
| 115 2 | 140 3 | | |
--------------------------------------------------
A=1,2/B=1,3/C=1,4/D=2,3/E=2,4/F=3,4/Z=ALL
CTET JAN-2024 KEY EXAM-21/01/2024 Date. 13/02/2024 Page No. 12
Set :- L PAPER-I 02-HINDI
--------------------------------------------------
| QNO ANS | QNO ANS | QNO ANS | QNO ANS |
--------------------------------------------------
| 91 2 | 116 4 | 141 4 | |
--------------------------------------------------
| 92 3 | 117 4 | 142 3 | |
--------------------------------------------------
| 93 4 | 118 1 | 143 2 | |
--------------------------------------------------
| 94 1 | 119 2 | 144 3 | |
--------------------------------------------------
| 95 1 | 120 1 | 145 1 | |
--------------------------------------------------
| 96 4 | 121 3 | 146 3 | |
--------------------------------------------------
| 97 4 | 122 4 | 147 2 | |
--------------------------------------------------
| 98 4 | 123 4 | 148 1 | |
--------------------------------------------------
| 99 3 | 124 4 | 149 1 | |
--------------------------------------------------
| 100 1 | 125 4 | 150 4 | |
--------------------------------------------------
| 101 2 | 126 4 | | |
--------------------------------------------------
| 102 4 | 127 3 | | |
--------------------------------------------------
| 103 4 | 128 3 | | |
--------------------------------------------------
| 104 1 | 129 4 | | |
--------------------------------------------------
| 105 3 | 130 4 | | |
--------------------------------------------------
| 106 1 | 131 1 | | |
--------------------------------------------------
| 107 B | 132 3 | | |
--------------------------------------------------
| 108 2 | 133 3 | | |
--------------------------------------------------
| 109 1 | 134 2 | | |
--------------------------------------------------
| 110 1 | 135 2 | | |
--------------------------------------------------
| 111 3 | 136 2 | | |
--------------------------------------------------
| 112 4 | 137 4 | | |
--------------------------------------------------
| 113 4 | 138 3 | | |
--------------------------------------------------
| 114 4 | 139 3 | | |
--------------------------------------------------
| 115 3 | 140 3 | | |
--------------------------------------------------
A=1,2/B=1,3/C=1,4/D=2,3/E=2,4/F=3,4/Z=ALL
CTET JAN-2024 KEY EXAM-21/01/2024 Date. 13/02/2024 Page No. 13
Set :- I PAPER-I 03-ASSAMESE
--------------------------------------------------
| QNO ANS | QNO ANS | QNO ANS | QNO ANS |
--------------------------------------------------
| 91 4 | 116 3 | 141 2 | |
--------------------------------------------------
| 92 2 | 117 3 | 142 2 | |
--------------------------------------------------
| 93 3 | 118 4 | 143 1 | |
--------------------------------------------------
| 94 3 | 119 3 | 144 4 | |
--------------------------------------------------
| 95 1 | 120 3 | 145 2 | |
--------------------------------------------------
| 96 1 | 121 3 | 146 3 | |
--------------------------------------------------
| 97 3 | 122 4 | 147 4 | |
--------------------------------------------------
| 98 2 | 123 3 | 148 3 | |
--------------------------------------------------
| 99 2 | 124 2 | 149 1 | |
--------------------------------------------------
| 100 2 | 125 3 | 150 1 | |
--------------------------------------------------
| 101 2 | 126 1 | | |
--------------------------------------------------
| 102 1 | 127 1 | | |
--------------------------------------------------
| 103 1 | 128 4 | | |
--------------------------------------------------
| 104 3 | 129 1 | | |
--------------------------------------------------
| 105 4 | 130 2 | | |
--------------------------------------------------
| 106 E | 131 1 | | |
--------------------------------------------------
| 107 4 | 132 4 | | |
--------------------------------------------------
| 108 3 | 133 3 | | |
--------------------------------------------------
| 109 4 | 134 3 | | |
--------------------------------------------------
| 110 4 | 135 3 | | |
--------------------------------------------------
| 111 1 | 136 2 | | |
--------------------------------------------------
| 112 1 | 137 4 | | |
--------------------------------------------------
| 113 2 | 138 2 | | |
--------------------------------------------------
| 114 4 | 139 2 | | |
--------------------------------------------------
| 115 2 | 140 3 | | |
--------------------------------------------------
A=1,2/B=1,3/C=1,4/D=2,3/E=2,4/F=3,4/Z=ALL
CTET JAN-2024 KEY EXAM-21/01/2024 Date. 13/02/2024 Page No. 14
Set :- J PAPER-I 03-ASSAMESE
--------------------------------------------------
| QNO ANS | QNO ANS | QNO ANS | QNO ANS |
--------------------------------------------------
| 91 2 | 116 3 | 141 1 | |
--------------------------------------------------
| 92 1 | 117 1 | 142 2 | |
--------------------------------------------------
| 93 2 | 118 2 | 143 1 | |
--------------------------------------------------
| 94 1 | 119 2 | 144 3 | |
--------------------------------------------------
| 95 4 | 120 2 | 145 3 | |
--------------------------------------------------
| 96 3 | 121 1 | 146 4 | |
--------------------------------------------------
| 97 1 | 122 3 | 147 1 | |
--------------------------------------------------
| 98 4 | 123 4 | 148 1 | |
--------------------------------------------------
| 99 2 | 124 2 | 149 4 | |
--------------------------------------------------
| 100 4 | 125 4 | 150 4 | |
--------------------------------------------------
| 101 1 | 126 2 | | |
--------------------------------------------------
| 102 2 | 127 2 | | |
--------------------------------------------------
| 103 3 | 128 3 | | |
--------------------------------------------------
| 104 4 | 129 2 | | |
--------------------------------------------------
| 105 1 | 130 2 | | |
--------------------------------------------------
| 106 B | 131 2 | | |
--------------------------------------------------
| 107 2 | 132 4 | | |
--------------------------------------------------
| 108 3 | 133 4 | | |
--------------------------------------------------
| 109 3 | 134 1 | | |
--------------------------------------------------
| 110 2 | 135 3 | | |
--------------------------------------------------
| 111 4 | 136 1 | | |
--------------------------------------------------
| 112 1 | 137 2 | | |
--------------------------------------------------
| 113 4 | 138 1 | | |
--------------------------------------------------
| 114 3 | 139 3 | | |
--------------------------------------------------
| 115 3 | 140 2 | | |
--------------------------------------------------
A=1,2/B=1,3/C=1,4/D=2,3/E=2,4/F=3,4/Z=ALL
CTET JAN-2024 KEY EXAM-21/01/2024 Date. 13/02/2024 Page No. 15
Set :- K PAPER-I 03-ASSAMESE
--------------------------------------------------
| QNO ANS | QNO ANS | QNO ANS | QNO ANS |
--------------------------------------------------
| 91 2 | 116 2 | 141 2 | |
--------------------------------------------------
| 92 4 | 117 1 | 142 2 | |
--------------------------------------------------
| 93 1 | 118 4 | 143 3 | |
--------------------------------------------------
| 94 4 | 119 E | 144 4 | |
--------------------------------------------------
| 95 3 | 120 2 | 145 4 | |
--------------------------------------------------
| 96 1 | 121 3 | 146 4 | |
--------------------------------------------------
| 97 3 | 122 1 | 147 2 | |
--------------------------------------------------
| 98 4 | 123 1 | 148 1 | |
--------------------------------------------------
| 99 1 | 124 2 | 149 1 | |
--------------------------------------------------
| 100 2 | 125 1 | 150 1 | |
--------------------------------------------------
| 101 4 | 126 3 | | |
--------------------------------------------------
| 102 1 | 127 2 | | |
--------------------------------------------------
| 103 4 | 128 4 | | |
--------------------------------------------------
| 104 3 | 129 1 | | |
--------------------------------------------------
| 105 3 | 130 4 | | |
--------------------------------------------------
| 106 2 | 131 1 | | |
--------------------------------------------------
| 107 1 | 132 1 | | |
--------------------------------------------------
| 108 1 | 133 3 | | |
--------------------------------------------------
| 109 1 | 134 2 | | |
--------------------------------------------------
| 110 4 | 135 3 | | |
--------------------------------------------------
| 111 1 | 136 4 | | |
--------------------------------------------------
| 112 3 | 137 4 | | |
--------------------------------------------------
| 113 2 | 138 3 | | |
--------------------------------------------------
| 114 3 | 139 4 | | |
--------------------------------------------------
| 115 2 | 140 3 | | |
--------------------------------------------------
A=1,2/B=1,3/C=1,4/D=2,3/E=2,4/F=3,4/Z=ALL
CTET JAN-2024 KEY EXAM-21/01/2024 Date. 13/02/2024 Page No. 16
Set :- L PAPER-I 03-ASSAMESE
--------------------------------------------------
| QNO ANS | QNO ANS | QNO ANS | QNO ANS |
--------------------------------------------------
| 91 3 | 116 4 | 141 4 | |
--------------------------------------------------
| 92 4 | 117 4 | 142 3 | |
--------------------------------------------------
| 93 3 | 118 1 | 143 2 | |
--------------------------------------------------
| 94 2 | 119 2 | 144 3 | |
--------------------------------------------------
| 95 1 | 120 1 | 145 1 | |
--------------------------------------------------
| 96 3 | 121 2 | 146 3 | |
--------------------------------------------------
| 97 4 | 122 3 | 147 2 | |
--------------------------------------------------
| 98 2 | 123 1 | 148 1 | |
--------------------------------------------------
| 99 4 | 124 4 | 149 1 | |
--------------------------------------------------
| 100 2 | 125 1 | 150 4 | |
--------------------------------------------------
| 101 3 | 126 4 | | |
--------------------------------------------------
| 102 1 | 127 4 | | |
--------------------------------------------------
| 103 3 | 128 2 | | |
--------------------------------------------------
| 104 2 | 129 4 | | |
--------------------------------------------------
| 105 4 | 130 2 | | |
--------------------------------------------------
| 106 1 | 131 1 | | |
--------------------------------------------------
| 107 B | 132 3 | | |
--------------------------------------------------
| 108 2 | 133 4 | | |
--------------------------------------------------
| 109 1 | 134 2 | | |
--------------------------------------------------
| 110 1 | 135 4 | | |
--------------------------------------------------
| 111 3 | 136 2 | | |
--------------------------------------------------
| 112 4 | 137 4 | | |
--------------------------------------------------
| 113 4 | 138 3 | | |
--------------------------------------------------
| 114 4 | 139 3 | | |
--------------------------------------------------
| 115 3 | 140 3 | | |
--------------------------------------------------
A=1,2/B=1,3/C=1,4/D=2,3/E=2,4/F=3,4/Z=ALL
CTET JAN-2024 KEY EXAM-21/01/2024 Date. 13/02/2024 Page No. 17
Set :- I PAPER-I 04-BENGALI
--------------------------------------------------
| QNO ANS | QNO ANS | QNO ANS | QNO ANS |
--------------------------------------------------
| 91 2 | 116 3 | 141 2 | |
--------------------------------------------------
| 92 4 | 117 3 | 142 2 | |
--------------------------------------------------
| 93 3 | 118 4 | 143 1 | |
--------------------------------------------------
| 94 2 | 119 3 | 144 4 | |
--------------------------------------------------
| 95 1 | 120 3 | 145 2 | |
--------------------------------------------------
| 96 3 | 121 3 | 146 3 | |
--------------------------------------------------
| 97 1 | 122 1 | 147 4 | |
--------------------------------------------------
| 98 4 | 123 2 | 148 3 | |
--------------------------------------------------
| 99 4 | 124 1 | 149 1 | |
--------------------------------------------------
| 100 1 | 125 3 | 150 1 | |
--------------------------------------------------
| 101 1 | 126 2 | | |
--------------------------------------------------
| 102 4 | 127 2 | | |
--------------------------------------------------
| 103 2 | 128 4 | | |
--------------------------------------------------
| 104 4 | 129 4 | | |
--------------------------------------------------
| 105 3 | 130 2 | | |
--------------------------------------------------
| 106 E | 131 1 | | |
--------------------------------------------------
| 107 4 | 132 3 | | |
--------------------------------------------------
| 108 3 | 133 4 | | |
--------------------------------------------------
| 109 4 | 134 1 | | |
--------------------------------------------------
| 110 4 | 135 3 | | |
--------------------------------------------------
| 111 1 | 136 2 | | |
--------------------------------------------------
| 112 1 | 137 4 | | |
--------------------------------------------------
| 113 2 | 138 2 | | |
--------------------------------------------------
| 114 4 | 139 2 | | |
--------------------------------------------------
| 115 2 | 140 3 | | |
--------------------------------------------------
A=1,2/B=1,3/C=1,4/D=2,3/E=2,4/F=3,4/Z=ALL
CTET JAN-2024 KEY EXAM-21/01/2024 Date. 13/02/2024 Page No. 18
Set :- J PAPER-I 04-BENGALI
--------------------------------------------------
| QNO ANS | QNO ANS | QNO ANS | QNO ANS |
--------------------------------------------------
| 91 1 | 116 3 | 141 1 | |
--------------------------------------------------
| 92 3 | 117 1 | 142 2 | |
--------------------------------------------------
| 93 4 | 118 2 | 143 1 | |
--------------------------------------------------
| 94 3 | 119 2 | 144 3 | |
--------------------------------------------------
| 95 2 | 120 2 | 145 3 | |
--------------------------------------------------
| 96 1 | 121 4 | 146 4 | |
--------------------------------------------------
| 97 3 | 122 4 | 147 1 | |
--------------------------------------------------
| 98 4 | 123 1 | 148 1 | |
--------------------------------------------------
| 99 2 | 124 2 | 149 4 | |
--------------------------------------------------
| 100 1 | 125 1 | 150 4 | |
--------------------------------------------------
| 101 4 | 126 2 | | |
--------------------------------------------------
| 102 3 | 127 1 | | |
--------------------------------------------------
| 103 2 | 128 3 | | |
--------------------------------------------------
| 104 3 | 129 2 | | |
--------------------------------------------------
| 105 4 | 130 3 | | |
--------------------------------------------------
| 106 B | 131 4 | | |
--------------------------------------------------
| 107 2 | 132 4 | | |
--------------------------------------------------
| 108 3 | 133 3 | | |
--------------------------------------------------
| 109 3 | 134 1 | | |
--------------------------------------------------
| 110 2 | 135 2 | | |
--------------------------------------------------
| 111 4 | 136 1 | | |
--------------------------------------------------
| 112 1 | 137 2 | | |
--------------------------------------------------
| 113 4 | 138 1 | | |
--------------------------------------------------
| 114 3 | 139 3 | | |
--------------------------------------------------
| 115 3 | 140 2 | | |
--------------------------------------------------
A=1,2/B=1,3/C=1,4/D=2,3/E=2,4/F=3,4/Z=ALL
CTET JAN-2024 KEY EXAM-21/01/2024 Date. 13/02/2024 Page No. 19
Set :- K PAPER-I 04-BENGALI
--------------------------------------------------
| QNO ANS | QNO ANS | QNO ANS | QNO ANS |
--------------------------------------------------
| 91 4 | 116 2 | 141 2 | |
--------------------------------------------------
| 92 2 | 117 1 | 142 2 | |
--------------------------------------------------
| 93 3 | 118 4 | 143 3 | |
--------------------------------------------------
| 94 2 | 119 E | 144 4 | |
--------------------------------------------------
| 95 1 | 120 2 | 145 4 | |
--------------------------------------------------
| 96 1 | 121 4 | 146 4 | |
--------------------------------------------------
| 97 3 | 122 1 | 147 2 | |
--------------------------------------------------
| 98 2 | 123 1 | 148 1 | |
--------------------------------------------------
| 99 4 | 124 3 | 149 1 | |
--------------------------------------------------
| 100 1 | 125 4 | 150 1 | |
--------------------------------------------------
| 101 3 | 126 4 | | |
--------------------------------------------------
| 102 2 | 127 2 | | |
--------------------------------------------------
| 103 3 | 128 3 | | |
--------------------------------------------------
| 104 4 | 129 1 | | |
--------------------------------------------------
| 105 2 | 130 4 | | |
--------------------------------------------------
| 106 2 | 131 3 | | |
--------------------------------------------------
| 107 1 | 132 2 | | |
--------------------------------------------------
| 108 1 | 133 2 | | |
--------------------------------------------------
| 109 1 | 134 1 | | |
--------------------------------------------------
| 110 4 | 135 3 | | |
--------------------------------------------------
| 111 1 | 136 4 | | |
--------------------------------------------------
| 112 3 | 137 4 | | |
--------------------------------------------------
| 113 2 | 138 3 | | |
--------------------------------------------------
| 114 3 | 139 4 | | |
--------------------------------------------------
| 115 2 | 140 3 | | |
--------------------------------------------------
A=1,2/B=1,3/C=1,4/D=2,3/E=2,4/F=3,4/Z=ALL
CTET JAN-2024 KEY EXAM-21/01/2024 Date. 13/02/2024 Page No. 20
Set :- L PAPER-I 04-BENGALI
--------------------------------------------------
| QNO ANS | QNO ANS | QNO ANS | QNO ANS |
--------------------------------------------------
| 91 1 | 116 4 | 141 4 | |
--------------------------------------------------
| 92 4 | 117 4 | 142 3 | |
--------------------------------------------------
| 93 1 | 118 1 | 143 2 | |
--------------------------------------------------
| 94 4 | 119 2 | 144 3 | |
--------------------------------------------------
| 95 3 | 120 1 | 145 1 | |
--------------------------------------------------
| 96 1 | 121 3 | 146 3 | |
--------------------------------------------------
| 97 3 | 122 2 | 147 2 | |
--------------------------------------------------
| 98 2 | 123 1 | 148 1 | |
--------------------------------------------------
| 99 2 | 124 4 | 149 1 | |
--------------------------------------------------
| 100 1 | 125 2 | 150 4 | |
--------------------------------------------------
| 101 2 | 126 3 | | |
--------------------------------------------------
| 102 4 | 127 4 | | |
--------------------------------------------------
| 103 2 | 128 3 | | |
--------------------------------------------------
| 104 3 | 129 1 | | |
--------------------------------------------------
| 105 1 | 130 1 | | |
--------------------------------------------------
| 106 1 | 131 4 | | |
--------------------------------------------------
| 107 B | 132 3 | | |
--------------------------------------------------
| 108 2 | 133 4 | | |
--------------------------------------------------
| 109 1 | 134 2 | | |
--------------------------------------------------
| 110 1 | 135 2 | | |
--------------------------------------------------
| 111 3 | 136 2 | | |
--------------------------------------------------
| 112 4 | 137 4 | | |
--------------------------------------------------
| 113 4 | 138 3 | | |
--------------------------------------------------
| 114 4 | 139 3 | | |
--------------------------------------------------
| 115 3 | 140 3 | | |
--------------------------------------------------
A=1,2/B=1,3/C=1,4/D=2,3/E=2,4/F=3,4/Z=ALL
CTET JAN-2024 KEY EXAM-21/01/2024 Date. 13/02/2024 Page No. 21
Set :- I PAPER-I 05-GARO
--------------------------------------------------
| QNO ANS | QNO ANS | QNO ANS | QNO ANS |
--------------------------------------------------
| 91 2 | 116 3 | 141 2 | |
--------------------------------------------------
| 92 1 | 117 3 | 142 2 | |
--------------------------------------------------
| 93 2 | 118 4 | 143 1 | |
--------------------------------------------------
| 94 4 | 119 3 | 144 4 | |
--------------------------------------------------
| 95 2 | 120 3 | 145 2 | |
--------------------------------------------------
| 96 3 | 121 3 | 146 3 | |
--------------------------------------------------
| 97 2 | 122 2 | 147 4 | |
--------------------------------------------------
| 98 2 | 123 4 | 148 3 | |
--------------------------------------------------
| 99 4 | 124 3 | 149 1 | |
--------------------------------------------------
| 100 2 | 125 3 | 150 1 | |
--------------------------------------------------
| 101 2 | 126 4 | | |
--------------------------------------------------
| 102 1 | 127 2 | | |
--------------------------------------------------
| 103 2 | 128 1 | | |
--------------------------------------------------
| 104 3 | 129 4 | | |
--------------------------------------------------
| 105 3 | 130 1 | | |
--------------------------------------------------
| 106 E | 131 3 | | |
--------------------------------------------------
| 107 4 | 132 3 | | |
--------------------------------------------------
| 108 3 | 133 1 | | |
--------------------------------------------------
| 109 4 | 134 1 | | |
--------------------------------------------------
| 110 4 | 135 2 | | |
--------------------------------------------------
| 111 1 | 136 2 | | |
--------------------------------------------------
| 112 1 | 137 4 | | |
--------------------------------------------------
| 113 2 | 138 2 | | |
--------------------------------------------------
| 114 4 | 139 2 | | |
--------------------------------------------------
| 115 2 | 140 3 | | |
--------------------------------------------------
A=1,2/B=1,3/C=1,4/D=2,3/E=2,4/F=3,4/Z=ALL
CTET JAN-2024 KEY EXAM-21/01/2024 Date. 13/02/2024 Page No. 22
Set :- J PAPER-I 05-GARO
--------------------------------------------------
| QNO ANS | QNO ANS | QNO ANS | QNO ANS |
--------------------------------------------------
| 91 3 | 116 3 | 141 1 | |
--------------------------------------------------
| 92 3 | 117 1 | 142 2 | |
--------------------------------------------------
| 93 1 | 118 2 | 143 1 | |
--------------------------------------------------
| 94 4 | 119 2 | 144 3 | |
--------------------------------------------------
| 95 2 | 120 2 | 145 3 | |
--------------------------------------------------
| 96 1 | 121 2 | 146 4 | |
--------------------------------------------------
| 97 1 | 122 1 | 147 1 | |
--------------------------------------------------
| 98 1 | 123 1 | 148 1 | |
--------------------------------------------------
| 99 1 | 124 2 | 149 4 | |
--------------------------------------------------
| 100 1 | 125 3 | 150 4 | |
--------------------------------------------------
| 101 1 | 126 2 | | |
--------------------------------------------------
| 102 2 | 127 3 | | |
--------------------------------------------------
| 103 2 | 128 4 | | |
--------------------------------------------------
| 104 4 | 129 1 | | |
--------------------------------------------------
| 105 1 | 130 4 | | |
--------------------------------------------------
| 106 B | 131 4 | | |
--------------------------------------------------
| 107 2 | 132 2 | | |
--------------------------------------------------
| 108 3 | 133 3 | | |
--------------------------------------------------
| 109 3 | 134 4 | | |
--------------------------------------------------
| 110 2 | 135 2 | | |
--------------------------------------------------
| 111 4 | 136 1 | | |
--------------------------------------------------
| 112 1 | 137 2 | | |
--------------------------------------------------
| 113 4 | 138 1 | | |
--------------------------------------------------
| 114 3 | 139 3 | | |
--------------------------------------------------
| 115 3 | 140 2 | | |
--------------------------------------------------
A=1,2/B=1,3/C=1,4/D=2,3/E=2,4/F=3,4/Z=ALL
CTET JAN-2024 KEY EXAM-21/01/2024 Date. 13/02/2024 Page No. 23
Set :- K PAPER-I 05-GARO
--------------------------------------------------
| QNO ANS | QNO ANS | QNO ANS | QNO ANS |
--------------------------------------------------
| 91 4 | 116 2 | 141 2 | |
--------------------------------------------------
| 92 4 | 117 1 | 142 2 | |
--------------------------------------------------
| 93 4 | 118 4 | 143 3 | |
--------------------------------------------------
| 94 2 | 119 E | 144 4 | |
--------------------------------------------------
| 95 1 | 120 2 | 145 4 | |
--------------------------------------------------
| 96 4 | 121 4 | 146 4 | |
--------------------------------------------------
| 97 4 | 122 1 | 147 2 | |
--------------------------------------------------
| 98 3 | 123 1 | 148 1 | |
--------------------------------------------------
| 99 2 | 124 4 | 149 1 | |
--------------------------------------------------
| 100 1 | 125 2 | 150 1 | |
--------------------------------------------------
| 101 4 | 126 2 | | |
--------------------------------------------------
| 102 1 | 127 3 | | |
--------------------------------------------------
| 103 4 | 128 1 | | |
--------------------------------------------------
| 104 4 | 129 4 | | |
--------------------------------------------------
| 105 3 | 130 3 | | |
--------------------------------------------------
| 106 2 | 131 3 | | |
--------------------------------------------------
| 107 1 | 132 3 | | |
--------------------------------------------------
| 108 1 | 133 2 | | |
--------------------------------------------------
| 109 1 | 134 1 | | |
--------------------------------------------------
| 110 4 | 135 1 | | |
--------------------------------------------------
| 111 1 | 136 4 | | |
--------------------------------------------------
| 112 3 | 137 4 | | |
--------------------------------------------------
| 113 2 | 138 3 | | |
--------------------------------------------------
| 114 3 | 139 4 | | |
--------------------------------------------------
| 115 2 | 140 3 | | |
--------------------------------------------------
A=1,2/B=1,3/C=1,4/D=2,3/E=2,4/F=3,4/Z=ALL
CTET JAN-2024 KEY EXAM-21/01/2024 Date. 13/02/2024 Page No. 24
Set :- L PAPER-I 05-GARO
--------------------------------------------------
| QNO ANS | QNO ANS | QNO ANS | QNO ANS |
--------------------------------------------------
| 91 1 | 116 4 | 141 4 | |
--------------------------------------------------
| 92 3 | 117 4 | 142 3 | |
--------------------------------------------------
| 93 3 | 118 1 | 143 2 | |
--------------------------------------------------
| 94 4 | 119 2 | 144 3 | |
--------------------------------------------------
| 95 3 | 120 1 | 145 1 | |
--------------------------------------------------
| 96 2 | 121 3 | 146 3 | |
--------------------------------------------------
| 97 1 | 122 4 | 147 2 | |
--------------------------------------------------
| 98 3 | 123 2 | 148 1 | |
--------------------------------------------------
| 99 3 | 124 4 | 149 1 | |
--------------------------------------------------
| 100 2 | 125 3 | 150 4 | |
--------------------------------------------------
| 101 3 | 126 1 | | |
--------------------------------------------------
| 102 4 | 127 4 | | |
--------------------------------------------------
| 103 3 | 128 1 | | |
--------------------------------------------------
| 104 3 | 129 2 | | |
--------------------------------------------------
| 105 4 | 130 1 | | |
--------------------------------------------------
| 106 1 | 131 4 | | |
--------------------------------------------------
| 107 B | 132 2 | | |
--------------------------------------------------
| 108 2 | 133 3 | | |
--------------------------------------------------
| 109 1 | 134 4 | | |
--------------------------------------------------
| 110 1 | 135 2 | | |
--------------------------------------------------
| 111 3 | 136 2 | | |
--------------------------------------------------
| 112 4 | 137 4 | | |
--------------------------------------------------
| 113 4 | 138 3 | | |
--------------------------------------------------
| 114 4 | 139 3 | | |
--------------------------------------------------
| 115 3 | 140 3 | | |
--------------------------------------------------
A=1,2/B=1,3/C=1,4/D=2,3/E=2,4/F=3,4/Z=ALL
CTET JAN-2024 KEY EXAM-21/01/2024 Date. 13/02/2024 Page No. 25
Set :- I PAPER-I 06-GUJARATI
--------------------------------------------------
| QNO ANS | QNO ANS | QNO ANS | QNO ANS |
--------------------------------------------------
| 91 2 | 116 3 | 141 2 | |
--------------------------------------------------
| 92 1 | 117 3 | 142 2 | |
--------------------------------------------------
| 93 1 | 118 4 | 143 1 | |
--------------------------------------------------
| 94 4 | 119 3 | 144 4 | |
--------------------------------------------------
| 95 3 | 120 3 | 145 2 | |
--------------------------------------------------
| 96 2 | 121 4 | 146 3 | |
--------------------------------------------------
| 97 2 | 122 2 | 147 4 | |
--------------------------------------------------
| 98 4 | 123 1 | 148 3 | |
--------------------------------------------------
| 99 2 | 124 4 | 149 1 | |
--------------------------------------------------
| 100 4 | 125 3 | 150 1 | |
--------------------------------------------------
| 101 3 | 126 4 | | |
--------------------------------------------------
| 102 4 | 127 4 | | |
--------------------------------------------------
| 103 3 | 128 2 | | |
--------------------------------------------------
| 104 3 | 129 3 | | |
--------------------------------------------------
| 105 1 | 130 1 | | |
--------------------------------------------------
| 106 E | 131 3 | | |
--------------------------------------------------
| 107 4 | 132 2 | | |
--------------------------------------------------
| 108 3 | 133 3 | | |
--------------------------------------------------
| 109 4 | 134 4 | | |
--------------------------------------------------
| 110 4 | 135 1 | | |
--------------------------------------------------
| 111 1 | 136 2 | | |
--------------------------------------------------
| 112 1 | 137 4 | | |
--------------------------------------------------
| 113 2 | 138 2 | | |
--------------------------------------------------
| 114 4 | 139 2 | | |
--------------------------------------------------
| 115 2 | 140 3 | | |
--------------------------------------------------
A=1,2/B=1,3/C=1,4/D=2,3/E=2,4/F=3,4/Z=ALL
CTET JAN-2024 KEY EXAM-21/01/2024 Date. 13/02/2024 Page No. 26
Set :- J PAPER-I 06-GUJARATI
--------------------------------------------------
| QNO ANS | QNO ANS | QNO ANS | QNO ANS |
--------------------------------------------------
| 91 3 | 116 3 | 141 1 | |
--------------------------------------------------
| 92 1 | 117 1 | 142 2 | |
--------------------------------------------------
| 93 1 | 118 2 | 143 1 | |
--------------------------------------------------
| 94 4 | 119 2 | 144 3 | |
--------------------------------------------------
| 95 1 | 120 2 | 145 3 | |
--------------------------------------------------
| 96 1 | 121 3 | 146 4 | |
--------------------------------------------------
| 97 3 | 122 1 | 147 1 | |
--------------------------------------------------
| 98 2 | 123 3 | 148 1 | |
--------------------------------------------------
| 99 4 | 124 2 | 149 4 | |
--------------------------------------------------
| 100 2 | 125 3 | 150 4 | |
--------------------------------------------------
| 101 2 | 126 3 | | |
--------------------------------------------------
| 102 2 | 127 4 | | |
--------------------------------------------------
| 103 4 | 128 1 | | |
--------------------------------------------------
| 104 3 | 129 4 | | |
--------------------------------------------------
| 105 3 | 130 2 | | |
--------------------------------------------------
| 106 B | 131 3 | | |
--------------------------------------------------
| 107 2 | 132 2 | | |
--------------------------------------------------
| 108 3 | 133 2 | | |
--------------------------------------------------
| 109 3 | 134 4 | | |
--------------------------------------------------
| 110 2 | 135 1 | | |
--------------------------------------------------
| 111 4 | 136 1 | | |
--------------------------------------------------
| 112 1 | 137 2 | | |
--------------------------------------------------
| 113 4 | 138 1 | | |
--------------------------------------------------
| 114 3 | 139 3 | | |
--------------------------------------------------
| 115 3 | 140 2 | | |
--------------------------------------------------
A=1,2/B=1,3/C=1,4/D=2,3/E=2,4/F=3,4/Z=ALL
CTET JAN-2024 KEY EXAM-21/01/2024 Date. 13/02/2024 Page No. 27
Set :- K PAPER-I 06-GUJARATI
--------------------------------------------------
| QNO ANS | QNO ANS | QNO ANS | QNO ANS |
--------------------------------------------------
| 91 4 | 116 2 | 141 2 | |
--------------------------------------------------
| 92 2 | 117 1 | 142 2 | |
--------------------------------------------------
| 93 4 | 118 4 | 143 3 | |
--------------------------------------------------
| 94 4 | 119 E | 144 4 | |
--------------------------------------------------
| 95 4 | 120 2 | 145 4 | |
--------------------------------------------------
| 96 3 | 121 2 | 146 4 | |
--------------------------------------------------
| 97 1 | 122 1 | 147 2 | |
--------------------------------------------------
| 98 3 | 123 2 | 148 1 | |
--------------------------------------------------
| 99 2 | 124 4 | 149 1 | |
--------------------------------------------------
| 100 3 | 125 3 | 150 1 | |
--------------------------------------------------
| 101 1 | 126 2 | | |
--------------------------------------------------
| 102 1 | 127 4 | | |
--------------------------------------------------
| 103 2 | 128 2 | | |
--------------------------------------------------
| 104 1 | 129 3 | | |
--------------------------------------------------
| 105 2 | 130 3 | | |
--------------------------------------------------
| 106 2 | 131 2 | | |
--------------------------------------------------
| 107 1 | 132 1 | | |
--------------------------------------------------
| 108 1 | 133 1 | | |
--------------------------------------------------
| 109 1 | 134 4 | | |
--------------------------------------------------
| 110 4 | 135 1 | | |
--------------------------------------------------
| 111 1 | 136 4 | | |
--------------------------------------------------
| 112 3 | 137 4 | | |
--------------------------------------------------
| 113 2 | 138 3 | | |
--------------------------------------------------
| 114 3 | 139 4 | | |
--------------------------------------------------
| 115 2 | 140 3 | | |
--------------------------------------------------
A=1,2/B=1,3/C=1,4/D=2,3/E=2,4/F=3,4/Z=ALL
CTET JAN-2024 KEY EXAM-21/01/2024 Date. 13/02/2024 Page No. 28
Set :- L PAPER-I 06-GUJARATI
--------------------------------------------------
| QNO ANS | QNO ANS | QNO ANS | QNO ANS |
--------------------------------------------------
| 91 3 | 116 4 | 141 4 | |
--------------------------------------------------
| 92 2 | 117 4 | 142 3 | |
--------------------------------------------------
| 93 1 | 118 1 | 143 2 | |
--------------------------------------------------
| 94 3 | 119 2 | 144 3 | |
--------------------------------------------------
| 95 3 | 120 1 | 145 1 | |
--------------------------------------------------
| 96 2 | 121 1 | 146 3 | |
--------------------------------------------------
| 97 1 | 122 1 | 147 2 | |
--------------------------------------------------
| 98 4 | 123 3 | 148 1 | |
--------------------------------------------------
| 99 3 | 124 4 | 149 1 | |
--------------------------------------------------
| 100 1 | 125 3 | 150 4 | |
--------------------------------------------------
| 101 1 | 126 2 | | |
--------------------------------------------------
| 102 2 | 127 1 | | |
--------------------------------------------------
| 103 4 | 128 1 | | |
--------------------------------------------------
| 104 4 | 129 4 | | |
--------------------------------------------------
| 105 4 | 130 4 | | |
--------------------------------------------------
| 106 1 | 131 3 | | |
--------------------------------------------------
| 107 B | 132 2 | | |
--------------------------------------------------
| 108 2 | 133 2 | | |
--------------------------------------------------
| 109 1 | 134 4 | | |
--------------------------------------------------
| 110 1 | 135 1 | | |
--------------------------------------------------
| 111 3 | 136 2 | | |
--------------------------------------------------
| 112 4 | 137 4 | | |
--------------------------------------------------
| 113 4 | 138 3 | | |
--------------------------------------------------
| 114 4 | 139 3 | | |
--------------------------------------------------
| 115 3 | 140 3 | | |
--------------------------------------------------
A=1,2/B=1,3/C=1,4/D=2,3/E=2,4/F=3,4/Z=ALL
CTET JAN-2024 KEY EXAM-21/01/2024 Date. 13/02/2024 Page No. 29
Set :- I PAPER-I 07-KANNADA
--------------------------------------------------
| QNO ANS | QNO ANS | QNO ANS | QNO ANS |
--------------------------------------------------
| 91 2 | 116 3 | 141 2 | |
--------------------------------------------------
| 92 1 | 117 3 | 142 2 | |
--------------------------------------------------
| 93 4 | 118 4 | 143 1 | |
--------------------------------------------------
| 94 2 | 119 3 | 144 4 | |
--------------------------------------------------
| 95 3 | 120 3 | 145 2 | |
--------------------------------------------------
| 96 3 | 121 1 | 146 3 | |
--------------------------------------------------
| 97 1 | 122 4 | 147 4 | |
--------------------------------------------------
| 98 1 | 123 3 | 148 3 | |
--------------------------------------------------
| 99 4 | 124 2 | 149 1 | |
--------------------------------------------------
| 100 2 | 125 1 | 150 1 | |
--------------------------------------------------
| 101 2 | 126 1 | | |
--------------------------------------------------
| 102 1 | 127 2 | | |
--------------------------------------------------
| 103 4 | 128 3 | | |
--------------------------------------------------
| 104 2 | 129 1 | | |
--------------------------------------------------
| 105 4 | 130 3 | | |
--------------------------------------------------
| 106 E | 131 2 | | |
--------------------------------------------------
| 107 4 | 132 4 | | |
--------------------------------------------------
| 108 3 | 133 3 | | |
--------------------------------------------------
| 109 4 | 134 2 | | |
--------------------------------------------------
| 110 4 | 135 4 | | |
--------------------------------------------------
| 111 1 | 136 2 | | |
--------------------------------------------------
| 112 1 | 137 4 | | |
--------------------------------------------------
| 113 2 | 138 2 | | |
--------------------------------------------------
| 114 4 | 139 2 | | |
--------------------------------------------------
| 115 2 | 140 3 | | |
--------------------------------------------------
A=1,2/B=1,3/C=1,4/D=2,3/E=2,4/F=3,4/Z=ALL
CTET JAN-2024 KEY EXAM-21/01/2024 Date. 13/02/2024 Page No. 30
Set :- J PAPER-I 07-KANNADA
--------------------------------------------------
| QNO ANS | QNO ANS | QNO ANS | QNO ANS |
--------------------------------------------------
| 91 1 | 116 3 | 141 1 | |
--------------------------------------------------
| 92 3 | 117 1 | 142 2 | |
--------------------------------------------------
| 93 4 | 118 2 | 143 1 | |
--------------------------------------------------
| 94 4 | 119 2 | 144 3 | |
--------------------------------------------------
| 95 2 | 120 2 | 145 3 | |
--------------------------------------------------
| 96 1 | 121 1 | 146 4 | |
--------------------------------------------------
| 97 4 | 122 3 | 147 1 | |
--------------------------------------------------
| 98 2 | 123 1 | 148 1 | |
--------------------------------------------------
| 99 3 | 124 4 | 149 4 | |
--------------------------------------------------
| 100 3 | 125 4 | 150 4 | |
--------------------------------------------------
| 101 1 | 126 4 | | |
--------------------------------------------------
| 102 1 | 127 2 | | |
--------------------------------------------------
| 103 3 | 128 2 | | |
--------------------------------------------------
| 104 4 | 129 3 | | |
--------------------------------------------------
| 105 1 | 130 2 | | |
--------------------------------------------------
| 106 B | 131 1 | | |
--------------------------------------------------
| 107 2 | 132 1 | | |
--------------------------------------------------
| 108 3 | 133 4 | | |
--------------------------------------------------
| 109 3 | 134 2 | | |
--------------------------------------------------
| 110 2 | 135 3 | | |
--------------------------------------------------
| 111 4 | 136 1 | | |
--------------------------------------------------
| 112 1 | 137 2 | | |
--------------------------------------------------
| 113 4 | 138 1 | | |
--------------------------------------------------
| 114 3 | 139 3 | | |
--------------------------------------------------
| 115 3 | 140 2 | | |
--------------------------------------------------
A=1,2/B=1,3/C=1,4/D=2,3/E=2,4/F=3,4/Z=ALL
CTET JAN-2024 KEY EXAM-21/01/2024 Date. 13/02/2024 Page No. 31
Set :- K PAPER-I 07-KANNADA
--------------------------------------------------
| QNO ANS | QNO ANS | QNO ANS | QNO ANS |
--------------------------------------------------
| 91 4 | 116 2 | 141 2 | |
--------------------------------------------------
| 92 3 | 117 1 | 142 2 | |
--------------------------------------------------
| 93 3 | 118 4 | 143 3 | |
--------------------------------------------------
| 94 2 | 119 E | 144 4 | |
--------------------------------------------------
| 95 1 | 120 2 | 145 4 | |
--------------------------------------------------
| 96 2 | 121 4 | 146 4 | |
--------------------------------------------------
| 97 1 | 122 3 | 147 2 | |
--------------------------------------------------
| 98 3 | 123 3 | 148 1 | |
--------------------------------------------------
| 99 4 | 124 2 | 149 1 | |
--------------------------------------------------
| 100 2 | 125 1 | 150 1 | |
--------------------------------------------------
| 101 4 | 126 3 | | |
--------------------------------------------------
| 102 4 | 127 1 | | |
--------------------------------------------------
| 103 4 | 128 4 | | |
--------------------------------------------------
| 104 2 | 129 2 | | |
--------------------------------------------------
| 105 3 | 130 1 | | |
--------------------------------------------------
| 106 2 | 131 4 | | |
--------------------------------------------------
| 107 1 | 132 1 | | |
--------------------------------------------------
| 108 1 | 133 3 | | |
--------------------------------------------------
| 109 1 | 134 2 | | |
--------------------------------------------------
| 110 4 | 135 4 | | |
--------------------------------------------------
| 111 1 | 136 4 | | |
--------------------------------------------------
| 112 3 | 137 4 | | |
--------------------------------------------------
| 113 2 | 138 3 | | |
--------------------------------------------------
| 114 3 | 139 4 | | |
--------------------------------------------------
| 115 2 | 140 3 | | |
--------------------------------------------------
A=1,2/B=1,3/C=1,4/D=2,3/E=2,4/F=3,4/Z=ALL
CTET JAN-2024 KEY EXAM-21/01/2024 Date. 13/02/2024 Page No. 32
Set :- L PAPER-I 07-KANNADA
--------------------------------------------------
| QNO ANS | QNO ANS | QNO ANS | QNO ANS |
--------------------------------------------------
| 91 1 | 116 4 | 141 4 | |
--------------------------------------------------
| 92 1 | 117 4 | 142 3 | |
--------------------------------------------------
| 93 2 | 118 1 | 143 2 | |
--------------------------------------------------
| 94 4 | 119 2 | 144 3 | |
--------------------------------------------------
| 95 3 | 120 1 | 145 1 | |
--------------------------------------------------
| 96 2 | 121 3 | 146 3 | |
--------------------------------------------------
| 97 3 | 122 3 | 147 2 | |
--------------------------------------------------
| 98 4 | 123 4 | 148 1 | |
--------------------------------------------------
| 99 2 | 124 2 | 149 1 | |
--------------------------------------------------
| 100 2 | 125 1 | 150 4 | |
--------------------------------------------------
| 101 3 | 126 4 | | |
--------------------------------------------------
| 102 1 | 127 2 | | |
--------------------------------------------------
| 103 3 | 128 2 | | |
--------------------------------------------------
| 104 1 | 129 4 | | |
--------------------------------------------------
| 105 3 | 130 2 | | |
--------------------------------------------------
| 106 1 | 131 1 | | |
--------------------------------------------------
| 107 B | 132 4 | | |
--------------------------------------------------
| 108 2 | 133 1 | | |
--------------------------------------------------
| 109 1 | 134 3 | | |
--------------------------------------------------
| 110 1 | 135 3 | | |
--------------------------------------------------
| 111 3 | 136 2 | | |
--------------------------------------------------
| 112 4 | 137 4 | | |
--------------------------------------------------
| 113 4 | 138 3 | | |
--------------------------------------------------
| 114 4 | 139 3 | | |
--------------------------------------------------
| 115 3 | 140 3 | | |
--------------------------------------------------
A=1,2/B=1,3/C=1,4/D=2,3/E=2,4/F=3,4/Z=ALL
CTET JAN-2024 KEY EXAM-21/01/2024 Date. 13/02/2024 Page No. 33
Set :- I PAPER-I 08-KHASI
--------------------------------------------------
| QNO ANS | QNO ANS | QNO ANS | QNO ANS |
--------------------------------------------------
| 91 3 | 116 3 | 141 2 | |
--------------------------------------------------
| 92 4 | 117 3 | 142 2 | |
--------------------------------------------------
| 93 3 | 118 4 | 143 1 | |
--------------------------------------------------
| 94 4 | 119 3 | 144 4 | |
--------------------------------------------------
| 95 4 | 120 3 | 145 2 | |
--------------------------------------------------
| 96 2 | 121 1 | 146 3 | |
--------------------------------------------------
| 97 4 | 122 4 | 147 4 | |
--------------------------------------------------
| 98 4 | 123 2 | 148 3 | |
--------------------------------------------------
| 99 2 | 124 4 | 149 1 | |
--------------------------------------------------
| 100 4 | 125 2 | 150 1 | |
--------------------------------------------------
| 101 3 | 126 4 | | |
--------------------------------------------------
| 102 1 | 127 3 | | |
--------------------------------------------------
| 103 1 | 128 2 | | |
--------------------------------------------------
| 104 3 | 129 3 | | |
--------------------------------------------------
| 105 2 | 130 3 | | |
--------------------------------------------------
| 106 E | 131 2 | | |
--------------------------------------------------
| 107 4 | 132 1 | | |
--------------------------------------------------
| 108 3 | 133 4 | | |
--------------------------------------------------
| 109 4 | 134 2 | | |
--------------------------------------------------
| 110 4 | 135 1 | | |
--------------------------------------------------
| 111 1 | 136 2 | | |
--------------------------------------------------
| 112 1 | 137 4 | | |
--------------------------------------------------
| 113 2 | 138 2 | | |
--------------------------------------------------
| 114 4 | 139 2 | | |
--------------------------------------------------
| 115 2 | 140 3 | | |
--------------------------------------------------
A=1,2/B=1,3/C=1,4/D=2,3/E=2,4/F=3,4/Z=ALL
CTET JAN-2024 KEY EXAM-21/01/2024 Date. 13/02/2024 Page No. 34
Set :- J PAPER-I 08-KHASI
--------------------------------------------------
| QNO ANS | QNO ANS | QNO ANS | QNO ANS |
--------------------------------------------------
| 91 3 | 116 3 | 141 1 | |
--------------------------------------------------
| 92 1 | 117 1 | 142 2 | |
--------------------------------------------------
| 93 3 | 118 2 | 143 1 | |
--------------------------------------------------
| 94 3 | 119 2 | 144 3 | |
--------------------------------------------------
| 95 1 | 120 2 | 145 3 | |
--------------------------------------------------
| 96 2 | 121 3 | 146 4 | |
--------------------------------------------------
| 97 3 | 122 3 | 147 1 | |
--------------------------------------------------
| 98 3 | 123 2 | 148 1 | |
--------------------------------------------------
| 99 2 | 124 1 | 149 4 | |
--------------------------------------------------
| 100 4 | 125 3 | 150 4 | |
--------------------------------------------------
| 101 2 | 126 4 | | |
--------------------------------------------------
| 102 2 | 127 1 | | |
--------------------------------------------------
| 103 1 | 128 1 | | |
--------------------------------------------------
| 104 4 | 129 4 | | |
--------------------------------------------------
| 105 3 | 130 3 | | |
--------------------------------------------------
| 106 B | 131 1 | | |
--------------------------------------------------
| 107 2 | 132 1 | | |
--------------------------------------------------
| 108 3 | 133 2 | | |
--------------------------------------------------
| 109 3 | 134 2 | | |
--------------------------------------------------
| 110 2 | 135 4 | | |
--------------------------------------------------
| 111 4 | 136 1 | | |
--------------------------------------------------
| 112 1 | 137 2 | | |
--------------------------------------------------
| 113 4 | 138 1 | | |
--------------------------------------------------
| 114 3 | 139 3 | | |
--------------------------------------------------
| 115 3 | 140 2 | | |
--------------------------------------------------
A=1,2/B=1,3/C=1,4/D=2,3/E=2,4/F=3,4/Z=ALL
CTET JAN-2024 KEY EXAM-21/01/2024 Date. 13/02/2024 Page No. 35
Set :- K PAPER-I 08-KHASI
--------------------------------------------------
| QNO ANS | QNO ANS | QNO ANS | QNO ANS |
--------------------------------------------------
| 91 1 | 116 2 | 141 2 | |
--------------------------------------------------
| 92 2 | 117 1 | 142 2 | |
--------------------------------------------------
| 93 2 | 118 4 | 143 3 | |
--------------------------------------------------
| 94 4 | 119 E | 144 4 | |
--------------------------------------------------
| 95 4 | 120 2 | 145 4 | |
--------------------------------------------------
| 96 1 | 121 1 | 146 4 | |
--------------------------------------------------
| 97 2 | 122 4 | 147 2 | |
--------------------------------------------------
| 98 2 | 123 3 | 148 1 | |
--------------------------------------------------
| 99 2 | 124 2 | 149 1 | |
--------------------------------------------------
| 100 4 | 125 4 | 150 1 | |
--------------------------------------------------
| 101 1 | 126 2 | | |
--------------------------------------------------
| 102 1 | 127 4 | | |
--------------------------------------------------
| 103 2 | 128 2 | | |
--------------------------------------------------
| 104 3 | 129 3 | | |
--------------------------------------------------
| 105 3 | 130 1 | | |
--------------------------------------------------
| 106 2 | 131 4 | | |
--------------------------------------------------
| 107 1 | 132 2 | | |
--------------------------------------------------
| 108 1 | 133 1 | | |
--------------------------------------------------
| 109 1 | 134 3 | | |
--------------------------------------------------
| 110 4 | 135 4 | | |
--------------------------------------------------
| 111 1 | 136 4 | | |
--------------------------------------------------
| 112 3 | 137 4 | | |
--------------------------------------------------
| 113 2 | 138 3 | | |
--------------------------------------------------
| 114 3 | 139 4 | | |
--------------------------------------------------
| 115 2 | 140 3 | | |
--------------------------------------------------
A=1,2/B=1,3/C=1,4/D=2,3/E=2,4/F=3,4/Z=ALL
CTET JAN-2024 KEY EXAM-21/01/2024 Date. 13/02/2024 Page No. 36
Set :- L PAPER-I 08-KHASI
--------------------------------------------------
| QNO ANS | QNO ANS | QNO ANS | QNO ANS |
--------------------------------------------------
| 91 3 | 116 4 | 141 4 | |
--------------------------------------------------
| 92 4 | 117 4 | 142 3 | |
--------------------------------------------------
| 93 1 | 118 1 | 143 2 | |
--------------------------------------------------
| 94 3 | 119 2 | 144 3 | |
--------------------------------------------------
| 95 4 | 120 1 | 145 1 | |
--------------------------------------------------
| 96 1 | 121 4 | 146 3 | |
--------------------------------------------------
| 97 1 | 122 1 | 147 2 | |
--------------------------------------------------
| 98 1 | 123 3 | 148 1 | |
--------------------------------------------------
| 99 1 | 124 3 | 149 1 | |
--------------------------------------------------
| 100 2 | 125 1 | 150 4 | |
--------------------------------------------------
| 101 1 | 126 3 | | |
--------------------------------------------------
| 102 3 | 127 2 | | |
--------------------------------------------------
| 103 4 | 128 1 | | |
--------------------------------------------------
| 104 2 | 129 1 | | |
--------------------------------------------------
| 105 4 | 130 4 | | |
--------------------------------------------------
| 106 1 | 131 2 | | |
--------------------------------------------------
| 107 B | 132 4 | | |
--------------------------------------------------
| 108 2 | 133 2 | | |
--------------------------------------------------
| 109 1 | 134 3 | | |
--------------------------------------------------
| 110 1 | 135 3 | | |
--------------------------------------------------
| 111 3 | 136 2 | | |
--------------------------------------------------
| 112 4 | 137 4 | | |
--------------------------------------------------
| 113 4 | 138 3 | | |
--------------------------------------------------
| 114 4 | 139 3 | | |
--------------------------------------------------
| 115 3 | 140 3 | | |
--------------------------------------------------
A=1,2/B=1,3/C=1,4/D=2,3/E=2,4/F=3,4/Z=ALL
CTET JAN-2024 KEY EXAM-21/01/2024 Date. 13/02/2024 Page No. 37
Set :- I PAPER-I 09-MALAYALAM
--------------------------------------------------
| QNO ANS | QNO ANS | QNO ANS | QNO ANS |
--------------------------------------------------
| 91 3 | 116 3 | 141 2 | |
--------------------------------------------------
| 92 2 | 117 3 | 142 2 | |
--------------------------------------------------
| 93 4 | 118 4 | 143 1 | |
--------------------------------------------------
| 94 3 | 119 3 | 144 4 | |
--------------------------------------------------
| 95 3 | 120 3 | 145 2 | |
--------------------------------------------------
| 96 2 | 121 1 | 146 3 | |
--------------------------------------------------
| 97 1 | 122 2 | 147 4 | |
--------------------------------------------------
| 98 1 | 123 3 | 148 3 | |
--------------------------------------------------
| 99 2 | 124 2 | 149 1 | |
--------------------------------------------------
| 100 4 | 125 1 | 150 1 | |
--------------------------------------------------
| 101 2 | 126 1 | | |
--------------------------------------------------
| 102 1 | 127 3 | | |
--------------------------------------------------
| 103 1 | 128 4 | | |
--------------------------------------------------
| 104 3 | 129 1 | | |
--------------------------------------------------
| 105 2 | 130 2 | | |
--------------------------------------------------
| 106 E | 131 2 | | |
--------------------------------------------------
| 107 4 | 132 3 | | |
--------------------------------------------------
| 108 3 | 133 4 | | |
--------------------------------------------------
| 109 4 | 134 1 | | |
--------------------------------------------------
| 110 4 | 135 3 | | |
--------------------------------------------------
| 111 1 | 136 2 | | |
--------------------------------------------------
| 112 1 | 137 4 | | |
--------------------------------------------------
| 113 2 | 138 2 | | |
--------------------------------------------------
| 114 4 | 139 2 | | |
--------------------------------------------------
| 115 2 | 140 3 | | |
--------------------------------------------------
A=1,2/B=1,3/C=1,4/D=2,3/E=2,4/F=3,4/Z=ALL
CTET JAN-2024 KEY EXAM-21/01/2024 Date. 13/02/2024 Page No. 38
Set :- J PAPER-I 09-MALAYALAM
--------------------------------------------------
| QNO ANS | QNO ANS | QNO ANS | QNO ANS |
--------------------------------------------------
| 91 2 | 116 3 | 141 1 | |
--------------------------------------------------
| 92 1 | 117 1 | 142 2 | |
--------------------------------------------------
| 93 4 | 118 2 | 143 1 | |
--------------------------------------------------
| 94 1 | 119 2 | 144 3 | |
--------------------------------------------------
| 95 1 | 120 2 | 145 3 | |
--------------------------------------------------
| 96 2 | 121 1 | 146 4 | |
--------------------------------------------------
| 97 4 | 122 1 | 147 1 | |
--------------------------------------------------
| 98 2 | 123 2 | 148 1 | |
--------------------------------------------------
| 99 3 | 124 4 | 149 4 | |
--------------------------------------------------
| 100 4 | 125 4 | 150 4 | |
--------------------------------------------------
| 101 1 | 126 4 | | |
--------------------------------------------------
| 102 2 | 127 2 | | |
--------------------------------------------------
| 103 1 | 128 3 | | |
--------------------------------------------------
| 104 4 | 129 2 | | |
--------------------------------------------------
| 105 3 | 130 3 | | |
--------------------------------------------------
| 106 B | 131 4 | | |
--------------------------------------------------
| 107 2 | 132 1 | | |
--------------------------------------------------
| 108 3 | 133 4 | | |
--------------------------------------------------
| 109 3 | 134 1 | | |
--------------------------------------------------
| 110 2 | 135 2 | | |
--------------------------------------------------
| 111 4 | 136 1 | | |
--------------------------------------------------
| 112 1 | 137 2 | | |
--------------------------------------------------
| 113 4 | 138 1 | | |
--------------------------------------------------
| 114 3 | 139 3 | | |
--------------------------------------------------
| 115 3 | 140 2 | | |
--------------------------------------------------
A=1,2/B=1,3/C=1,4/D=2,3/E=2,4/F=3,4/Z=ALL
CTET JAN-2024 KEY EXAM-21/01/2024 Date. 13/02/2024 Page No. 39
Set :- K PAPER-I 09-MALAYALAM
--------------------------------------------------
| QNO ANS | QNO ANS | QNO ANS | QNO ANS |
--------------------------------------------------
| 91 1 | 116 2 | 141 2 | |
--------------------------------------------------
| 92 3 | 117 1 | 142 2 | |
--------------------------------------------------
| 93 3 | 118 4 | 143 3 | |
--------------------------------------------------
| 94 4 | 119 E | 144 4 | |
--------------------------------------------------
| 95 4 | 120 2 | 145 4 | |
--------------------------------------------------
| 96 2 | 121 1 | 146 4 | |
--------------------------------------------------
| 97 1 | 122 3 | 147 2 | |
--------------------------------------------------
| 98 4 | 123 3 | 148 1 | |
--------------------------------------------------
| 99 1 | 124 4 | 149 1 | |
--------------------------------------------------
| 100 4 | 125 1 | 150 1 | |
--------------------------------------------------
| 101 4 | 126 3 | | |
--------------------------------------------------
| 102 1 | 127 2 | | |
--------------------------------------------------
| 103 2 | 128 4 | | |
--------------------------------------------------
| 104 3 | 129 1 | | |
--------------------------------------------------
| 105 3 | 130 4 | | |
--------------------------------------------------
| 106 2 | 131 3 | | |
--------------------------------------------------
| 107 1 | 132 2 | | |
--------------------------------------------------
| 108 1 | 133 3 | | |
--------------------------------------------------
| 109 1 | 134 1 | | |
--------------------------------------------------
| 110 4 | 135 4 | | |
--------------------------------------------------
| 111 1 | 136 4 | | |
--------------------------------------------------
| 112 3 | 137 4 | | |
--------------------------------------------------
| 113 2 | 138 3 | | |
--------------------------------------------------
| 114 3 | 139 4 | | |
--------------------------------------------------
| 115 2 | 140 3 | | |
--------------------------------------------------
A=1,2/B=1,3/C=1,4/D=2,3/E=2,4/F=3,4/Z=ALL
CTET JAN-2024 KEY EXAM-21/01/2024 Date. 13/02/2024 Page No. 40
Set :- L PAPER-I 09-MALAYALAM
--------------------------------------------------
| QNO ANS | QNO ANS | QNO ANS | QNO ANS |
--------------------------------------------------
| 91 3 | 116 4 | 141 4 | |
--------------------------------------------------
| 92 1 | 117 4 | 142 3 | |
--------------------------------------------------
| 93 2 | 118 1 | 143 2 | |
--------------------------------------------------
| 94 3 | 119 2 | 144 3 | |
--------------------------------------------------
| 95 4 | 120 1 | 145 1 | |
--------------------------------------------------
| 96 3 | 121 4 | 146 3 | |
--------------------------------------------------
| 97 4 | 122 3 | 147 2 | |
--------------------------------------------------
| 98 4 | 123 1 | 148 1 | |
--------------------------------------------------
| 99 2 | 124 2 | 149 1 | |
--------------------------------------------------
| 100 2 | 125 3 | 150 4 | |
--------------------------------------------------
| 101 1 | 126 4 | | |
--------------------------------------------------
| 102 3 | 127 2 | | |
--------------------------------------------------
| 103 3 | 128 2 | | |
--------------------------------------------------
| 104 2 | 129 1 | | |
--------------------------------------------------
| 105 4 | 130 2 | | |
--------------------------------------------------
| 106 1 | 131 4 | | |
--------------------------------------------------
| 107 B | 132 3 | | |
--------------------------------------------------
| 108 2 | 133 4 | | |
--------------------------------------------------
| 109 1 | 134 3 | | |
--------------------------------------------------
| 110 1 | 135 2 | | |
--------------------------------------------------
| 111 3 | 136 2 | | |
--------------------------------------------------
| 112 4 | 137 4 | | |
--------------------------------------------------
| 113 4 | 138 3 | | |
--------------------------------------------------
| 114 4 | 139 3 | | |
--------------------------------------------------
| 115 3 | 140 3 | | |
--------------------------------------------------
A=1,2/B=1,3/C=1,4/D=2,3/E=2,4/F=3,4/Z=ALL
CTET JAN-2024 KEY EXAM-21/01/2024 Date. 13/02/2024 Page No. 41
Set :- I PAPER-I 10-MANIPURI
--------------------------------------------------
| QNO ANS | QNO ANS | QNO ANS | QNO ANS |
--------------------------------------------------
| 91 4 | 116 3 | 141 2 | |
--------------------------------------------------
| 92 3 | 117 3 | 142 2 | |
--------------------------------------------------
| 93 2 | 118 4 | 143 1 | |
--------------------------------------------------
| 94 3 | 119 3 | 144 4 | |
--------------------------------------------------
| 95 1 | 120 3 | 145 2 | |
--------------------------------------------------
| 96 3 | 121 2 | 146 3 | |
--------------------------------------------------
| 97 4 | 122 4 | 147 4 | |
--------------------------------------------------
| 98 1 | 123 3 | 148 3 | |
--------------------------------------------------
| 99 4 | 124 3 | 149 1 | |
--------------------------------------------------
| 100 4 | 125 3 | 150 1 | |
--------------------------------------------------
| 101 4 | 126 2 | | |
--------------------------------------------------
| 102 1 | 127 1 | | |
--------------------------------------------------
| 103 1 | 128 1 | | |
--------------------------------------------------
| 104 3 | 129 3 | | |
--------------------------------------------------
| 105 2 | 130 3 | | |
--------------------------------------------------
| 106 E | 131 2 | | |
--------------------------------------------------
| 107 4 | 132 2 | | |
--------------------------------------------------
| 108 3 | 133 2 | | |
--------------------------------------------------
| 109 4 | 134 3 | | |
--------------------------------------------------
| 110 4 | 135 4 | | |
--------------------------------------------------
| 111 1 | 136 2 | | |
--------------------------------------------------
| 112 1 | 137 4 | | |
--------------------------------------------------
| 113 2 | 138 2 | | |
--------------------------------------------------
| 114 4 | 139 2 | | |
--------------------------------------------------
| 115 2 | 140 3 | | |
--------------------------------------------------
A=1,2/B=1,3/C=1,4/D=2,3/E=2,4/F=3,4/Z=ALL
CTET JAN-2024 KEY EXAM-21/01/2024 Date. 13/02/2024 Page No. 42
Set :- J PAPER-I 10-MANIPURI
--------------------------------------------------
| QNO ANS | QNO ANS | QNO ANS | QNO ANS |
--------------------------------------------------
| 91 2 | 116 3 | 141 1 | |
--------------------------------------------------
| 92 3 | 117 1 | 142 2 | |
--------------------------------------------------
| 93 3 | 118 2 | 143 1 | |
--------------------------------------------------
| 94 2 | 119 2 | 144 3 | |
--------------------------------------------------
| 95 2 | 120 2 | 145 3 | |
--------------------------------------------------
| 96 3 | 121 2 | 146 4 | |
--------------------------------------------------
| 97 4 | 122 3 | 147 1 | |
--------------------------------------------------
| 98 4 | 123 4 | 148 1 | |
--------------------------------------------------
| 99 1 | 124 2 | 149 4 | |
--------------------------------------------------
| 100 4 | 125 1 | 150 4 | |
--------------------------------------------------
| 101 3 | 126 1 | | |
--------------------------------------------------
| 102 2 | 127 2 | | |
--------------------------------------------------
| 103 1 | 128 4 | | |
--------------------------------------------------
| 104 4 | 129 3 | | |
--------------------------------------------------
| 105 3 | 130 1 | | |
--------------------------------------------------
| 106 B | 131 2 | | |
--------------------------------------------------
| 107 2 | 132 1 | | |
--------------------------------------------------
| 108 3 | 133 2 | | |
--------------------------------------------------
| 109 3 | 134 2 | | |
--------------------------------------------------
| 110 2 | 135 1 | | |
--------------------------------------------------
| 111 4 | 136 1 | | |
--------------------------------------------------
| 112 1 | 137 2 | | |
--------------------------------------------------
| 113 4 | 138 1 | | |
--------------------------------------------------
| 114 3 | 139 3 | | |
--------------------------------------------------
| 115 3 | 140 2 | | |
--------------------------------------------------
A=1,2/B=1,3/C=1,4/D=2,3/E=2,4/F=3,4/Z=ALL
CTET JAN-2024 KEY EXAM-21/01/2024 Date. 13/02/2024 Page No. 43
Set :- K PAPER-I 10-MANIPURI
--------------------------------------------------
| QNO ANS | QNO ANS | QNO ANS | QNO ANS |
--------------------------------------------------
| 91 2 | 116 2 | 141 2 | |
--------------------------------------------------
| 92 3 | 117 1 | 142 2 | |
--------------------------------------------------
| 93 2 | 118 4 | 143 3 | |
--------------------------------------------------
| 94 2 | 119 E | 144 4 | |
--------------------------------------------------
| 95 1 | 120 2 | 145 4 | |
--------------------------------------------------
| 96 4 | 121 3 | 146 4 | |
--------------------------------------------------
| 97 3 | 122 1 | 147 2 | |
--------------------------------------------------
| 98 1 | 123 4 | 148 1 | |
--------------------------------------------------
| 99 1 | 124 2 | 149 1 | |
--------------------------------------------------
| 100 4 | 125 1 | 150 1 | |
--------------------------------------------------
| 101 2 | 126 4 | | |
--------------------------------------------------
| 102 1 | 127 3 | | |
--------------------------------------------------
| 103 2 | 128 1 | | |
--------------------------------------------------
| 104 3 | 129 2 | | |
--------------------------------------------------
| 105 3 | 130 1 | | |
--------------------------------------------------
| 106 2 | 131 1 | | |
--------------------------------------------------
| 107 1 | 132 4 | | |
--------------------------------------------------
| 108 1 | 133 1 | | |
--------------------------------------------------
| 109 1 | 134 4 | | |
--------------------------------------------------
| 110 4 | 135 4 | | |
--------------------------------------------------
| 111 1 | 136 4 | | |
--------------------------------------------------
| 112 3 | 137 4 | | |
--------------------------------------------------
| 113 2 | 138 3 | | |
--------------------------------------------------
| 114 3 | 139 4 | | |
--------------------------------------------------
| 115 2 | 140 3 | | |
--------------------------------------------------
A=1,2/B=1,3/C=1,4/D=2,3/E=2,4/F=3,4/Z=ALL
CTET JAN-2024 KEY EXAM-21/01/2024 Date. 13/02/2024 Page No. 44
Set :- L PAPER-I 10-MANIPURI
--------------------------------------------------
| QNO ANS | QNO ANS | QNO ANS | QNO ANS |
--------------------------------------------------
| 91 1 | 116 4 | 141 4 | |
--------------------------------------------------
| 92 3 | 117 4 | 142 3 | |
--------------------------------------------------
| 93 2 | 118 1 | 143 2 | |
--------------------------------------------------
| 94 4 | 119 2 | 144 3 | |
--------------------------------------------------
| 95 1 | 120 1 | 145 1 | |
--------------------------------------------------
| 96 4 | 121 2 | 146 3 | |
--------------------------------------------------
| 97 4 | 122 4 | 147 2 | |
--------------------------------------------------
| 98 2 | 123 2 | 148 1 | |
--------------------------------------------------
| 99 1 | 124 4 | 149 1 | |
--------------------------------------------------
| 100 2 | 125 1 | 150 4 | |
--------------------------------------------------
| 101 1 | 126 4 | | |
--------------------------------------------------
| 102 3 | 127 3 | | |
--------------------------------------------------
| 103 1 | 128 3 | | |
--------------------------------------------------
| 104 2 | 129 3 | | |
--------------------------------------------------
| 105 4 | 130 4 | | |
--------------------------------------------------
| 106 1 | 131 3 | | |
--------------------------------------------------
| 107 B | 132 4 | | |
--------------------------------------------------
| 108 2 | 133 1 | | |
--------------------------------------------------
| 109 1 | 134 3 | | |
--------------------------------------------------
| 110 1 | 135 4 | | |
--------------------------------------------------
| 111 3 | 136 2 | | |
--------------------------------------------------
| 112 4 | 137 4 | | |
--------------------------------------------------
| 113 4 | 138 3 | | |
--------------------------------------------------
| 114 4 | 139 3 | | |
--------------------------------------------------
| 115 3 | 140 3 | | |
--------------------------------------------------
A=1,2/B=1,3/C=1,4/D=2,3/E=2,4/F=3,4/Z=ALL
CTET JAN-2024 KEY EXAM-21/01/2024 Date. 13/02/2024 Page No. 45
Set :- I PAPER-I 11-MARATHI
--------------------------------------------------
| QNO ANS | QNO ANS | QNO ANS | QNO ANS |
--------------------------------------------------
| 91 2 | 116 3 | 141 2 | |
--------------------------------------------------
| 92 3 | 117 3 | 142 2 | |
--------------------------------------------------
| 93 3 | 118 4 | 143 1 | |
--------------------------------------------------
| 94 4 | 119 3 | 144 4 | |
--------------------------------------------------
| 95 1 | 120 3 | 145 2 | |
--------------------------------------------------
| 96 2 | 121 4 | 146 3 | |
--------------------------------------------------
| 97 4 | 122 2 | 147 4 | |
--------------------------------------------------
| 98 1 | 123 2 | 148 3 | |
--------------------------------------------------
| 99 3 | 124 3 | 149 1 | |
--------------------------------------------------
| 100 2 | 125 1 | 150 1 | |
--------------------------------------------------
| 101 1 | 126 3 | | |
--------------------------------------------------
| 102 3 | 127 4 | | |
--------------------------------------------------
| 103 3 | 128 1 | | |
--------------------------------------------------
| 104 4 | 129 3 | | |
--------------------------------------------------
| 105 1 | 130 2 | | |
--------------------------------------------------
| 106 E | 131 4 | | |
--------------------------------------------------
| 107 4 | 132 1 | | |
--------------------------------------------------
| 108 3 | 133 3 | | |
--------------------------------------------------
| 109 4 | 134 1 | | |
--------------------------------------------------
| 110 4 | 135 2 | | |
--------------------------------------------------
| 111 1 | 136 2 | | |
--------------------------------------------------
| 112 1 | 137 4 | | |
--------------------------------------------------
| 113 2 | 138 2 | | |
--------------------------------------------------
| 114 4 | 139 2 | | |
--------------------------------------------------
| 115 2 | 140 3 | | |
--------------------------------------------------
A=1,2/B=1,3/C=1,4/D=2,3/E=2,4/F=3,4/Z=ALL
CTET JAN-2024 KEY EXAM-21/01/2024 Date. 13/02/2024 Page No. 46
Set :- J PAPER-I 11-MARATHI
--------------------------------------------------
| QNO ANS | QNO ANS | QNO ANS | QNO ANS |
--------------------------------------------------
| 91 3 | 116 3 | 141 1 | |
--------------------------------------------------
| 92 2 | 117 1 | 142 2 | |
--------------------------------------------------
| 93 3 | 118 2 | 143 1 | |
--------------------------------------------------
| 94 2 | 119 2 | 144 3 | |
--------------------------------------------------
| 95 1 | 120 2 | 145 3 | |
--------------------------------------------------
| 96 1 | 121 2 | 146 4 | |
--------------------------------------------------
| 97 4 | 122 1 | 147 1 | |
--------------------------------------------------
| 98 4 | 123 3 | 148 1 | |
--------------------------------------------------
| 99 2 | 124 4 | 149 4 | |
--------------------------------------------------
| 100 2 | 125 2 | 150 4 | |
--------------------------------------------------
| 101 4 | 126 3 | | |
--------------------------------------------------
| 102 3 | 127 1 | | |
--------------------------------------------------
| 103 4 | 128 4 | | |
--------------------------------------------------
| 104 2 | 129 1 | | |
--------------------------------------------------
| 105 1 | 130 2 | | |
--------------------------------------------------
| 106 B | 131 4 | | |
--------------------------------------------------
| 107 2 | 132 3 | | |
--------------------------------------------------
| 108 3 | 133 2 | | |
--------------------------------------------------
| 109 3 | 134 1 | | |
--------------------------------------------------
| 110 2 | 135 4 | | |
--------------------------------------------------
| 111 4 | 136 1 | | |
--------------------------------------------------
| 112 1 | 137 2 | | |
--------------------------------------------------
| 113 4 | 138 1 | | |
--------------------------------------------------
| 114 3 | 139 3 | | |
--------------------------------------------------
| 115 3 | 140 2 | | |
--------------------------------------------------
A=1,2/B=1,3/C=1,4/D=2,3/E=2,4/F=3,4/Z=ALL
CTET JAN-2024 KEY EXAM-21/01/2024 Date. 13/02/2024 Page No. 47
Set :- K PAPER-I 11-MARATHI
--------------------------------------------------
| QNO ANS | QNO ANS | QNO ANS | QNO ANS |
--------------------------------------------------
| 91 4 | 116 2 | 141 2 | |
--------------------------------------------------
| 92 3 | 117 1 | 142 2 | |
--------------------------------------------------
| 93 2 | 118 4 | 143 3 | |
--------------------------------------------------
| 94 1 | 119 E | 144 4 | |
--------------------------------------------------
| 95 4 | 120 2 | 145 4 | |
--------------------------------------------------
| 96 1 | 121 2 | 146 4 | |
--------------------------------------------------
| 97 3 | 122 3 | 147 2 | |
--------------------------------------------------
| 98 1 | 123 2 | 148 1 | |
--------------------------------------------------
| 99 2 | 124 4 | 149 1 | |
--------------------------------------------------
| 100 3 | 125 4 | 150 1 | |
--------------------------------------------------
| 101 3 | 126 1 | | |
--------------------------------------------------
| 102 2 | 127 3 | | |
--------------------------------------------------
| 103 4 | 128 1 | | |
--------------------------------------------------
| 104 1 | 129 4 | | |
--------------------------------------------------
| 105 1 | 130 4 | | |
--------------------------------------------------
| 106 2 | 131 3 | | |
--------------------------------------------------
| 107 1 | 132 1 | | |
--------------------------------------------------
| 108 1 | 133 1 | | |
--------------------------------------------------
| 109 1 | 134 3 | | |
--------------------------------------------------
| 110 4 | 135 2 | | |
--------------------------------------------------
| 111 1 | 136 4 | | |
--------------------------------------------------
| 112 3 | 137 4 | | |
--------------------------------------------------
| 113 2 | 138 3 | | |
--------------------------------------------------
| 114 3 | 139 4 | | |
--------------------------------------------------
| 115 2 | 140 3 | | |
--------------------------------------------------
A=1,2/B=1,3/C=1,4/D=2,3/E=2,4/F=3,4/Z=ALL
CTET JAN-2024 KEY EXAM-21/01/2024 Date. 13/02/2024 Page No. 48
Set :- L PAPER-I 11-MARATHI
--------------------------------------------------
| QNO ANS | QNO ANS | QNO ANS | QNO ANS |
--------------------------------------------------
| 91 4 | 116 4 | 141 4 | |
--------------------------------------------------
| 92 4 | 117 4 | 142 3 | |
--------------------------------------------------
| 93 2 | 118 1 | 143 2 | |
--------------------------------------------------
| 94 3 | 119 2 | 144 3 | |
--------------------------------------------------
| 95 3 | 120 1 | 145 1 | |
--------------------------------------------------
| 96 4 | 121 1 | 146 3 | |
--------------------------------------------------
| 97 1 | 122 4 | 147 2 | |
--------------------------------------------------
| 98 2 | 123 2 | 148 1 | |
--------------------------------------------------
| 99 1 | 124 2 | 149 1 | |
--------------------------------------------------
| 100 4 | 125 3 | 150 4 | |
--------------------------------------------------
| 101 3 | 126 3 | | |
--------------------------------------------------
| 102 2 | 127 1 | | |
--------------------------------------------------
| 103 2 | 128 4 | | |
--------------------------------------------------
| 104 4 | 129 4 | | |
--------------------------------------------------
| 105 1 | 130 4 | | |
--------------------------------------------------
| 106 1 | 131 2 | | |
--------------------------------------------------
| 107 B | 132 3 | | |
--------------------------------------------------
| 108 2 | 133 3 | | |
--------------------------------------------------
| 109 1 | 134 1 | | |
--------------------------------------------------
| 110 1 | 135 2 | | |
--------------------------------------------------
| 111 3 | 136 2 | | |
--------------------------------------------------
| 112 4 | 137 4 | | |
--------------------------------------------------
| 113 4 | 138 3 | | |
--------------------------------------------------
| 114 4 | 139 3 | | |
--------------------------------------------------
| 115 3 | 140 3 | | |
--------------------------------------------------
A=1,2/B=1,3/C=1,4/D=2,3/E=2,4/F=3,4/Z=ALL
CTET JAN-2024 KEY EXAM-21/01/2024 Date. 13/02/2024 Page No. 49
Set :- I PAPER-I 12-MIZO
--------------------------------------------------
| QNO ANS | QNO ANS | QNO ANS | QNO ANS |
--------------------------------------------------
| 91 4 | 116 3 | 141 2 | |
--------------------------------------------------
| 92 2 | 117 3 | 142 2 | |
--------------------------------------------------
| 93 1 | 118 4 | 143 1 | |
--------------------------------------------------
| 94 3 | 119 3 | 144 4 | |
--------------------------------------------------
| 95 3 | 120 3 | 145 2 | |
--------------------------------------------------
| 96 1 | 121 1 | 146 3 | |
--------------------------------------------------
| 97 2 | 122 4 | 147 4 | |
--------------------------------------------------
| 98 2 | 123 3 | 148 3 | |
--------------------------------------------------
| 99 3 | 124 3 | 149 1 | |
--------------------------------------------------
| 100 3 | 125 4 | 150 1 | |
--------------------------------------------------
| 101 2 | 126 2 | | |
--------------------------------------------------
| 102 4 | 127 3 | | |
--------------------------------------------------
| 103 4 | 128 1 | | |
--------------------------------------------------
| 104 1 | 129 1 | | |
--------------------------------------------------
| 105 3 | 130 1 | | |
--------------------------------------------------
| 106 E | 131 2 | | |
--------------------------------------------------
| 107 4 | 132 3 | | |
--------------------------------------------------
| 108 3 | 133 3 | | |
--------------------------------------------------
| 109 4 | 134 1 | | |
--------------------------------------------------
| 110 4 | 135 2 | | |
--------------------------------------------------
| 111 1 | 136 2 | | |
--------------------------------------------------
| 112 1 | 137 4 | | |
--------------------------------------------------
| 113 2 | 138 2 | | |
--------------------------------------------------
| 114 4 | 139 2 | | |
--------------------------------------------------
| 115 2 | 140 3 | | |
--------------------------------------------------
A=1,2/B=1,3/C=1,4/D=2,3/E=2,4/F=3,4/Z=ALL
CTET JAN-2024 KEY EXAM-21/01/2024 Date. 13/02/2024 Page No. 50
Set :- J PAPER-I 12-MIZO
--------------------------------------------------
| QNO ANS | QNO ANS | QNO ANS | QNO ANS |
--------------------------------------------------
| 91 2 | 116 3 | 141 1 | |
--------------------------------------------------
| 92 2 | 117 1 | 142 2 | |
--------------------------------------------------
| 93 1 | 118 2 | 143 1 | |
--------------------------------------------------
| 94 1 | 119 2 | 144 3 | |
--------------------------------------------------
| 95 4 | 120 2 | 145 3 | |
--------------------------------------------------
| 96 3 | 121 2 | 146 4 | |
--------------------------------------------------
| 97 1 | 122 3 | 147 1 | |
--------------------------------------------------
| 98 2 | 123 2 | 148 1 | |
--------------------------------------------------
| 99 4 | 124 3 | 149 4 | |
--------------------------------------------------
| 100 3 | 125 1 | 150 4 | |
--------------------------------------------------
| 101 1 | 126 4 | | |
--------------------------------------------------
| 102 4 | 127 2 | | |
--------------------------------------------------
| 103 2 | 128 4 | | |
--------------------------------------------------
| 104 3 | 129 1 | | |
--------------------------------------------------
| 105 2 | 130 2 | | |
--------------------------------------------------
| 106 B | 131 4 | | |
--------------------------------------------------
| 107 2 | 132 1 | | |
--------------------------------------------------
| 108 3 | 133 4 | | |
--------------------------------------------------
| 109 3 | 134 4 | | |
--------------------------------------------------
| 110 2 | 135 2 | | |
--------------------------------------------------
| 111 4 | 136 1 | | |
--------------------------------------------------
| 112 1 | 137 2 | | |
--------------------------------------------------
| 113 4 | 138 1 | | |
--------------------------------------------------
| 114 3 | 139 3 | | |
--------------------------------------------------
| 115 3 | 140 2 | | |
--------------------------------------------------
A=1,2/B=1,3/C=1,4/D=2,3/E=2,4/F=3,4/Z=ALL
CTET JAN-2024 KEY EXAM-21/01/2024 Date. 13/02/2024 Page No. 51
Set :- K PAPER-I 12-MIZO
--------------------------------------------------
| QNO ANS | QNO ANS | QNO ANS | QNO ANS |
--------------------------------------------------
| 91 2 | 116 2 | 141 2 | |
--------------------------------------------------
| 92 4 | 117 1 | 142 2 | |
--------------------------------------------------
| 93 4 | 118 4 | 143 3 | |
--------------------------------------------------
| 94 1 | 119 E | 144 4 | |
--------------------------------------------------
| 95 3 | 120 2 | 145 4 | |
--------------------------------------------------
| 96 3 | 121 1 | 146 4 | |
--------------------------------------------------
| 97 1 | 122 2 | 147 2 | |
--------------------------------------------------
| 98 4 | 123 3 | 148 1 | |
--------------------------------------------------
| 99 1 | 124 2 | 149 1 | |
--------------------------------------------------
| 100 1 | 125 1 | 150 1 | |
--------------------------------------------------
| 101 4 | 126 4 | | |
--------------------------------------------------
| 102 3 | 127 3 | | |
--------------------------------------------------
| 103 1 | 128 1 | | |
--------------------------------------------------
| 104 2 | 129 4 | | |
--------------------------------------------------
| 105 2 | 130 3 | | |
--------------------------------------------------
| 106 2 | 131 3 | | |
--------------------------------------------------
| 107 1 | 132 1 | | |
--------------------------------------------------
| 108 1 | 133 3 | | |
--------------------------------------------------
| 109 1 | 134 1 | | |
--------------------------------------------------
| 110 4 | 135 4 | | |
--------------------------------------------------
| 111 1 | 136 4 | | |
--------------------------------------------------
| 112 3 | 137 4 | | |
--------------------------------------------------
| 113 2 | 138 3 | | |
--------------------------------------------------
| 114 3 | 139 4 | | |
--------------------------------------------------
| 115 2 | 140 3 | | |
--------------------------------------------------
A=1,2/B=1,3/C=1,4/D=2,3/E=2,4/F=3,4/Z=ALL
CTET JAN-2024 KEY EXAM-21/01/2024 Date. 13/02/2024 Page No. 52
Set :- L PAPER-I 12-MIZO
--------------------------------------------------
| QNO ANS | QNO ANS | QNO ANS | QNO ANS |
--------------------------------------------------
| 91 4 | 116 4 | 141 4 | |
--------------------------------------------------
| 92 2 | 117 4 | 142 3 | |
--------------------------------------------------
| 93 3 | 118 1 | 143 2 | |
--------------------------------------------------
| 94 2 | 119 2 | 144 3 | |
--------------------------------------------------
| 95 1 | 120 1 | 145 1 | |
--------------------------------------------------
| 96 3 | 121 4 | 146 3 | |
--------------------------------------------------
| 97 4 | 122 4 | 147 2 | |
--------------------------------------------------
| 98 4 | 123 2 | 148 1 | |
--------------------------------------------------
| 99 3 | 124 1 | 149 1 | |
--------------------------------------------------
| 100 1 | 125 1 | 150 4 | |
--------------------------------------------------
| 101 4 | 126 4 | | |
--------------------------------------------------
| 102 4 | 127 2 | | |
--------------------------------------------------
| 103 3 | 128 3 | | |
--------------------------------------------------
| 104 1 | 129 4 | | |
--------------------------------------------------
| 105 2 | 130 2 | | |
--------------------------------------------------
| 106 1 | 131 4 | | |
--------------------------------------------------
| 107 B | 132 2 | | |
--------------------------------------------------
| 108 2 | 133 3 | | |
--------------------------------------------------
| 109 1 | 134 3 | | |
--------------------------------------------------
| 110 1 | 135 2 | | |
--------------------------------------------------
| 111 3 | 136 2 | | |
--------------------------------------------------
| 112 4 | 137 4 | | |
--------------------------------------------------
| 113 4 | 138 3 | | |
--------------------------------------------------
| 114 4 | 139 3 | | |
--------------------------------------------------
| 115 3 | 140 3 | | |
--------------------------------------------------
A=1,2/B=1,3/C=1,4/D=2,3/E=2,4/F=3,4/Z=ALL
CTET JAN-2024 KEY EXAM-21/01/2024 Date. 13/02/2024 Page No. 53
Set :- I PAPER-I 13-NEPALI
--------------------------------------------------
| QNO ANS | QNO ANS | QNO ANS | QNO ANS |
--------------------------------------------------
| 91 2 | 116 3 | 141 4 | |
--------------------------------------------------
| 92 3 | 117 3 | 142 3 | |
--------------------------------------------------
| 93 4 | 118 1 | 143 2 | |
--------------------------------------------------
| 94 2 | 119 3 | 144 2 | |
--------------------------------------------------
| 95 4 | 120 3 | 145 1 | |
--------------------------------------------------
| 96 2 | 121 2 | 146 3 | |
--------------------------------------------------
| 97 1 | 122 4 | 147 3 | |
--------------------------------------------------
| 98 1 | 123 2 | 148 4 | |
--------------------------------------------------
| 99 3 | 124 1 | 149 4 | |
--------------------------------------------------
| 100 2 | 125 3 | 150 3 | |
--------------------------------------------------
| 101 3 | 126 3 | | |
--------------------------------------------------
| 102 4 | 127 2 | | |
--------------------------------------------------
| 103 3 | 128 4 | | |
--------------------------------------------------
| 104 4 | 129 3 | | |
--------------------------------------------------
| 105 1 | 130 2 | | |
--------------------------------------------------
| 106 E | 131 1 | | |
--------------------------------------------------
| 107 1 | 132 1 | | |
--------------------------------------------------
| 108 1 | 133 3 | | |
--------------------------------------------------
| 109 3 | 134 2 | | |
--------------------------------------------------
| 110 3 | 135 1 | | |
--------------------------------------------------
| 111 1 | 136 3 | | |
--------------------------------------------------
| 112 2 | 137 3 | | |
--------------------------------------------------
| 113 3 | 138 2 | | |
--------------------------------------------------
| 114 4 | 139 4 | | |
--------------------------------------------------
| 115 1 | 140 3 | | |
--------------------------------------------------
A=1,2/B=1,3/C=1,4/D=2,3/E=2,4/F=3,4/Z=ALL
CTET JAN-2024 KEY EXAM-21/01/2024 Date. 13/02/2024 Page No. 54
Set :- J PAPER-I 13-NEPALI
--------------------------------------------------
| QNO ANS | QNO ANS | QNO ANS | QNO ANS |
--------------------------------------------------
| 91 1 | 116 3 | 141 2 | |
--------------------------------------------------
| 92 2 | 117 4 | 142 2 | |
--------------------------------------------------
| 93 4 | 118 2 | 143 3 | |
--------------------------------------------------
| 94 2 | 119 2 | 144 1 | |
--------------------------------------------------
| 95 1 | 120 4 | 145 2 | |
--------------------------------------------------
| 96 1 | 121 4 | 146 2 | |
--------------------------------------------------
| 97 4 | 122 3 | 147 4 | |
--------------------------------------------------
| 98 3 | 123 1 | 148 2 | |
--------------------------------------------------
| 99 3 | 124 2 | 149 3 | |
--------------------------------------------------
| 100 2 | 125 2 | 150 1 | |
--------------------------------------------------
| 101 2 | 126 1 | | |
--------------------------------------------------
| 102 3 | 127 1 | | |
--------------------------------------------------
| 103 4 | 128 3 | | |
--------------------------------------------------
| 104 3 | 129 4 | | |
--------------------------------------------------
| 105 1 | 130 2 | | |
--------------------------------------------------
| 106 B | 131 1 | | |
--------------------------------------------------
| 107 2 | 132 4 | | |
--------------------------------------------------
| 108 4 | 133 2 | | |
--------------------------------------------------
| 109 2 | 134 1 | | |
--------------------------------------------------
| 110 2 | 135 4 | | |
--------------------------------------------------
| 111 1 | 136 1 | | |
--------------------------------------------------
| 112 2 | 137 2 | | |
--------------------------------------------------
| 113 4 | 138 3 | | |
--------------------------------------------------
| 114 2 | 139 2 | | |
--------------------------------------------------
| 115 4 | 140 3 | | |
--------------------------------------------------
A=1,2/B=1,3/C=1,4/D=2,3/E=2,4/F=3,4/Z=ALL
CTET JAN-2024 KEY EXAM-21/01/2024 Date. 13/02/2024 Page No. 55
Set :- K PAPER-I 13-NEPALI
--------------------------------------------------
| QNO ANS | QNO ANS | QNO ANS | QNO ANS |
--------------------------------------------------
| 91 4 | 116 1 | 141 1 | |
--------------------------------------------------
| 92 3 | 117 1 | 142 1 | |
--------------------------------------------------
| 93 3 | 118 3 | 143 1 | |
--------------------------------------------------
| 94 1 | 119 E | 144 2 | |
--------------------------------------------------
| 95 4 | 120 2 | 145 2 | |
--------------------------------------------------
| 96 2 | 121 4 | 146 1 | |
--------------------------------------------------
| 97 2 | 122 1 | 147 4 | |
--------------------------------------------------
| 98 1 | 123 4 | 148 1 | |
--------------------------------------------------
| 99 4 | 124 2 | 149 1 | |
--------------------------------------------------
| 100 3 | 125 4 | 150 2 | |
--------------------------------------------------
| 101 1 | 126 1 | | |
--------------------------------------------------
| 102 2 | 127 2 | | |
--------------------------------------------------
| 103 4 | 128 3 | | |
--------------------------------------------------
| 104 1 | 129 3 | | |
--------------------------------------------------
| 105 2 | 130 4 | | |
--------------------------------------------------
| 106 3 | 131 4 | | |
--------------------------------------------------
| 107 1 | 132 1 | | |
--------------------------------------------------
| 108 3 | 133 1 | | |
--------------------------------------------------
| 109 1 | 134 3 | | |
--------------------------------------------------
| 110 1 | 135 3 | | |
--------------------------------------------------
| 111 1 | 136 4 | | |
--------------------------------------------------
| 112 4 | 137 3 | | |
--------------------------------------------------
| 113 3 | 138 4 | | |
--------------------------------------------------
| 114 3 | 139 1 | | |
--------------------------------------------------
| 115 1 | 140 2 | | |
--------------------------------------------------
A=1,2/B=1,3/C=1,4/D=2,3/E=2,4/F=3,4/Z=ALL
CTET JAN-2024 KEY EXAM-21/01/2024 Date. 13/02/2024 Page No. 56
Set :- L PAPER-I 13-NEPALI
--------------------------------------------------
| QNO ANS | QNO ANS | QNO ANS | QNO ANS |
--------------------------------------------------
| 91 4 | 116 4 | 141 4 | |
--------------------------------------------------
| 92 1 | 117 2 | 142 1 | |
--------------------------------------------------
| 93 2 | 118 2 | 143 4 | |
--------------------------------------------------
| 94 3 | 119 3 | 144 4 | |
--------------------------------------------------
| 95 3 | 120 1 | 145 4 | |
--------------------------------------------------
| 96 4 | 121 3 | 146 4 | |
--------------------------------------------------
| 97 3 | 122 2 | 147 1 | |
--------------------------------------------------
| 98 1 | 123 1 | 148 4 | |
--------------------------------------------------
| 99 2 | 124 4 | 149 3 | |
--------------------------------------------------
| 100 1 | 125 1 | 150 4 | |
--------------------------------------------------
| 101 3 | 126 3 | | |
--------------------------------------------------
| 102 2 | 127 3 | | |
--------------------------------------------------
| 103 4 | 128 4 | | |
--------------------------------------------------
| 104 4 | 129 4 | | |
--------------------------------------------------
| 105 1 | 130 4 | | |
--------------------------------------------------
| 106 4 | 131 2 | | |
--------------------------------------------------
| 107 B | 132 3 | | |
--------------------------------------------------
| 108 2 | 133 2 | | |
--------------------------------------------------
| 109 2 | 134 2 | | |
--------------------------------------------------
| 110 4 | 135 3 | | |
--------------------------------------------------
| 111 4 | 136 3 | | |
--------------------------------------------------
| 112 4 | 137 1 | | |
--------------------------------------------------
| 113 4 | 138 2 | | |
--------------------------------------------------
| 114 4 | 139 3 | | |
--------------------------------------------------
| 115 2 | 140 1 | | |
--------------------------------------------------
A=1,2/B=1,3/C=1,4/D=2,3/E=2,4/F=3,4/Z=ALL
CTET JAN-2024 KEY EXAM-21/01/2024 Date. 13/02/2024 Page No. 57
Set :- I PAPER-I 14-ODIA
--------------------------------------------------
| QNO ANS | QNO ANS | QNO ANS | QNO ANS |
--------------------------------------------------
| 91 1 | 116 3 | 141 2 | |
--------------------------------------------------
| 92 3 | 117 3 | 142 2 | |
--------------------------------------------------
| 93 2 | 118 4 | 143 1 | |
--------------------------------------------------
| 94 3 | 119 3 | 144 4 | |
--------------------------------------------------
| 95 4 | 120 3 | 145 2 | |
--------------------------------------------------
| 96 1 | 121 1 | 146 3 | |
--------------------------------------------------
| 97 3 | 122 4 | 147 4 | |
--------------------------------------------------
| 98 3 | 123 3 | 148 3 | |
--------------------------------------------------
| 99 3 | 124 4 | 149 1 | |
--------------------------------------------------
| 100 2 | 125 3 | 150 1 | |
--------------------------------------------------
| 101 1 | 126 2 | | |
--------------------------------------------------
| 102 3 | 127 2 | | |
--------------------------------------------------
| 103 2 | 128 3 | | |
--------------------------------------------------
| 104 3 | 129 2 | | |
--------------------------------------------------
| 105 1 | 130 3 | | |
--------------------------------------------------
| 106 E | 131 4 | | |
--------------------------------------------------
| 107 4 | 132 3 | | |
--------------------------------------------------
| 108 3 | 133 1 | | |
--------------------------------------------------
| 109 4 | 134 4 | | |
--------------------------------------------------
| 110 4 | 135 2 | | |
--------------------------------------------------
| 111 1 | 136 2 | | |
--------------------------------------------------
| 112 1 | 137 4 | | |
--------------------------------------------------
| 113 2 | 138 2 | | |
--------------------------------------------------
| 114 4 | 139 2 | | |
--------------------------------------------------
| 115 2 | 140 3 | | |
--------------------------------------------------
A=1,2/B=1,3/C=1,4/D=2,3/E=2,4/F=3,4/Z=ALL
CTET JAN-2024 KEY EXAM-21/01/2024 Date. 13/02/2024 Page No. 58
Set :- J PAPER-I 14-ODIA
--------------------------------------------------
| QNO ANS | QNO ANS | QNO ANS | QNO ANS |
--------------------------------------------------
| 91 2 | 116 3 | 141 1 | |
--------------------------------------------------
| 92 2 | 117 1 | 142 2 | |
--------------------------------------------------
| 93 2 | 118 2 | 143 1 | |
--------------------------------------------------
| 94 2 | 119 2 | 144 3 | |
--------------------------------------------------
| 95 4 | 120 2 | 145 3 | |
--------------------------------------------------
| 96 4 | 121 3 | 146 4 | |
--------------------------------------------------
| 97 2 | 122 3 | 147 1 | |
--------------------------------------------------
| 98 3 | 123 1 | 148 1 | |
--------------------------------------------------
| 99 1 | 124 2 | 149 4 | |
--------------------------------------------------
| 100 1 | 125 1 | 150 4 | |
--------------------------------------------------
| 101 4 | 126 4 | | |
--------------------------------------------------
| 102 2 | 127 2 | | |
--------------------------------------------------
| 103 4 | 128 2 | | |
--------------------------------------------------
| 104 2 | 129 1 | | |
--------------------------------------------------
| 105 1 | 130 4 | | |
--------------------------------------------------
| 106 B | 131 3 | | |
--------------------------------------------------
| 107 2 | 132 3 | | |
--------------------------------------------------
| 108 3 | 133 1 | | |
--------------------------------------------------
| 109 3 | 134 2 | | |
--------------------------------------------------
| 110 2 | 135 2 | | |
--------------------------------------------------
| 111 4 | 136 1 | | |
--------------------------------------------------
| 112 1 | 137 2 | | |
--------------------------------------------------
| 113 4 | 138 1 | | |
--------------------------------------------------
| 114 3 | 139 3 | | |
--------------------------------------------------
| 115 3 | 140 2 | | |
--------------------------------------------------
A=1,2/B=1,3/C=1,4/D=2,3/E=2,4/F=3,4/Z=ALL
CTET JAN-2024 KEY EXAM-21/01/2024 Date. 13/02/2024 Page No. 59
Set :- K PAPER-I 14-ODIA
--------------------------------------------------
| QNO ANS | QNO ANS | QNO ANS | QNO ANS |
--------------------------------------------------
| 91 3 | 116 2 | 141 2 | |
--------------------------------------------------
| 92 1 | 117 1 | 142 2 | |
--------------------------------------------------
| 93 1 | 118 4 | 143 3 | |
--------------------------------------------------
| 94 1 | 119 E | 144 4 | |
--------------------------------------------------
| 95 3 | 120 2 | 145 4 | |
--------------------------------------------------
| 96 4 | 121 4 | 146 4 | |
--------------------------------------------------
| 97 2 | 122 1 | 147 2 | |
--------------------------------------------------
| 98 1 | 123 3 | 148 1 | |
--------------------------------------------------
| 99 1 | 124 2 | 149 1 | |
--------------------------------------------------
| 100 3 | 125 1 | 150 1 | |
--------------------------------------------------
| 101 3 | 126 4 | | |
--------------------------------------------------
| 102 1 | 127 1 | | |
--------------------------------------------------
| 103 4 | 128 2 | | |
--------------------------------------------------
| 104 4 | 129 4 | | |
--------------------------------------------------
| 105 1 | 130 1 | | |
--------------------------------------------------
| 106 2 | 131 2 | | |
--------------------------------------------------
| 107 1 | 132 3 | | |
--------------------------------------------------
| 108 1 | 133 4 | | |
--------------------------------------------------
| 109 1 | 134 1 | | |
--------------------------------------------------
| 110 4 | 135 2 | | |
--------------------------------------------------
| 111 1 | 136 4 | | |
--------------------------------------------------
| 112 3 | 137 4 | | |
--------------------------------------------------
| 113 2 | 138 3 | | |
--------------------------------------------------
| 114 3 | 139 4 | | |
--------------------------------------------------
| 115 2 | 140 3 | | |
--------------------------------------------------
A=1,2/B=1,3/C=1,4/D=2,3/E=2,4/F=3,4/Z=ALL
CTET JAN-2024 KEY EXAM-21/01/2024 Date. 13/02/2024 Page No. 60
Set :- L PAPER-I 14-ODIA
--------------------------------------------------
| QNO ANS | QNO ANS | QNO ANS | QNO ANS |
--------------------------------------------------
| 91 4 | 116 4 | 141 4 | |
--------------------------------------------------
| 92 3 | 117 4 | 142 3 | |
--------------------------------------------------
| 93 4 | 118 1 | 143 2 | |
--------------------------------------------------
| 94 2 | 119 2 | 144 3 | |
--------------------------------------------------
| 95 2 | 120 1 | 145 1 | |
--------------------------------------------------
| 96 4 | 121 3 | 146 3 | |
--------------------------------------------------
| 97 4 | 122 1 | 147 2 | |
--------------------------------------------------
| 98 1 | 123 4 | 148 1 | |
--------------------------------------------------
| 99 4 | 124 4 | 149 1 | |
--------------------------------------------------
| 100 4 | 125 1 | 150 4 | |
--------------------------------------------------
| 101 3 | 126 4 | | |
--------------------------------------------------
| 102 2 | 127 2 | | |
--------------------------------------------------
| 103 2 | 128 3 | | |
--------------------------------------------------
| 104 3 | 129 2 | | |
--------------------------------------------------
| 105 4 | 130 3 | | |
--------------------------------------------------
| 106 1 | 131 4 | | |
--------------------------------------------------
| 107 B | 132 4 | | |
--------------------------------------------------
| 108 2 | 133 3 | | |
--------------------------------------------------
| 109 1 | 134 1 | | |
--------------------------------------------------
| 110 1 | 135 1 | | |
--------------------------------------------------
| 111 3 | 136 2 | | |
--------------------------------------------------
| 112 4 | 137 4 | | |
--------------------------------------------------
| 113 4 | 138 3 | | |
--------------------------------------------------
| 114 4 | 139 3 | | |
--------------------------------------------------
| 115 3 | 140 3 | | |
--------------------------------------------------
A=1,2/B=1,3/C=1,4/D=2,3/E=2,4/F=3,4/Z=ALL
CTET JAN-2024 KEY EXAM-21/01/2024 Date. 13/02/2024 Page No. 61
Set :- I PAPER-I 15-PUNJABI
--------------------------------------------------
| QNO ANS | QNO ANS | QNO ANS | QNO ANS |
--------------------------------------------------
| 91 4 | 116 3 | 141 2 | |
--------------------------------------------------
| 92 2 | 117 3 | 142 2 | |
--------------------------------------------------
| 93 3 | 118 4 | 143 1 | |
--------------------------------------------------
| 94 2 | 119 3 | 144 4 | |
--------------------------------------------------
| 95 3 | 120 3 | 145 2 | |
--------------------------------------------------
| 96 1 | 121 2 | 146 3 | |
--------------------------------------------------
| 97 1 | 122 4 | 147 4 | |
--------------------------------------------------
| 98 4 | 123 2 | 148 3 | |
--------------------------------------------------
| 99 2 | 124 3 | 149 1 | |
--------------------------------------------------
| 100 1 | 125 1 | 150 1 | |
--------------------------------------------------
| 101 2 | 126 1 | | |
--------------------------------------------------
| 102 4 | 127 3 | | |
--------------------------------------------------
| 103 2 | 128 4 | | |
--------------------------------------------------
| 104 3 | 129 1 | | |
--------------------------------------------------
| 105 4 | 130 4 | | |
--------------------------------------------------
| 106 E | 131 3 | | |
--------------------------------------------------
| 107 4 | 132 2 | | |
--------------------------------------------------
| 108 3 | 133 2 | | |
--------------------------------------------------
| 109 4 | 134 3 | | |
--------------------------------------------------
| 110 4 | 135 4 | | |
--------------------------------------------------
| 111 1 | 136 2 | | |
--------------------------------------------------
| 112 1 | 137 4 | | |
--------------------------------------------------
| 113 2 | 138 2 | | |
--------------------------------------------------
| 114 4 | 139 2 | | |
--------------------------------------------------
| 115 2 | 140 3 | | |
--------------------------------------------------
A=1,2/B=1,3/C=1,4/D=2,3/E=2,4/F=3,4/Z=ALL
CTET JAN-2024 KEY EXAM-21/01/2024 Date. 13/02/2024 Page No. 62
Set :- J PAPER-I 15-PUNJABI
--------------------------------------------------
| QNO ANS | QNO ANS | QNO ANS | QNO ANS |
--------------------------------------------------
| 91 1 | 116 3 | 141 1 | |
--------------------------------------------------
| 92 1 | 117 1 | 142 2 | |
--------------------------------------------------
| 93 4 | 118 2 | 143 1 | |
--------------------------------------------------
| 94 1 | 119 2 | 144 3 | |
--------------------------------------------------
| 95 4 | 120 2 | 145 3 | |
--------------------------------------------------
| 96 3 | 121 2 | 146 4 | |
--------------------------------------------------
| 97 3 | 122 3 | 147 1 | |
--------------------------------------------------
| 98 2 | 123 2 | 148 1 | |
--------------------------------------------------
| 99 2 | 124 4 | 149 4 | |
--------------------------------------------------
| 100 1 | 125 4 | 150 4 | |
--------------------------------------------------
| 101 1 | 126 1 | | |
--------------------------------------------------
| 102 2 | 127 1 | | |
--------------------------------------------------
| 103 3 | 128 3 | | |
--------------------------------------------------
| 104 3 | 129 3 | | |
--------------------------------------------------
| 105 4 | 130 1 | | |
--------------------------------------------------
| 106 B | 131 2 | | |
--------------------------------------------------
| 107 2 | 132 2 | | |
--------------------------------------------------
| 108 3 | 133 4 | | |
--------------------------------------------------
| 109 3 | 134 3 | | |
--------------------------------------------------
| 110 2 | 135 1 | | |
--------------------------------------------------
| 111 4 | 136 1 | | |
--------------------------------------------------
| 112 1 | 137 2 | | |
--------------------------------------------------
| 113 4 | 138 1 | | |
--------------------------------------------------
| 114 3 | 139 3 | | |
--------------------------------------------------
| 115 3 | 140 2 | | |
--------------------------------------------------
A=1,2/B=1,3/C=1,4/D=2,3/E=2,4/F=3,4/Z=ALL
CTET JAN-2024 KEY EXAM-21/01/2024 Date. 13/02/2024 Page No. 63
Set :- K PAPER-I 15-PUNJABI
--------------------------------------------------
| QNO ANS | QNO ANS | QNO ANS | QNO ANS |
--------------------------------------------------
| 91 2 | 116 2 | 141 2 | |
--------------------------------------------------
| 92 2 | 117 1 | 142 2 | |
--------------------------------------------------
| 93 3 | 118 4 | 143 3 | |
--------------------------------------------------
| 94 4 | 119 E | 144 4 | |
--------------------------------------------------
| 95 3 | 120 2 | 145 4 | |
--------------------------------------------------
| 96 1 | 121 1 | 146 4 | |
--------------------------------------------------
| 97 1 | 122 3 | 147 2 | |
--------------------------------------------------
| 98 4 | 123 4 | 148 1 | |
--------------------------------------------------
| 99 4 | 124 2 | 149 1 | |
--------------------------------------------------
| 100 2 | 125 4 | 150 1 | |
--------------------------------------------------
| 101 4 | 126 3 | | |
--------------------------------------------------
| 102 1 | 127 2 | | |
--------------------------------------------------
| 103 3 | 128 1 | | |
--------------------------------------------------
| 104 4 | 129 2 | | |
--------------------------------------------------
| 105 2 | 130 2 | | |
--------------------------------------------------
| 106 2 | 131 1 | | |
--------------------------------------------------
| 107 1 | 132 4 | | |
--------------------------------------------------
| 108 1 | 133 3 | | |
--------------------------------------------------
| 109 1 | 134 4 | | |
--------------------------------------------------
| 110 4 | 135 1 | | |
--------------------------------------------------
| 111 1 | 136 4 | | |
--------------------------------------------------
| 112 3 | 137 4 | | |
--------------------------------------------------
| 113 2 | 138 3 | | |
--------------------------------------------------
| 114 3 | 139 4 | | |
--------------------------------------------------
| 115 2 | 140 3 | | |
--------------------------------------------------
A=1,2/B=1,3/C=1,4/D=2,3/E=2,4/F=3,4/Z=ALL
CTET JAN-2024 KEY EXAM-21/01/2024 Date. 13/02/2024 Page No. 64
Set :- L PAPER-I 15-PUNJABI
--------------------------------------------------
| QNO ANS | QNO ANS | QNO ANS | QNO ANS |
--------------------------------------------------
| 91 3 | 116 4 | 141 4 | |
--------------------------------------------------
| 92 4 | 117 4 | 142 3 | |
--------------------------------------------------
| 93 1 | 118 1 | 143 2 | |
--------------------------------------------------
| 94 2 | 119 2 | 144 3 | |
--------------------------------------------------
| 95 1 | 120 1 | 145 1 | |
--------------------------------------------------
| 96 3 | 121 4 | 146 3 | |
--------------------------------------------------
| 97 3 | 122 4 | 147 2 | |
--------------------------------------------------
| 98 4 | 123 1 | 148 1 | |
--------------------------------------------------
| 99 2 | 124 2 | 149 1 | |
--------------------------------------------------
| 100 1 | 125 1 | 150 4 | |
--------------------------------------------------
| 101 2 | 126 3 | | |
--------------------------------------------------
| 102 1 | 127 3 | | |
--------------------------------------------------
| 103 3 | 128 2 | | |
--------------------------------------------------
| 104 3 | 129 3 | | |
--------------------------------------------------
| 105 4 | 130 2 | | |
--------------------------------------------------
| 106 1 | 131 3 | | |
--------------------------------------------------
| 107 B | 132 1 | | |
--------------------------------------------------
| 108 2 | 133 1 | | |
--------------------------------------------------
| 109 1 | 134 4 | | |
--------------------------------------------------
| 110 1 | 135 4 | | |
--------------------------------------------------
| 111 3 | 136 2 | | |
--------------------------------------------------
| 112 4 | 137 4 | | |
--------------------------------------------------
| 113 4 | 138 3 | | |
--------------------------------------------------
| 114 4 | 139 3 | | |
--------------------------------------------------
| 115 3 | 140 3 | | |
--------------------------------------------------
A=1,2/B=1,3/C=1,4/D=2,3/E=2,4/F=3,4/Z=ALL
CTET JAN-2024 KEY EXAM-21/01/2024 Date. 13/02/2024 Page No. 65
Set :- I PAPER-I 16-SANSKRIT
--------------------------------------------------
| QNO ANS | QNO ANS | QNO ANS | QNO ANS |
--------------------------------------------------
| 91 4 | 116 3 | 141 2 | |
--------------------------------------------------
| 92 2 | 117 3 | 142 2 | |
--------------------------------------------------
| 93 2 | 118 4 | 143 1 | |
--------------------------------------------------
| 94 3 | 119 3 | 144 4 | |
--------------------------------------------------
| 95 3 | 120 3 | 145 2 | |
--------------------------------------------------
| 96 2 | 121 1 | 146 3 | |
--------------------------------------------------
| 97 1 | 122 3 | 147 4 | |
--------------------------------------------------
| 98 1 | 123 2 | 148 3 | |
--------------------------------------------------
| 99 4 | 124 4 | 149 1 | |
--------------------------------------------------
| 100 2 | 125 1 | 150 1 | |
--------------------------------------------------
| 101 3 | 126 1 | | |
--------------------------------------------------
| 102 4 | 127 2 | | |
--------------------------------------------------
| 103 1 | 128 2 | | |
--------------------------------------------------
| 104 4 | 129 1 | | |
--------------------------------------------------
| 105 3 | 130 3 | | |
--------------------------------------------------
| 106 E | 131 2 | | |
--------------------------------------------------
| 107 4 | 132 3 | | |
--------------------------------------------------
| 108 3 | 133 3 | | |
--------------------------------------------------
| 109 4 | 134 3 | | |
--------------------------------------------------
| 110 4 | 135 1 | | |
--------------------------------------------------
| 111 1 | 136 2 | | |
--------------------------------------------------
| 112 1 | 137 4 | | |
--------------------------------------------------
| 113 2 | 138 2 | | |
--------------------------------------------------
| 114 4 | 139 2 | | |
--------------------------------------------------
| 115 2 | 140 3 | | |
--------------------------------------------------
A=1,2/B=1,3/C=1,4/D=2,3/E=2,4/F=3,4/Z=ALL
CTET JAN-2024 KEY EXAM-21/01/2024 Date. 13/02/2024 Page No. 66
Set :- J PAPER-I 16-SANSKRIT
--------------------------------------------------
| QNO ANS | QNO ANS | QNO ANS | QNO ANS |
--------------------------------------------------
| 91 2 | 116 3 | 141 1 | |
--------------------------------------------------
| 92 3 | 117 1 | 142 2 | |
--------------------------------------------------
| 93 4 | 118 2 | 143 1 | |
--------------------------------------------------
| 94 1 | 119 2 | 144 3 | |
--------------------------------------------------
| 95 1 | 120 2 | 145 3 | |
--------------------------------------------------
| 96 3 | 121 3 | 146 4 | |
--------------------------------------------------
| 97 4 | 122 2 | 147 1 | |
--------------------------------------------------
| 98 2 | 123 1 | 148 1 | |
--------------------------------------------------
| 99 1 | 124 4 | 149 4 | |
--------------------------------------------------
| 100 4 | 125 4 | 150 4 | |
--------------------------------------------------
| 101 2 | 126 4 | | |
--------------------------------------------------
| 102 3 | 127 1 | | |
--------------------------------------------------
| 103 2 | 128 1 | | |
--------------------------------------------------
| 104 3 | 129 4 | | |
--------------------------------------------------
| 105 1 | 130 2 | | |
--------------------------------------------------
| 106 B | 131 2 | | |
--------------------------------------------------
| 107 2 | 132 1 | | |
--------------------------------------------------
| 108 3 | 133 4 | | |
--------------------------------------------------
| 109 3 | 134 2 | | |
--------------------------------------------------
| 110 2 | 135 2 | | |
--------------------------------------------------
| 111 4 | 136 1 | | |
--------------------------------------------------
| 112 1 | 137 2 | | |
--------------------------------------------------
| 113 4 | 138 1 | | |
--------------------------------------------------
| 114 3 | 139 3 | | |
--------------------------------------------------
| 115 3 | 140 2 | | |
--------------------------------------------------
A=1,2/B=1,3/C=1,4/D=2,3/E=2,4/F=3,4/Z=ALL
CTET JAN-2024 KEY EXAM-21/01/2024 Date. 13/02/2024 Page No. 67
Set :- K PAPER-I 16-SANSKRIT
--------------------------------------------------
| QNO ANS | QNO ANS | QNO ANS | QNO ANS |
--------------------------------------------------
| 91 2 | 116 2 | 141 2 | |
--------------------------------------------------
| 92 3 | 117 1 | 142 2 | |
--------------------------------------------------
| 93 3 | 118 4 | 143 3 | |
--------------------------------------------------
| 94 2 | 119 E | 144 4 | |
--------------------------------------------------
| 95 4 | 120 2 | 145 4 | |
--------------------------------------------------
| 96 4 | 121 4 | 146 4 | |
--------------------------------------------------
| 97 1 | 122 3 | 147 2 | |
--------------------------------------------------
| 98 4 | 123 3 | 148 1 | |
--------------------------------------------------
| 99 1 | 124 1 | 149 1 | |
--------------------------------------------------
| 100 1 | 125 4 | 150 1 | |
--------------------------------------------------
| 101 1 | 126 3 | | |
--------------------------------------------------
| 102 2 | 127 4 | | |
--------------------------------------------------
| 103 4 | 128 2 | | |
--------------------------------------------------
| 104 3 | 129 3 | | |
--------------------------------------------------
| 105 2 | 130 1 | | |
--------------------------------------------------
| 106 2 | 131 1 | | |
--------------------------------------------------
| 107 1 | 132 1 | | |
--------------------------------------------------
| 108 1 | 133 3 | | |
--------------------------------------------------
| 109 1 | 134 1 | | |
--------------------------------------------------
| 110 4 | 135 4 | | |
--------------------------------------------------
| 111 1 | 136 4 | | |
--------------------------------------------------
| 112 3 | 137 4 | | |
--------------------------------------------------
| 113 2 | 138 3 | | |
--------------------------------------------------
| 114 3 | 139 4 | | |
--------------------------------------------------
| 115 2 | 140 3 | | |
--------------------------------------------------
A=1,2/B=1,3/C=1,4/D=2,3/E=2,4/F=3,4/Z=ALL
CTET JAN-2024 KEY EXAM-21/01/2024 Date. 13/02/2024 Page No. 68
Set :- L PAPER-I 16-SANSKRIT
--------------------------------------------------
| QNO ANS | QNO ANS | QNO ANS | QNO ANS |
--------------------------------------------------
| 91 1 | 116 4 | 141 4 | |
--------------------------------------------------
| 92 3 | 117 4 | 142 3 | |
--------------------------------------------------
| 93 2 | 118 1 | 143 2 | |
--------------------------------------------------
| 94 3 | 119 2 | 144 3 | |
--------------------------------------------------
| 95 1 | 120 1 | 145 1 | |
--------------------------------------------------
| 96 3 | 121 3 | 146 3 | |
--------------------------------------------------
| 97 4 | 122 1 | 147 2 | |
--------------------------------------------------
| 98 4 | 123 3 | 148 1 | |
--------------------------------------------------
| 99 2 | 124 2 | 149 1 | |
--------------------------------------------------
| 100 1 | 125 4 | 150 4 | |
--------------------------------------------------
| 101 3 | 126 3 | | |
--------------------------------------------------
| 102 4 | 127 2 | | |
--------------------------------------------------
| 103 4 | 128 2 | | |
--------------------------------------------------
| 104 2 | 129 4 | | |
--------------------------------------------------
| 105 1 | 130 2 | | |
--------------------------------------------------
| 106 1 | 131 4 | | |
--------------------------------------------------
| 107 B | 132 4 | | |
--------------------------------------------------
| 108 2 | 133 2 | | |
--------------------------------------------------
| 109 1 | 134 3 | | |
--------------------------------------------------
| 110 1 | 135 4 | | |
--------------------------------------------------
| 111 3 | 136 2 | | |
--------------------------------------------------
| 112 4 | 137 4 | | |
--------------------------------------------------
| 113 4 | 138 3 | | |
--------------------------------------------------
| 114 4 | 139 3 | | |
--------------------------------------------------
| 115 3 | 140 3 | | |
--------------------------------------------------
A=1,2/B=1,3/C=1,4/D=2,3/E=2,4/F=3,4/Z=ALL
CTET JAN-2024 KEY EXAM-21/01/2024 Date. 13/02/2024 Page No. 69
Set :- I PAPER-I 17-TAMIL
--------------------------------------------------
| QNO ANS | QNO ANS | QNO ANS | QNO ANS |
--------------------------------------------------
| 91 1 | 116 3 | 141 2 | |
--------------------------------------------------
| 92 2 | 117 3 | 142 2 | |
--------------------------------------------------
| 93 3 | 118 4 | 143 1 | |
--------------------------------------------------
| 94 1 | 119 3 | 144 4 | |
--------------------------------------------------
| 95 4 | 120 3 | 145 2 | |
--------------------------------------------------
| 96 1 | 121 1 | 146 3 | |
--------------------------------------------------
| 97 4 | 122 1 | 147 4 | |
--------------------------------------------------
| 98 3 | 123 1 | 148 3 | |
--------------------------------------------------
| 99 1 | 124 2 | 149 1 | |
--------------------------------------------------
| 100 1 | 125 3 | 150 1 | |
--------------------------------------------------
| 101 2 | 126 1 | | |
--------------------------------------------------
| 102 4 | 127 1 | | |
--------------------------------------------------
| 103 4 | 128 3 | | |
--------------------------------------------------
| 104 2 | 129 4 | | |
--------------------------------------------------
| 105 1 | 130 3 | | |
--------------------------------------------------
| 106 E | 131 1 | | |
--------------------------------------------------
| 107 4 | 132 1 | | |
--------------------------------------------------
| 108 3 | 133 3 | | |
--------------------------------------------------
| 109 4 | 134 2 | | |
--------------------------------------------------
| 110 4 | 135 1 | | |
--------------------------------------------------
| 111 1 | 136 2 | | |
--------------------------------------------------
| 112 1 | 137 4 | | |
--------------------------------------------------
| 113 2 | 138 2 | | |
--------------------------------------------------
| 114 4 | 139 2 | | |
--------------------------------------------------
| 115 2 | 140 3 | | |
--------------------------------------------------
A=1,2/B=1,3/C=1,4/D=2,3/E=2,4/F=3,4/Z=ALL
CTET JAN-2024 KEY EXAM-21/01/2024 Date. 13/02/2024 Page No. 70
Set :- J PAPER-I 17-TAMIL
--------------------------------------------------
| QNO ANS | QNO ANS | QNO ANS | QNO ANS |
--------------------------------------------------
| 91 4 | 116 3 | 141 1 | |
--------------------------------------------------
| 92 4 | 117 1 | 142 2 | |
--------------------------------------------------
| 93 3 | 118 2 | 143 1 | |
--------------------------------------------------
| 94 1 | 119 2 | 144 3 | |
--------------------------------------------------
| 95 4 | 120 2 | 145 3 | |
--------------------------------------------------
| 96 4 | 121 1 | 146 4 | |
--------------------------------------------------
| 97 2 | 122 4 | 147 1 | |
--------------------------------------------------
| 98 3 | 123 4 | 148 1 | |
--------------------------------------------------
| 99 2 | 124 2 | 149 4 | |
--------------------------------------------------
| 100 3 | 125 4 | 150 4 | |
--------------------------------------------------
| 101 1 | 126 4 | | |
--------------------------------------------------
| 102 1 | 127 4 | | |
--------------------------------------------------
| 103 4 | 128 2 | | |
--------------------------------------------------
| 104 3 | 129 4 | | |
--------------------------------------------------
| 105 4 | 130 2 | | |
--------------------------------------------------
| 106 B | 131 1 | | |
--------------------------------------------------
| 107 2 | 132 4 | | |
--------------------------------------------------
| 108 3 | 133 3 | | |
--------------------------------------------------
| 109 3 | 134 2 | | |
--------------------------------------------------
| 110 2 | 135 4 | | |
--------------------------------------------------
| 111 4 | 136 1 | | |
--------------------------------------------------
| 112 1 | 137 2 | | |
--------------------------------------------------
| 113 4 | 138 1 | | |
--------------------------------------------------
| 114 3 | 139 3 | | |
--------------------------------------------------
| 115 3 | 140 2 | | |
--------------------------------------------------
A=1,2/B=1,3/C=1,4/D=2,3/E=2,4/F=3,4/Z=ALL
CTET JAN-2024 KEY EXAM-21/01/2024 Date. 13/02/2024 Page No. 71
Set :- K PAPER-I 17-TAMIL
--------------------------------------------------
| QNO ANS | QNO ANS | QNO ANS | QNO ANS |
--------------------------------------------------
| 91 3 | 116 2 | 141 2 | |
--------------------------------------------------
| 92 1 | 117 1 | 142 2 | |
--------------------------------------------------
| 93 2 | 118 4 | 143 3 | |
--------------------------------------------------
| 94 3 | 119 E | 144 4 | |
--------------------------------------------------
| 95 3 | 120 2 | 145 4 | |
--------------------------------------------------
| 96 1 | 121 3 | 146 4 | |
--------------------------------------------------
| 97 2 | 122 1 | 147 2 | |
--------------------------------------------------
| 98 4 | 123 3 | 148 1 | |
--------------------------------------------------
| 99 3 | 124 3 | 149 1 | |
--------------------------------------------------
| 100 3 | 125 3 | 150 1 | |
--------------------------------------------------
| 101 4 | 126 3 | | |
--------------------------------------------------
| 102 4 | 127 1 | | |
--------------------------------------------------
| 103 3 | 128 4 | | |
--------------------------------------------------
| 104 2 | 129 3 | | |
--------------------------------------------------
| 105 2 | 130 1 | | |
--------------------------------------------------
| 106 2 | 131 4 | | |
--------------------------------------------------
| 107 1 | 132 1 | | |
--------------------------------------------------
| 108 1 | 133 2 | | |
--------------------------------------------------
| 109 1 | 134 3 | | |
--------------------------------------------------
| 110 4 | 135 3 | | |
--------------------------------------------------
| 111 1 | 136 4 | | |
--------------------------------------------------
| 112 3 | 137 4 | | |
--------------------------------------------------
| 113 2 | 138 3 | | |
--------------------------------------------------
| 114 3 | 139 4 | | |
--------------------------------------------------
| 115 2 | 140 3 | | |
--------------------------------------------------
A=1,2/B=1,3/C=1,4/D=2,3/E=2,4/F=3,4/Z=ALL
CTET JAN-2024 KEY EXAM-21/01/2024 Date. 13/02/2024 Page No. 72
Set :- L PAPER-I 17-TAMIL
--------------------------------------------------
| QNO ANS | QNO ANS | QNO ANS | QNO ANS |
--------------------------------------------------
| 91 2 | 116 4 | 141 4 | |
--------------------------------------------------
| 92 4 | 117 4 | 142 3 | |
--------------------------------------------------
| 93 4 | 118 1 | 143 2 | |
--------------------------------------------------
| 94 2 | 119 2 | 144 3 | |
--------------------------------------------------
| 95 2 | 120 1 | 145 1 | |
--------------------------------------------------
| 96 3 | 121 2 | 146 3 | |
--------------------------------------------------
| 97 2 | 122 3 | 147 2 | |
--------------------------------------------------
| 98 1 | 123 4 | 148 1 | |
--------------------------------------------------
| 99 1 | 124 4 | 149 1 | |
--------------------------------------------------
| 100 1 | 125 2 | 150 4 | |
--------------------------------------------------
| 101 2 | 126 2 | | |
--------------------------------------------------
| 102 2 | 127 2 | | |
--------------------------------------------------
| 103 3 | 128 2 | | |
--------------------------------------------------
| 104 1 | 129 4 | | |
--------------------------------------------------
| 105 3 | 130 1 | | |
--------------------------------------------------
| 106 1 | 131 2 | | |
--------------------------------------------------
| 107 B | 132 4 | | |
--------------------------------------------------
| 108 2 | 133 2 | | |
--------------------------------------------------
| 109 1 | 134 2 | | |
--------------------------------------------------
| 110 1 | 135 3 | | |
--------------------------------------------------
| 111 3 | 136 2 | | |
--------------------------------------------------
| 112 4 | 137 4 | | |
--------------------------------------------------
| 113 4 | 138 3 | | |
--------------------------------------------------
| 114 4 | 139 3 | | |
--------------------------------------------------
| 115 3 | 140 3 | | |
--------------------------------------------------
A=1,2/B=1,3/C=1,4/D=2,3/E=2,4/F=3,4/Z=ALL
CTET JAN-2024 KEY EXAM-21/01/2024 Date. 13/02/2024 Page No. 73
Set :- I PAPER-I 18-TELUGU
--------------------------------------------------
| QNO ANS | QNO ANS | QNO ANS | QNO ANS |
--------------------------------------------------
| 91 4 | 116 3 | 141 2 | |
--------------------------------------------------
| 92 3 | 117 3 | 142 2 | |
--------------------------------------------------
| 93 4 | 118 4 | 143 1 | |
--------------------------------------------------
| 94 1 | 119 3 | 144 4 | |
--------------------------------------------------
| 95 2 | 120 3 | 145 2 | |
--------------------------------------------------
| 96 1 | 121 1 | 146 3 | |
--------------------------------------------------
| 97 1 | 122 3 | 147 4 | |
--------------------------------------------------
| 98 1 | 123 2 | 148 3 | |
--------------------------------------------------
| 99 2 | 124 1 | 149 1 | |
--------------------------------------------------
| 100 1 | 125 1 | 150 1 | |
--------------------------------------------------
| 101 1 | 126 1 | | |
--------------------------------------------------
| 102 2 | 127 1 | | |
--------------------------------------------------
| 103 1 | 128 2 | | |
--------------------------------------------------
| 104 3 | 129 2 | | |
--------------------------------------------------
| 105 1 | 130 2 | | |
--------------------------------------------------
| 106 E | 131 1 | | |
--------------------------------------------------
| 107 4 | 132 1 | | |
--------------------------------------------------
| 108 3 | 133 3 | | |
--------------------------------------------------
| 109 4 | 134 2 | | |
--------------------------------------------------
| 110 4 | 135 1 | | |
--------------------------------------------------
| 111 1 | 136 2 | | |
--------------------------------------------------
| 112 1 | 137 4 | | |
--------------------------------------------------
| 113 2 | 138 2 | | |
--------------------------------------------------
| 114 4 | 139 2 | | |
--------------------------------------------------
| 115 2 | 140 3 | | |
--------------------------------------------------
A=1,2/B=1,3/C=1,4/D=2,3/E=2,4/F=3,4/Z=ALL
CTET JAN-2024 KEY EXAM-21/01/2024 Date. 13/02/2024 Page No. 74
Set :- J PAPER-I 18-TELUGU
--------------------------------------------------
| QNO ANS | QNO ANS | QNO ANS | QNO ANS |
--------------------------------------------------
| 91 4 | 116 3 | 141 1 | |
--------------------------------------------------
| 92 1 | 117 1 | 142 2 | |
--------------------------------------------------
| 93 4 | 118 2 | 143 1 | |
--------------------------------------------------
| 94 2 | 119 2 | 144 3 | |
--------------------------------------------------
| 95 4 | 120 2 | 145 3 | |
--------------------------------------------------
| 96 3 | 121 4 | 146 4 | |
--------------------------------------------------
| 97 4 | 122 2 | 147 1 | |
--------------------------------------------------
| 98 1 | 123 4 | 148 1 | |
--------------------------------------------------
| 99 3 | 124 4 | 149 4 | |
--------------------------------------------------
| 100 4 | 125 4 | 150 4 | |
--------------------------------------------------
| 101 4 | 126 4 | | |
--------------------------------------------------
| 102 2 | 127 1 | | |
--------------------------------------------------
| 103 4 | 128 1 | | |
--------------------------------------------------
| 104 1 | 129 4 | | |
--------------------------------------------------
| 105 4 | 130 2 | | |
--------------------------------------------------
| 106 B | 131 1 | | |
--------------------------------------------------
| 107 2 | 132 4 | | |
--------------------------------------------------
| 108 3 | 133 1 | | |
--------------------------------------------------
| 109 3 | 134 1 | | |
--------------------------------------------------
| 110 2 | 135 4 | | |
--------------------------------------------------
| 111 4 | 136 1 | | |
--------------------------------------------------
| 112 1 | 137 2 | | |
--------------------------------------------------
| 113 4 | 138 1 | | |
--------------------------------------------------
| 114 3 | 139 3 | | |
--------------------------------------------------
| 115 3 | 140 2 | | |
--------------------------------------------------
A=1,2/B=1,3/C=1,4/D=2,3/E=2,4/F=3,4/Z=ALL
CTET JAN-2024 KEY EXAM-21/01/2024 Date. 13/02/2024 Page No. 75
Set :- K PAPER-I 18-TELUGU
--------------------------------------------------
| QNO ANS | QNO ANS | QNO ANS | QNO ANS |
--------------------------------------------------
| 91 2 | 116 2 | 141 2 | |
--------------------------------------------------
| 92 3 | 117 1 | 142 2 | |
--------------------------------------------------
| 93 3 | 118 4 | 143 3 | |
--------------------------------------------------
| 94 4 | 119 E | 144 4 | |
--------------------------------------------------
| 95 3 | 120 2 | 145 4 | |
--------------------------------------------------
| 96 2 | 121 3 | 146 4 | |
--------------------------------------------------
| 97 4 | 122 3 | 147 2 | |
--------------------------------------------------
| 98 1 | 123 3 | 148 1 | |
--------------------------------------------------
| 99 3 | 124 1 | 149 1 | |
--------------------------------------------------
| 100 3 | 125 4 | 150 1 | |
--------------------------------------------------
| 101 3 | 126 3 | | |
--------------------------------------------------
| 102 1 | 127 4 | | |
--------------------------------------------------
| 103 3 | 128 3 | | |
--------------------------------------------------
| 104 3 | 129 3 | | |
--------------------------------------------------
| 105 4 | 130 4 | | |
--------------------------------------------------
| 106 2 | 131 4 | | |
--------------------------------------------------
| 107 1 | 132 1 | | |
--------------------------------------------------
| 108 1 | 133 4 | | |
--------------------------------------------------
| 109 1 | 134 3 | | |
--------------------------------------------------
| 110 4 | 135 3 | | |
--------------------------------------------------
| 111 1 | 136 4 | | |
--------------------------------------------------
| 112 3 | 137 4 | | |
--------------------------------------------------
| 113 2 | 138 3 | | |
--------------------------------------------------
| 114 3 | 139 4 | | |
--------------------------------------------------
| 115 2 | 140 3 | | |
--------------------------------------------------
A=1,2/B=1,3/C=1,4/D=2,3/E=2,4/F=3,4/Z=ALL
CTET JAN-2024 KEY EXAM-21/01/2024 Date. 13/02/2024 Page No. 76
Set :- L PAPER-I 18-TELUGU
--------------------------------------------------
| QNO ANS | QNO ANS | QNO ANS | QNO ANS |
--------------------------------------------------
| 91 3 | 116 4 | 141 4 | |
--------------------------------------------------
| 92 1 | 117 4 | 142 3 | |
--------------------------------------------------
| 93 2 | 118 1 | 143 2 | |
--------------------------------------------------
| 94 2 | 119 2 | 144 3 | |
--------------------------------------------------
| 95 1 | 120 1 | 145 1 | |
--------------------------------------------------
| 96 4 | 121 2 | 146 3 | |
--------------------------------------------------
| 97 2 | 122 2 | 147 2 | |
--------------------------------------------------
| 98 3 | 123 3 | 148 1 | |
--------------------------------------------------
| 99 2 | 124 2 | 149 1 | |
--------------------------------------------------
| 100 3 | 125 4 | 150 4 | |
--------------------------------------------------
| 101 2 | 126 3 | | |
--------------------------------------------------
| 102 2 | 127 2 | | |
--------------------------------------------------
| 103 2 | 128 2 | | |
--------------------------------------------------
| 104 2 | 129 4 | | |
--------------------------------------------------
| 105 4 | 130 3 | | |
--------------------------------------------------
| 106 1 | 131 2 | | |
--------------------------------------------------
| 107 B | 132 3 | | |
--------------------------------------------------
| 108 2 | 133 2 | | |
--------------------------------------------------
| 109 1 | 134 2 | | |
--------------------------------------------------
| 110 1 | 135 3 | | |
--------------------------------------------------
| 111 3 | 136 2 | | |
--------------------------------------------------
| 112 4 | 137 4 | | |
--------------------------------------------------
| 113 4 | 138 3 | | |
--------------------------------------------------
| 114 4 | 139 3 | | |
--------------------------------------------------
| 115 3 | 140 3 | | |
--------------------------------------------------
A=1,2/B=1,3/C=1,4/D=2,3/E=2,4/F=3,4/Z=ALL
CTET JAN-2024 KEY EXAM-21/01/2024 Date. 13/02/2024 Page No. 77
Set :- I PAPER-I 19-TIBETAN
--------------------------------------------------
| QNO ANS | QNO ANS | QNO ANS | QNO ANS |
--------------------------------------------------
| 91 3 | 116 1 | 141 2 | |
--------------------------------------------------
| 92 2 | 117 3 | 142 4 | |
--------------------------------------------------
| 93 2 | 118 2 | 143 2 | |
--------------------------------------------------
| 94 2 | 119 1 | 144 2 | |
--------------------------------------------------
| 95 1 | 120 2 | 145 1 | |
--------------------------------------------------
| 96 2 | 121 1 | 146 4 | |
--------------------------------------------------
| 97 2 | 122 3 | 147 1 | |
--------------------------------------------------
| 98 2 | 123 3 | 148 3 | |
--------------------------------------------------
| 99 2 | 124 2 | 149 2 | |
--------------------------------------------------
| 100 2 | 125 2 | 150 1 | |
--------------------------------------------------
| 101 2 | 126 1 | | |
--------------------------------------------------
| 102 4 | 127 2 | | |
--------------------------------------------------
| 103 1 | 128 4 | | |
--------------------------------------------------
| 104 3 | 129 2 | | |
--------------------------------------------------
| 105 2 | 130 2 | | |
--------------------------------------------------
| 106 E | 131 4 | | |
--------------------------------------------------
| 107 3 | 132 1 | | |
--------------------------------------------------
| 108 Z | 133 4 | | |
--------------------------------------------------
| 109 3 | 134 2 | | |
--------------------------------------------------
| 110 3 | 135 3 | | |
--------------------------------------------------
| 111 2 | 136 3 | | |
--------------------------------------------------
| 112 2 | 137 2 | | |
--------------------------------------------------
| 113 1 | 138 3 | | |
--------------------------------------------------
| 114 1 | 139 2 | | |
--------------------------------------------------
| 115 4 | 140 1 | | |
--------------------------------------------------
A=1,2/B=1,3/C=1,4/D=2,3/E=2,4/F=3,4/Z=ALL
CTET JAN-2024 KEY EXAM-21/01/2024 Date. 13/02/2024 Page No. 78
Set :- J PAPER-I 19-TIBETAN
--------------------------------------------------
| QNO ANS | QNO ANS | QNO ANS | QNO ANS |
--------------------------------------------------
| 91 1 | 116 4 | 141 2 | |
--------------------------------------------------
| 92 1 | 117 3 | 142 4 | |
--------------------------------------------------
| 93 1 | 118 1 | 143 1 | |
--------------------------------------------------
| 94 1 | 119 4 | 144 1 | |
--------------------------------------------------
| 95 1 | 120 Z | 145 1 | |
--------------------------------------------------
| 96 2 | 121 1 | 146 4 | |
--------------------------------------------------
| 97 1 | 122 2 | 147 4 | |
--------------------------------------------------
| 98 4 | 123 1 | 148 3 | |
--------------------------------------------------
| 99 1 | 124 1 | 149 1 | |
--------------------------------------------------
| 100 4 | 125 4 | 150 1 | |
--------------------------------------------------
| 101 1 | 126 4 | | |
--------------------------------------------------
| 102 2 | 127 2 | | |
--------------------------------------------------
| 103 1 | 128 3 | | |
--------------------------------------------------
| 104 3 | 129 2 | | |
--------------------------------------------------
| 105 1 | 130 3 | | |
--------------------------------------------------
| 106 B | 131 1 | | |
--------------------------------------------------
| 107 2 | 132 3 | | |
--------------------------------------------------
| 108 2 | 133 1 | | |
--------------------------------------------------
| 109 2 | 134 1 | | |
--------------------------------------------------
| 110 4 | 135 4 | | |
--------------------------------------------------
| 111 1 | 136 2 | | |
--------------------------------------------------
| 112 4 | 137 3 | | |
--------------------------------------------------
| 113 1 | 138 1 | | |
--------------------------------------------------
| 114 2 | 139 4 | | |
--------------------------------------------------
| 115 1 | 140 2 | | |
--------------------------------------------------
A=1,2/B=1,3/C=1,4/D=2,3/E=2,4/F=3,4/Z=ALL
CTET JAN-2024 KEY EXAM-21/01/2024 Date. 13/02/2024 Page No. 79
Set :- K PAPER-I 19-TIBETAN
--------------------------------------------------
| QNO ANS | QNO ANS | QNO ANS | QNO ANS |
--------------------------------------------------
| 91 1 | 116 1 | 141 4 | |
--------------------------------------------------
| 92 4 | 117 4 | 142 3 | |
--------------------------------------------------
| 93 4 | 118 2 | 143 3 | |
--------------------------------------------------
| 94 4 | 119 E | 144 4 | |
--------------------------------------------------
| 95 4 | 120 3 | 145 4 | |
--------------------------------------------------
| 96 4 | 121 4 | 146 1 | |
--------------------------------------------------
| 97 3 | 122 4 | 147 4 | |
--------------------------------------------------
| 98 4 | 123 3 | 148 3 | |
--------------------------------------------------
| 99 4 | 124 1 | 149 2 | |
--------------------------------------------------
| 100 4 | 125 1 | 150 1 | |
--------------------------------------------------
| 101 4 | 126 3 | | |
--------------------------------------------------
| 102 1 | 127 2 | | |
--------------------------------------------------
| 103 4 | 128 4 | | |
--------------------------------------------------
| 104 3 | 129 1 | | |
--------------------------------------------------
| 105 2 | 130 4 | | |
--------------------------------------------------
| 106 1 | 131 4 | | |
--------------------------------------------------
| 107 1 | 132 2 | | |
--------------------------------------------------
| 108 Z | 133 4 | | |
--------------------------------------------------
| 109 3 | 134 3 | | |
--------------------------------------------------
| 110 3 | 135 2 | | |
--------------------------------------------------
| 111 3 | 136 1 | | |
--------------------------------------------------
| 112 4 | 137 3 | | |
--------------------------------------------------
| 113 4 | 138 4 | | |
--------------------------------------------------
| 114 4 | 139 2 | | |
--------------------------------------------------
| 115 1 | 140 4 | | |
--------------------------------------------------
A=1,2/B=1,3/C=1,4/D=2,3/E=2,4/F=3,4/Z=ALL
CTET JAN-2024 KEY EXAM-21/01/2024 Date. 13/02/2024 Page No. 80
Set :- L PAPER-I 19-TIBETAN
--------------------------------------------------
| QNO ANS | QNO ANS | QNO ANS | QNO ANS |
--------------------------------------------------
| 91 3 | 116 2 | 141 1 | |
--------------------------------------------------
| 92 3 | 117 Z | 142 3 | |
--------------------------------------------------
| 93 3 | 118 3 | 143 2 | |
--------------------------------------------------
| 94 3 | 119 3 | 144 4 | |
--------------------------------------------------
| 95 4 | 120 2 | 145 3 | |
--------------------------------------------------
| 96 3 | 121 3 | 146 1 | |
--------------------------------------------------
| 97 3 | 122 3 | 147 3 | |
--------------------------------------------------
| 98 2 | 123 1 | 148 2 | |
--------------------------------------------------
| 99 3 | 124 3 | 149 3 | |
--------------------------------------------------
| 100 1 | 125 4 | 150 2 | |
--------------------------------------------------
| 101 3 | 126 4 | | |
--------------------------------------------------
| 102 3 | 127 2 | | |
--------------------------------------------------
| 103 3 | 128 2 | | |
--------------------------------------------------
| 104 2 | 129 1 | | |
--------------------------------------------------
| 105 4 | 130 3 | | |
--------------------------------------------------
| 106 4 | 131 2 | | |
--------------------------------------------------
| 107 B | 132 3 | | |
--------------------------------------------------
| 108 3 | 133 4 | | |
--------------------------------------------------
| 109 4 | 134 1 | | |
--------------------------------------------------
| 110 4 | 135 3 | | |
--------------------------------------------------
| 111 2 | 136 3 | | |
--------------------------------------------------
| 112 4 | 137 4 | | |
--------------------------------------------------
| 113 3 | 138 2 | | |
--------------------------------------------------
| 114 2 | 139 4 | | |
--------------------------------------------------
| 115 1 | 140 3 | | |
--------------------------------------------------
A=1,2/B=1,3/C=1,4/D=2,3/E=2,4/F=3,4/Z=ALL
CTET JAN-2024 KEY EXAM-21/01/2024 Date. 13/02/2024 Page No. 81
Set :- I PAPER-I 20-URDU
--------------------------------------------------
| QNO ANS | QNO ANS | QNO ANS | QNO ANS |
--------------------------------------------------
| 91 2 | 116 3 | 141 2 | |
--------------------------------------------------
| 92 1 | 117 3 | 142 2 | |
--------------------------------------------------
| 93 1 | 118 4 | 143 1 | |
--------------------------------------------------
| 94 1 | 119 3 | 144 4 | |
--------------------------------------------------
| 95 1 | 120 3 | 145 2 | |
--------------------------------------------------
| 96 1 | 121 1 | 146 3 | |
--------------------------------------------------
| 97 3 | 122 3 | 147 4 | |
--------------------------------------------------
| 98 2 | 123 1 | 148 3 | |
--------------------------------------------------
| 99 2 | 124 1 | 149 1 | |
--------------------------------------------------
| 100 1 | 125 2 | 150 1 | |
--------------------------------------------------
| 101 1 | 126 1 | | |
--------------------------------------------------
| 102 2 | 127 1 | | |
--------------------------------------------------
| 103 2 | 128 3 | | |
--------------------------------------------------
| 104 3 | 129 2 | | |
--------------------------------------------------
| 105 1 | 130 3 | | |
--------------------------------------------------
| 106 E | 131 2 | | |
--------------------------------------------------
| 107 4 | 132 1 | | |
--------------------------------------------------
| 108 3 | 133 2 | | |
--------------------------------------------------
| 109 4 | 134 1 | | |
--------------------------------------------------
| 110 4 | 135 1 | | |
--------------------------------------------------
| 111 1 | 136 2 | | |
--------------------------------------------------
| 112 1 | 137 4 | | |
--------------------------------------------------
| 113 2 | 138 2 | | |
--------------------------------------------------
| 114 4 | 139 2 | | |
--------------------------------------------------
| 115 2 | 140 3 | | |
--------------------------------------------------
A=1,2/B=1,3/C=1,4/D=2,3/E=2,4/F=3,4/Z=ALL
CTET JAN-2024 KEY EXAM-21/01/2024 Date. 13/02/2024 Page No. 82
Set :- J PAPER-I 20-URDU
--------------------------------------------------
| QNO ANS | QNO ANS | QNO ANS | QNO ANS |
--------------------------------------------------
| 91 4 | 116 3 | 141 1 | |
--------------------------------------------------
| 92 1 | 117 1 | 142 2 | |
--------------------------------------------------
| 93 2 | 118 2 | 143 1 | |
--------------------------------------------------
| 94 4 | 119 2 | 144 3 | |
--------------------------------------------------
| 95 4 | 120 2 | 145 3 | |
--------------------------------------------------
| 96 1 | 121 4 | 146 4 | |
--------------------------------------------------
| 97 1 | 122 2 | 147 1 | |
--------------------------------------------------
| 98 4 | 123 4 | 148 1 | |
--------------------------------------------------
| 99 4 | 124 1 | 149 4 | |
--------------------------------------------------
| 100 1 | 125 4 | 150 4 | |
--------------------------------------------------
| 101 4 | 126 4 | | |
--------------------------------------------------
| 102 2 | 127 4 | | |
--------------------------------------------------
| 103 4 | 128 2 | | |
--------------------------------------------------
| 104 1 | 129 4 | | |
--------------------------------------------------
| 105 4 | 130 1 | | |
--------------------------------------------------
| 106 B | 131 4 | | |
--------------------------------------------------
| 107 2 | 132 1 | | |
--------------------------------------------------
| 108 3 | 133 1 | | |
--------------------------------------------------
| 109 3 | 134 2 | | |
--------------------------------------------------
| 110 2 | 135 4 | | |
--------------------------------------------------
| 111 4 | 136 1 | | |
--------------------------------------------------
| 112 1 | 137 2 | | |
--------------------------------------------------
| 113 4 | 138 1 | | |
--------------------------------------------------
| 114 3 | 139 3 | | |
--------------------------------------------------
| 115 3 | 140 2 | | |
--------------------------------------------------
A=1,2/B=1,3/C=1,4/D=2,3/E=2,4/F=3,4/Z=ALL
CTET JAN-2024 KEY EXAM-21/01/2024 Date. 13/02/2024 Page No. 83
Set :- K PAPER-I 20-URDU
--------------------------------------------------
| QNO ANS | QNO ANS | QNO ANS | QNO ANS |
--------------------------------------------------
| 91 4 | 116 2 | 141 2 | |
--------------------------------------------------
| 92 4 | 117 1 | 142 2 | |
--------------------------------------------------
| 93 1 | 118 4 | 143 3 | |
--------------------------------------------------
| 94 4 | 119 E | 144 4 | |
--------------------------------------------------
| 95 3 | 120 2 | 145 4 | |
--------------------------------------------------
| 96 3 | 121 3 | 146 4 | |
--------------------------------------------------
| 97 3 | 122 4 | 147 2 | |
--------------------------------------------------
| 98 3 | 123 3 | 148 1 | |
--------------------------------------------------
| 99 3 | 124 1 | 149 1 | |
--------------------------------------------------
| 100 3 | 125 3 | 150 1 | |
--------------------------------------------------
| 101 3 | 126 3 | | |
--------------------------------------------------
| 102 1 | 127 1 | | |
--------------------------------------------------
| 103 3 | 128 3 | | |
--------------------------------------------------
| 104 4 | 129 3 | | |
--------------------------------------------------
| 105 4 | 130 1 | | |
--------------------------------------------------
| 106 2 | 131 3 | | |
--------------------------------------------------
| 107 1 | 132 4 | | |
--------------------------------------------------
| 108 1 | 133 4 | | |
--------------------------------------------------
| 109 1 | 134 3 | | |
--------------------------------------------------
| 110 4 | 135 4 | | |
--------------------------------------------------
| 111 1 | 136 4 | | |
--------------------------------------------------
| 112 3 | 137 4 | | |
--------------------------------------------------
| 113 2 | 138 3 | | |
--------------------------------------------------
| 114 3 | 139 4 | | |
--------------------------------------------------
| 115 2 | 140 3 | | |
--------------------------------------------------
A=1,2/B=1,3/C=1,4/D=2,3/E=2,4/F=3,4/Z=ALL
CTET JAN-2024 KEY EXAM-21/01/2024 Date. 13/02/2024 Page No. 84
Set :- L PAPER-I 20-URDU
--------------------------------------------------
| QNO ANS | QNO ANS | QNO ANS | QNO ANS |
--------------------------------------------------
| 91 3 | 116 4 | 141 4 | |
--------------------------------------------------
| 92 2 | 117 4 | 142 3 | |
--------------------------------------------------
| 93 3 | 118 1 | 143 2 | |
--------------------------------------------------
| 94 2 | 119 2 | 144 3 | |
--------------------------------------------------
| 95 3 | 120 1 | 145 1 | |
--------------------------------------------------
| 96 2 | 121 2 | 146 3 | |
--------------------------------------------------
| 97 2 | 122 2 | 147 2 | |
--------------------------------------------------
| 98 2 | 123 4 | 148 1 | |
--------------------------------------------------
| 99 4 | 124 3 | 149 1 | |
--------------------------------------------------
| 100 3 | 125 4 | 150 4 | |
--------------------------------------------------
| 101 2 | 126 2 | | |
--------------------------------------------------
| 102 2 | 127 2 | | |
--------------------------------------------------
| 103 2 | 128 2 | | |
--------------------------------------------------
| 104 3 | 129 3 | | |
--------------------------------------------------
| 105 4 | 130 3 | | |
--------------------------------------------------
| 106 1 | 131 2 | | |
--------------------------------------------------
| 107 B | 132 4 | | |
--------------------------------------------------
| 108 2 | 133 2 | | |
--------------------------------------------------
| 109 1 | 134 3 | | |
--------------------------------------------------
| 110 1 | 135 2 | | |
--------------------------------------------------
| 111 3 | 136 2 | | |
--------------------------------------------------
| 112 4 | 137 4 | | |
--------------------------------------------------
| 113 4 | 138 3 | | |
--------------------------------------------------
| 114 4 | 139 3 | | |
--------------------------------------------------
| 115 3 | 140 3 | | |
--------------------------------------------------
A=1,2/B=1,3/C=1,4/D=2,3/E=2,4/F=3,4/Z=ALL
