exams,section,topic,difficulty,pid,pseq,p_kind,p_dir,p_body,q_hi,a_hi,b_hi,c_hi,d_hi,q_en,a_en,b_en,c_en,d_en,ans,source,is_pyq,years
ctet1,cdp,CTET विगत वर्ष,2,,1,,,,"विविध पृष्ठभूमियों के अधिगमकर्ताओं को संबोधित करने हेतु, एक अध्यापक को–",सभी के लिए मानकीकृत आंकलनों का इस्तेमाल करना चाहिए।,ऐसे कथनों का इस्तेमाल करना चाहिए जो नकारात्मक रूढ़िबद्ध धारणाओं को मजबूत करें।,विविधता संबंधी मुद्दों पर बातचीत टालनी चाहिए।,विविध विन्यासों से उदाहरण लेने चाहिए।,"In order to address learners from diverse backgrounds, a teacher should",use standardized assessment for all.,use statements that strengthen negative stereotypes.,avoid talking about aspects related to diversity.,draw examples from diverse settings.,3,CTET 2021-01 Q1,1,2021-01
ctet1,cdp,CTET विगत वर्ष,2,,2,,,,समस्या-समाधान क्षमताओं को किस प्रकार सुसाध्य किया जा सकता है?,समरूपों के इस्तेमाल को बढ़ावा देकर।,विद्यार्थियों में डर की भावना पैदा कर।,लगातार अभ्यास और कार्यान्वयन पर जोर देकर।,समस्याओं के हल हेतु अटल प्रक्रिया के इस्तेमाल को बढ़ावा देकर।,Problem-solving abilities can be facilitated by,encouraging use of analogies.,generating fear among students.,focusing on drill and practice.,encouraging fixed process of solving the problems.,0,CTET 2021-01 Q2,1,2021-01
ctet1,cdp,CTET विगत वर्ष,2,,3,,,,"अधिगम कठिनाइयों से जूझते छात्रों की जरुरतों को संबोधित करने के लिए, एक अध्यापक को क्या नहीं करना चाहिए?",व्यक्तिगत शैक्षिक योजना बनाना।,शिक्षाशास्र और आकलन की जटिल संरचनाओं का प्रयोग।,दृश्य-श्रव्य सामग्रियों का इस्तेमाल।,संरचनात्मक शिक्षाशास्त्रीय उपागमों का इस्तेमाल।,"In order to address the needs of students who are facing learning difficulties, a teacher should NOT.",do individualized educational planning.,practice rigid structures for pedagogy and assessment.,use multiple audio-visual aids.,use constructive pedagogical approaches.,1,CTET 2021-01 Q3,1,2021-01
ctet1,cdp,CTET विगत वर्ष,2,,4,,,,सर्जनात्मकता की पहचान का प्रमुख लक्षण क्या है?,Hyperactivity/अतिसक्रियता,Inattentiveness/असतर्कता,कम परिज्ञानता/ बोधगम्यता,अपसारी चिंतन,________ is the primary identifying feature of creativity.,Hyperactivity/अतिसक्रियता,Inattentiveness/असतर्कता,Low comprehension,Divergent thinking,3,CTET 2021-01 Q4,1,2021-01
ctet1,cdp,CTET विगत वर्ष,2,,5,,,,निम्न में से अध्यापन- अधिगम का सबसे प्रभावशाली माध्यम कौन-सा है?,बिना विश्लेषण के अवलोकन करना।,अनुकरण/नकल और दोहराना।,विषय वस्तु को यंत्रवत याद करना।,संकल्पनाओं के बीच संबंध खोजना।,Which of the following is most effective mode of teaching-learning?,Observation without analysis,Imitation and repetition,Rote memorization of content,Exploration of relationships between concepts,3,CTET 2021-01 Q5,1,2021-01
ctet1,cdp,CTET विगत वर्ष,2,,6,,,,"एक अध्यापिका को, दिये गये किसी कार्यकलाप में छात्रों की विभिन्न त्रुटियों का विश्लेषण करना चाहिए, क्योंकि-",इसके आधार पर वह ज्यादा त्रुटियाँ करने वाले छात्रों को दूसरे छात्रों से अलग कर सकती है।,अधिगम केवल त्रुटियों के शोधन पर निर्भर है।,इसके आधार पर वह दंड की मात्रा निर्धारित कर सकती है।,"त्रुटियों की समझ, अध्यापन-अधिगम प्रक्रिया के लिए अर्थपूर्ण है।",A teacher should analyse the various errors made by students on a given task because,she can segregate those who made more errors in comparison to others.,learning is solely based on correction of errors.,she can decide degree of punishment accordingly,understanding of errors are meaningful in the teaching learning process,3,CTET 2021-01 Q6,1,2021-01
ctet1,cdp,CTET विगत वर्ष,2,,7,,,,अधिगम की अभिप्रेरणा को किस प्रकार कायम रखा जा सकता है?,बच्चों को बहुत आसान क्रियाकलाप देकर।,यंत्रवत याद करने पर जोर देकर।,बच्चे को दंड देकर।,प्रवीणता-अभिमुखी लक्ष्यों पर जोर देकर।,Motivation to learn can be sustained by,giving very easy tasks to children.,focusing on rote-memorization.,punishing the child.,focusing on mastery-oriented goals.,3,CTET 2021-01 Q7,1,2021-01
ctet1,cdp,CTET विगत वर्ष,2,,8,,,,Shame ________/शर्मिंदगी ...............,बच्चों को अधिगम हेतु अभिप्रेरित करने के लिए बहुत प्रभावशाली है।,के भाव को अध्यापन- अधिगम प्रक्रिया में बारंबार पैदा करना चाहिए।,का संज्ञान से कोई संबंध नहीं है।,का संज्ञान पर नकारात्मक प्रभाव पड़ सकता है।,,,,,,3,CTET 2021-01 Q8,1,2021-01
ctet1,cdp,CTET विगत वर्ष,2,,9,,,,अधिगम का संरचनात्मक विचार यह सुझाव देता है कि ज्ञान की संरचना में–,बच्चे सक्रिय भूमिका निभाते हैं।,बच्चे पूर्ण रूप से पाठ्य-पुस्तकों पर निर्भर रहते हैं।,बच्चों की कोई भूमिका नहीं होती है।,बच्चे पूर्ण रूप से वयस्कों पर निर्भर रहते हैं।,Constructivist view of learning suggests that children _______ construction of their own knowledge.,play an active role in,are solely dependent on textbooks in,have no role to play in,are solely dependent on adults for,0,CTET 2021-01 Q9,1,2021-01
ctet1,cdp,CTET विगत वर्ष,2,,10,,,,अधिगम के लिए निम्न में से कौन-सी धारणा उपयुक्त है?,प्रयासों से कोई फर्क नहीं पड़ता।,असफलता अनियंत्रित है।,योग्यता सुधार्य है।,योग्यता अटल है।,Which of the following belief is good for learning?,Efforts don't make any difference.,Failure is uncontrollable,Ability is improvable.,Ability is fixed.,2,CTET 2021-01 Q10,1,2021-01
ctet1,cdp,CTET विगत वर्ष,2,,11,,,,"निम्न में से कौन-सी परिपाटी, विद्यार्थियों में संकल्पनात्मक समझ में बढ़ोत्तरी करने में सहायक है?",बारंबार परीक्षाएँ।,अन्वेषण और संवाद।,competitions/प्रतिस्पर्धा आधारित प्रतिस्पर्धाएँ।,पाठ्य-पुस्तक केन्द्रित शिक्षाशास्त्र।,Conceptual understanding among students is likely to improve in the settings which emphasise on,frequent examinations,inquiry and dialogue.,competitions/प्रतिस्पर्धा आधारित प्रतिस्पर्धाएँ।,textbook-centric pedagogy,1,CTET 2021-01 Q11,1,2021-01
ctet1,cdp,CTET विगत वर्ष,2,,12,,,,"बच्चों को सीखने में कठिनाई होती है, जब–",अधिगम सामाजिक संदर्भ में हो।,विषय-वस्तु को बहुरूपों में प्रस्तुत किया गया हो।,सूचना अलग-अलग टुकड़ों में प्रस्तुत की जाए।,वो आंतरिक रूप से अभिप्रेरित हो।,It is difficult for children to learn when,learning is socially contextualized.,content is represented through multiple ways.,information is presented in disconnected chunks,they are intrinsically motivated,2,CTET 2021-01 Q12,1,2021-01
ctet1,cdp,CTET विगत वर्ष,2,,13,,,,अधिगम की सर्वोत्तम अवस्था कौन-सी है?,"संतुलित उत्तेजना, कोई भय नहीं।","कोई उत्तेजना नहीं, कोई भय नहीं।","उच्च उत्तेजना, उच्च भय।","निम्न उत्तेजना, उच्च भय।",Best state of learning is,"moderate arousal, no fear","no arousal, no fear","high arousal, high fear.","low arousal, high fear.",0,CTET 2021-01 Q13,1,2021-01
ctet1,cdp,CTET विगत वर्ष,2,,14,,,,बच्चों के विकास की व्यक्तिगत विभिन्नताओं को किस पर प्रतिरोपित किया जा सकता है?,ना आनुवंशिकता पर ना पर्यावरण पर।,आनुवंशिकता एवं पर्यावरण की पारस्परिकता पर।,केवल आनुवंशिकता पर।,केवल पर्यावरण पर।,Individual differences in development of children can be attributed to,neither heredity nor environment.,interplay of heredity and environment.,heredity only,environment only,1,CTET 2021-01 Q14,1,2021-01
ctet1,cdp,CTET विगत वर्ष,2,,15,,,,"एक कार्य के दौरान, सायना स्वयं से बात कर रही है कि वह कार्य पर किस प्रकार प्रगति कर सकती है। लेव वायगोत्स्की के भाषा और चिंतन/सोच के बारे में दिए गए विचारों के अनुसार, इस तरह का ‘व्यक्तिगत वाक’ क्या दर्शाता है?",Ego-centricism/आत्म-केन्द्रिता,मनोवैज्ञानिक विकार,संज्ञानात्मक अपरिपक्वता,Self-regulation/स्व: नियमन,"During a task, Saina is talking to herself about ways she can proceed on the task. According to Lev Vygotsky's ideas on language and thought; this kind of 'private speech' is a sign of",Ego-centricism/आत्म-केन्द्रिता,Psychological disorder.,Cognitive immaturity.,Self-regulation/स्व: नियमन,3,CTET 2021-01 Q15,1,2021-01
ctet1,cdp,CTET विगत वर्ष,2,,16,,,,मूल्यांकन पद्धतियों का लक्ष्य होना चाहिए–,विद्यार्थियों की जरूरतों एवं आवश्यकताओं की पहचान करना।,पुरस्कार-वितरण हेतु उच्च-अंक प्राप्त करने वाले विद्यार्थियों की पहचान करना।,विद्यार्थियों को नामांकित करना।,योग्यता-आधारित समूहों में विद्यार्थियों को विभाजित करना।,Evaluation practices should aim at,identifying students needs and requirements.,identification of high-achievers for prize distribution.,labelling of students.,segregation of students for ability based groups,0,CTET 2021-01 Q16,1,2021-01
ctet1,cdp,CTET विगत वर्ष,2,,17,,,,"एक गतिविधि के दौरान, छात्रों को संघर्ष करते देख, एक अध्यापिका बच्चों को संकेत और इशारे जैसे- ‘क्या, क्यों, कैसे’ प्रदान करने का फैसला लेती है। लेव वायगोत्स्की के सिद्धांत के अनुसार, अध्यापिका की यह योजना–",छात्रों में प्रत्याहार/निकास प्रवृत्तियाँ पैदा करेगी।,अधिगम की प्रक्रिया में अर्थहीन होगी।,बच्चों को अधिगम के लिए अनुत्प्रेरित/निष्प्रेरित करेगी।,अधिगम के लिए पाड़/आधारभूत संरचना का काम करेगी।,"After observing that students are struggling to proceed further on an ongoing activity, a teacher decides to provide cues and hints in form of what, why, how. According to Lev Vygotsky's theory, this strategy of teacher will",cause withdrawal tendency among students.,be meaningless in process of learning,demotivate the children to learn.,act as a scaffold for learning,3,CTET 2021-01 Q17,1,2021-01
ctet1,cdp,CTET विगत वर्ष,2,,18,,,,"एक खेल क्रिया के दौरान चोट लगने पर रोहन रोने लगा। यह देखकर उसके पिता ने कहा, ‘‘लड़कियों की तरह व्यवहार ना करो; लड़के रोते नहीं हैं।’’ पिता का यह कथन–",लैंगिक भेदभाव को कम करता है।,लैंगिक समानता को बढ़ावा देता है।,लैंगिक रूढ़िवादिताओं को दर्शाता है।,लैंगिक रूढ़िवादिताओं को चुनौती देता है।,"After getting hurt during a play activity, Rohan started crying. Seeing this, his father responded, ""Don't behave like girls, boys don't cry"". This statement by the father",reduces gender bias.,promotes gender equality.,reflects gender stereotype.,challenges gender stereotype,2,CTET 2021-01 Q18,1,2021-01
ctet1,cdp,CTET विगत वर्ष,2,,19,,,,एक प्रगतिशील कक्षा में–,ज्ञान की संरचना के लिए प्रचुर मौके प्रदान करने चाहिए।,विद्यार्थियों को उनके अकादमिक अंकों के आधार पर नामांकित करना चाहिए।,अध्यापक को अटल पाठ्यक्रम का पालन करना चाहिए।,विद्यार्थियों में प्रतिस्पर्धा पर बल देना चाहिए।,In a progressive classroom,ample opportunities should be provided for construction of knowledge,students should be labelled on the basis of their academic scores.,a teacher should follow fixed curriculum.,the emphasis should be on competition among students.,0,CTET 2021-01 Q19,1,2021-01
ctet1,cdp,CTET विगत वर्ष,2,,20,,,,"लॉरेंस कोहलबर्ग के सिद्धांत के अनुसार, ‘‘किसी कार्य को इसीलिए करना, क्योंकि दूसरे इसे स्वीकृति देते हैं’’, नैतिक विकास के ............... चरण को दर्शाता है।",Post-conventional/उत्तर-प्रथागत,अमूर्त संक्रियात्मक,Pre-conventional/प्रथा-पूर्व,Conventional/प्रथागत,"According to Lawrence Kohlberg's theory, ""Performing an act and doing something because others approves it"". represents _____ stage of morality.",Post-conventional/उत्तर-प्रथागत,Formal conventional,Pre-conventional/प्रथा-पूर्व,Conventional/प्रथागत,3,CTET 2021-01 Q20,1,2021-01
ctet1,cdp,CTET विगत वर्ष,2,,21,,,,बच्चों के समाजीकरण के संदर्भ में निम्न में से कौन सा कथन सही है?,समकक्षी समाजीकरण के प्राथमिक कारक हैं और परिवार समाजीकरण का एक द्वितीयक कारक है।,परिवार एवं जन-संचार दोनों समाजीकरण के द्वितीयक कारक हैं।,विद्यालय समाजीकरण का एक द्वितीयक कारक है और परिवार समाजीकरण का एक प्राथमिक कारक है।,विद्यालय समाजीकरण का प्राथमिक कारक है और समकक्षी समाजीकरण के द्वितीयक कारक हैं।,Which of the following is correct in the context of socialization for children?,Peers are primary socialization agents and family is a secondary socialization agent.,Family and mass-media both are secondary socialization agents.,School is a secondary socialization agent and family is a primary socialization agent.,School is a primary socialization agent and peers are secondary socialization agents.,2,CTET 2021-01 Q21,1,2021-01
ctet1,cdp,CTET विगत वर्ष,2,,22,,,,बहु-बुद्धि का सिद्धांत जोर देता है कि–,बुद्धिमत्ता की विभिन्न दशाएँ हैं।,बुद्धिमत्ता में कोई व्यक्तिगत विभिन्नताएँ नहीं होती हैं।,बुद्धि-लब्धि केवल वस्तुनिष्ठ परीक्षणों द्वारा ही मापी जा सकती है।,"एक आयाम में बुद्धिमत्ता, अन्य सभी आयामों में बुद्धिमत्ता निर्धारित करती है।",Theory of multiple intelligence emphasizes that,There are several forms of intelligences.,There are no individual differences in intelligence.,Intelligence Quotient (IQ) can be measured only by objective tests,Intelligence in one domain ensures intelligence in all other domains.,0,CTET 2021-01 Q22,1,2021-01
ctet1,cdp,CTET विगत वर्ष,2,,23,,,,"जीन पियाजे के संज्ञानात्मक विकास के सिद्धांत में, पूर्व-संक्रियात्मक अवस्था में विकास का मुख्य गुण क्या होता है?",परिकल्पित-निगमनात्मक सोच।,संरक्षण और पदार्थों को क्रमबद्ध करने की क्षमता।,अमूर्त सोच का विकास।,विचार/सोच में केंद्रीकरण।,Pre-operational stage in Jean Piaget's theory of cognitive development characterizes,Hypothetico deductive thinking,Ability to conserve and seriate objects,Development of abstract thinking,Centration in thought,3,CTET 2021-01 Q23,1,2021-01
ctet1,cdp,CTET विगत वर्ष,2,,24,,,,विकास के संदर्भ में निम्न में से कौन-सा कथन सही है?,विकास केवल बाल्यावस्था के दौरान ही होता है।,विकास बहुआयामी होता है।,"विकास की दर, सभी संस्कृतियों में सभी के लिए समान होती हैं।",विकास केवल विद्यालय में होने वाले अधिगम से ही होता है।,Which of the following statement is correct in context of development?,Development occurs only during the period of childhood,Development is multidimensional.,Development has the same rate of growth across cultures for everyone.,Development occurs only through learning that takes place in school.,1,CTET 2021-01 Q24,1,2021-01
ctet1,cdp,CTET विगत वर्ष,2,,25,,,,"लेव वायगोत्स्की का सामाजिक-सांस्कृतिक परिप्रेक्ष्य, अधिगम प्रक्रिया में ............. के महत्त्व पर जोर देता है।",Motivation/अभिप्रेरणा,Equilibration/संतुलीकरण,सांस्कृतिक उपकरणों,Attribution/गुणारोपण,Lev Vygotsky's social-cultural perspective of learning emphasizes importance of_______ in the learning process.,Motivation/अभिप्रेरणा,Equilibration/संतुलीकरण,Cultural tools,Attribution/गुणारोपण,2,CTET 2021-01 Q25,1,2021-01
ctet1,cdp,CTET विगत वर्ष,2,,26,,,,"जीन पियाजे अपने संज्ञानात्मक विकास के सिद्धांत में, संज्ञानात्मक संरचनाओं को ................ के रूप में वर्णित करते हैं।",विकास का समीपस्थ क्षेत्र,Schemas/स्कीमा/ मनोबंध,मनोवैज्ञानिक उपकरणों,उद्दीपक-अनुक्रिया संबंध,"In his theory of cognitive development, Jean Piaget explains congnitive structures in terms of..........",Zone of proximal development,Schemas/स्कीमा/ मनोबंध,Psychological tools,Stimulus-response association,1,CTET 2021-01 Q26,1,2021-01
ctet1,cdp,CTET विगत वर्ष,2,,27,,,,एक समावेशी कक्षा में............पर जोर होना चाहिए।,सामाजिक पहचान के आधार पर छात्रों के अलगाव।,हर बच्चे के सामर्थ्य को अधिकतम करने के लिए अवसर प्रदान करने।,प्रदर्शन-अभिमुखी लक्ष्यों।,अविभेदी/समरूपी निर्देशों।,In an inclusive classroom emphasis should be on,segregation of students based on their social identity,providing opportunities aiming at maximizing potential of individual children.,performance oriented goals,undifferentiated instructions,1,CTET 2021-01 Q27,1,2021-01
ctet1,cdp,CTET विगत वर्ष,2,,28,,,,"दिव्यांगजन अधिकार अधिनियम (2016) के अनुसार, निम्न में से किस शब्दावली का प्रयोग उपयुक्त है।",छात्र जिसे शारीरिक दिव्यांगता है।,छात्र जिसका अशक्त शरीर है।,मंदित छात्र,विकलांग छात्र,"According to right of Persons with Disabilities Act (2016), which of the following terms is appropriate to use?",Student with physical disability,Student with crippled body,Retarded student,Handicapped student,0,CTET 2021-01 Q28,1,2021-01
ctet1,cdp,CTET विगत वर्ष,2,,29,,,,जन्म से किशोरावस्था तक बच्चों में विकास किस क्रम में होता है?,"मूर्त, अमूर्त, सांवेदिक","अमूर्त, मूर्त, सांवेदिक","सांवेदिक, मूर्त, अमूर्त","अमूर्त, सांवेदिक, मूर्त",Sequence of development among children from birth to adolescence is,"concrete, abstract, sensory","abstract, concrete, sensory","sensory, concrete, abstract","abstract, sensory, concrete",2,CTET 2021-01 Q29,1,2021-01
ctet1,cdp,CTET विगत वर्ष,2,,30,,,,एक प्रगतिशील कक्षा में व्यक्तिगत विभिन्नताओं को किस प्रकार देखा जाना चाहिए?,योग्यता-आधारित समूह बनाने का मापदंड।,अध्यापन-अधिगम की प्रक्रिया की परियोजना के लिए महत्त्वपूर्ण।,अधिगम की प्रक्रिया में बाधा।,अध्यापक के पक्ष पर असफलता।,Individual differences in a progressive classroom should be treated as,Criteria for making ability-based groups,Important for planning of teaching-learning process.,A hindrance to the process of learning.,A failure on the part of teacher.,1,CTET 2021-01 Q30,1,2021-01
ctet1,math,CTET विगत वर्ष,2,,31,,,,गणित के शिक्षण–अधिगम पर निम्नलिखित में से किसका प्रभाव होने की संभावना न्यूनतम है?,मूल्यांकन के कारण छात्रों के आत्मविश्वास पर प्रभाव पड़ने के तरीकों की जानकारी होना।,छात्रों के गलत उत्तरों के पूरे हल देना।,प्रतिपुष्टि की गुणवत्ता में वृद्धि।,मूल्यांकन के परिणामों के प्रयोग से शिक्षण में परिवर्तन करना।,Which of the following is least likely to impact teaching-learning in mathematics?,Knowing ways in which assessment affected the confidence of learners.,Providing complete solutions to student' wrong answers.,Enhanced quality of feedback,Using results of assessment to modify teaching,1,CTET 2021-01 Q31,1,2021-01
ctet1,math,CTET विगत वर्ष,2,,32,,,,"रोहित ने अनुभव किया कि वर्ग एक समचतुर्भुज और एक आयत, दोनों ही है। वह वैंन हील के मानस चिंतन के कौन से चरण पर है?",स्तर 2 (संबंध),स्तर 3 (निगमन),स्तर 0 (पहचानना),स्तर 1(विश्लेषण),Rohit realises that square is both a rhombus and a rectangle. He is at what stage of Van Hiele's visual thinking?,Level 2 (Relationships),Level 3 (Deduction),Level 0 (Recognition),Level 1 (Analysis),0,CTET 2021-01 Q32,1,2021-01
ctet1,math,CTET विगत वर्ष,2,,33,,,,किन्हीं दो पूर्ण संख्याओं का योग एक पूर्ण संख्या होता है।’’ पूर्ण संख्याओं के इस गुण को इस प्रकार उल्लेखित किया जाता है:,साहचर्य गुण,वितरण गुण,संवरक गुण,क्रमविनिमेय गुण,"""The sum of any two whole numbers is a whole number."" This property of whole numbers is referred to as ‘‘",associative property,distributive Property,closure Property,commutative property,2,CTET 2021-01 Q33,1,2021-01
ctet1,math,CTET विगत वर्ष,2,,34,,,,गणित के शिक्षण-अधिगम के विषय में निम्नलिखित में से कौन-सा कथन सत्य नहीं है?,नमूनों के अवलोकन और सामान्यीकरण से प्राथमिक कक्षा के विद्यार्थियों में गणितीय ज्ञान का सर्जन किया जा सकता है।,गणितीय ज्ञान के सर्जन में तर्क और वार्ता की एक महत्वपूर्ण भूमिका है।,गणितीय अधिगम एक सामाजिक प्रक्रिया है जिसमें संवाद सम्मिलित है।,गणितीय ज्ञान की रचना में संस्कृति और संदर्भों की कोई भूमिका नहीं है।,Which of the following statements regarding mathematics teaching-learning is incorrect ?,Mathematical knowledge can be created in primary class students through observation of pattern and generalizations.,Argumentation and negotiation play an important role in creating mathematical knowledge.,Mathematical learning is a social process involving dialogue.,Culture and context has no role in constructing mathematical knowledge.,3,CTET 2021-01 Q34,1,2021-01
ctet1,math,CTET विगत वर्ष,2,,35,,,,प्राथमिक स्तर पर ‘संख्याओं’ को पढ़ाने के लिए निम्नलिखित में से कौन-से कथन सत्य हैं? (A) Intuitive understanding of numbers should be encouraged./संख्याओ की अंतर्दर्शी समझ को प्रोत्साहित किया जाना चाहिए। (B) Writing number should be taught in sequence. संख्यांको को लिखना अनुक्रम में पढ़ाना चाहिए। (C) Writing of numbers as Numerals should preceed counting./गणना से पहले संख्याओं को संख्यांक रूप मे लिखना सिखाना चाहिए। (D) Order irrelevance of numbers should be encouraged./संख्याओं मे अनुक्रम असंगति को प्रोत्साहित करना चाहिए।,A and D/A और D,C and D/C और D,A and B/A और B,B and C/B और C,Which of the following statements is/are true regarding teaching 'Numbers' at primary level?,A and D/A और D,C and D/C और D,A and B/A और B,B and C/B और C,0,CTET 2021-01 Q35,1,2021-01
ctet1,math,CTET विगत वर्ष,2,,36,,,,प्राथमिक स्तर पर गणित पढ़ाने के लिए निम्नलिखित में से कौन-सा पहलू अत्यंत महत्वपूर्ण है?,उच्चतर पढ़ाई और रोज़गार के लिए तैयार करना।,प्रौद्योगिकी के लिए प्रोत्साहन और तैयारी कराना।,गणित को बच्चो के जीवन के अनुभवों का भाग बनाना।,परिकलन में परिशुद्धता विकसित करना।,Which of the following is the most important aspect of teaching of mathematics at primary level?,Preparing of higher education and employment.,Promoting and preparing for technology,Making mathematics part of children's life experiences,Developing rigour in calculations,2,CTET 2021-01 Q36,1,2021-01
ctet1,math,CTET विगत वर्ष,2,,37,,,,गणित की प्रकृति के विषय में निम्नलिखित में से कौन सा कथन सत्य नहीं है?,प्राथमिक स्तर पर गणित प्रत्यक्ष है और कल्पना की आवश्यकता नहीं है।,गणित में विचारों के सही संचारण के लिए विशेष शब्दावली का प्रयोग होता है।,गणितीय ज्ञान की संरचना में तर्क कौशल महत्वपूर्ण है।,गणितीय संकल्पनाओं की प्रकृति श्रेणीबद्ध है।,Which of the following statements is NOT correct with regard to nature of mathematics?,Primary level mathematics is concrete and does not require abstraction.,Mathematics uses special vocabulary to communicate ideas precisely,Argumentation skill is important in construction of mathematical knowledge.,Mathematical concepts are hierarchical in nature.,0,CTET 2021-01 Q37,1,2021-01
ctet1,math,CTET विगत वर्ष,2,,38,,,,निम्नलिखित क्रियाकलापों में से किससे विद्यार्थियों में त्रिविम विवेचन (दिक्स्थान की समझ) विकसित होने की सर्वाधिक संभावना है?,चौपड़ आकृतियों को पहचानना,आँकड़ों को निरुपित करने के लिए दण्ड आलेख खींचना।,एक संख्या चार्ट में नमूने को पहचानना,सूडोकू पहेली को हल करना।,Which of the following activities is most likely to develop spatial reasoning among students?,Identifying tessellating figures,Drawing bar graphs to represent data,Identifying patterns in a number chart,Solving Sudoku puzzles,0,CTET 2021-01 Q38,1,2021-01
ctet1,math,CTET विगत वर्ष,2,,39,,,,बच्चों को भिन्न की संकल्पना पढ़ाने के लिए निम्नलिखित में से क्या अत्यंत उपयुक्त है?,संख्या चार्ट,क्विजिनेयर छड़,Abacus/गिनतारा,Geoboards/जियोबोर्ड,Which of the following is most suitable for teaching children the concept of fractions?,Number charts,Cuisenaire rods,Abacus/गिनतारा,Geoboards/जियोबोर्ड,1,CTET 2021-01 Q39,1,2021-01
ctet1,math,CTET विगत वर्ष,2,,40,,,,निम्नलिखित कथनों में से किसमें संख्या तीन का प्रयोग क्रमसूचक भाव में हुआ है?,प्रत्येक समूह में तीन टीम सदस्य हैं।,इस डिब्बे में तीन पेंसिलों के कई समूह हैं।,मैं इस इमारत की तीसरी मंजिल पर रहता हूँ।,इस घर में तीन कमरे हैं,In which of the following statements number 'three' is used in ordinal sense?,All groups have three team members.,This box contains many sets of three pencils.,I live on the third floor of this building,This house has three rooms,2,CTET 2021-01 Q40,1,2021-01
ctet1,math,CTET विगत वर्ष,2,,41,,,,शुद्ध कथन को पहचानिए:,परिमाप और क्षेत्रफल का मात्रक समान होता है।,किसी आकृति का आकार उसके परिमाप का निर्धारण करता है।,"यदि दो आकृतियों का क्षेत्रफल समान है, तो उनका परिमाप समान होगा।","यदि दो आकृतियों का परिमाप समान है, तो उनका क्षेत्रफल समान होगा।",Identify the correct statement.,The units of perimeter and area are same.,The shape of figure determines the perimeter,"If two figures have same area, their perimeters are equal.","If two figures have same perimeter, their areas are equal",1,CTET 2021-01 Q41,1,2021-01
ctet1,math,CTET विगत वर्ष,2,,42,,,,गणितीय पाठ्यक्रम के संबंध में शुद्ध कथन को पहचानिए।,समझ को बेहतर करने के लिए ऋणात्मक संख्याओं की संकल्पनाओं का परिचय प्राथमिक स्तर पर देना चाहिए।,क्षेत्रफल-मापन की संकल्पना का परिचय केवल उच्च प्राथमिक स्तर पर देना चाहिए।,बीजगणितीय विचारों की नींव प्राथमिक स्तर पर डाली जा सकती है।,भिन्नों की संकल्पना का परिचय केवल उच्च प्राथमिक स्तर पर देना चाहिए।,Identify the correct statement with respect to the mathematics curriculum.,The concept of negative numbers should be introduced at primary level for better understanding.,The concept of area-measurement should be introduced only at upper primary level.,The foundation of algebraic thinking can be laid at primary level.,The concept of fractions should be introduced only at upper primary level,2,CTET 2021-01 Q42,1,2021-01
ctet1,math,CTET विगत वर्ष,2,,43,,,,प्राथमिक स्तर पर त्रिभुज की अवधारणा का परिचय देने के संबंध में शुद्ध कथन को पहचानिए।,बच्चों के समक्ष विभिन्न प्रकारों के त्रिभुज प्रस्तुत किए जाने चाहिए परन्तु अन्य आकृतियों से दूर रखना चाहिए।,बच्चों के समक्ष सभी प्रकार के त्रिभुज व अन्य आकृतियाँ भी प्रस्तुत करानी चाहिए।।,सबसे पहले त्रिभुज की परिभाषा दे दी जानी चाहिए।,संभ्रांति से बचने के लिए बच्चों को केवल समबाहु त्रिभुज ही प्रस्तुत कराने चाहिए।,Identify the correct statement with regard to introducing the concept of triangles at primary level.,Children should be exposed to triangles of all types but exposure to other figures should be avoided.,Children should be exposed to triangles of all types and also to other figures.,Definition of a triangle should be provided first.,Children should only be exposed to equilateral triangles to avoid confusion.,1,CTET 2021-01 Q43,1,2021-01
ctet1,math,CTET विगत वर्ष,2,,44,,,,"एक विभाजन के प्रश्न में भाजक, भागफल का 5 गुना है और शेषफल का दुगुना है। यदि शेषफल 5 है, तो संख्या क्या है?",25,48,52,15,"In a division sum, the divisor is 5 times the quotient and twice the remainder. If the remainder is 5, what is the number?",25,48,52,15,0,CTET 2021-01 Q44,1,2021-01
ctet1,math,CTET विगत वर्ष,2,,45,,,,पाँच क्रमागत संख्याओं का योग 20 है। प्रथम तीन क्रमागत संख्याओं का योग क्या है?,11,12,5,9,The sum of five consecutive numbers is 20. What is the sum of first three consecutive numbers?,11,12,5,9,3,CTET 2021-01 Q45,1,2021-01
ctet1,math,CTET विगत वर्ष,2,,46,,,,"एक वर्ग के रूप में तार 144 cm2 का क्षेत्रफल घेरती है। यदि इसी तार को एक आयत के रूप में मोड़ा जाए जिसकी लम्बाई 16cm है, तो कितना क्षेत्रफल घेरा जाएगा?",128 cm2,96 cm2,124 cm2,48 cm2,A wire in the form of a square encloses an area of 144 cm2. How much area is enclosed if the same wire is bent in the form of a rectangle of length 16cm?,128 cm2,96 cm2,124 cm2,48 cm2,0,CTET 2021-01 Q46,1,2021-01
ctet1,math,CTET विगत वर्ष,2,,47,,,,निम्नलिखित भिन्नों में से सबसे बड़ी और दूसरी सबसे बड़ी भिन्न क्रमश: हैं: 5 3 1 2 3 6 4 2 3 5,3 5 and 2 3 / 3 5 और 2,3 4 and 1 2 / 3 4 और 1,5 6 and 3 4 / 5 6 और 3,5 6 and 3 5 / 5 6 और 3,"Amongst the following fractions, the largest and second largest fractions, respectively are",3 5 and 2 3 / 3 5 और 2,3 4 and 1 2 / 3 4 और 1,5 6 and 3 4 / 5 6 और 3,5 6 and 3 5 / 5 6 और 3,2,CTET 2021-01 Q47,1,2021-01
ctet1,math,CTET विगत वर्ष,2,,48,,,,"अस्मिता विद्यालय की गोष्ठी में 8.30 am से 15 मिनट पहले पहुँची। वह अपने सहकर्मी से आधा घंटा पहले पहुँची, जो कि गोष्ठी के लिए 40 मिनट की देरी से पहुँचा। गोष्ठी का निर्धारित समय क्या था?",8.45am,8.05am,8.15am,9.10am,Asmita reaches school for a meeting 15 minutes before 8.30 am. She reached half an hour earlier than her colleague who is 40 minutes late for meeting. What is the scheduled time of the meeting?,8.45am,8.05am,8.15am,9.10am,1,CTET 2021-01 Q48,1,2021-01
ctet1,math,CTET विगत वर्ष,2,,49,,,,"वाले 48 छोटे वर्गों को कुल कितने प्रकार से व्यवस्थित किया जा सकता है, कि परिणामिक क्षेत्रफल 48cm2 हो?",5,2,6,4,"In how many ways, 48 small squares of 1cm × 1cm can be arranged so that the resulting area is 48 cm2?/1cm × 1cm",5,2,6,4,0,CTET 2021-01 Q49,1,2021-01
ctet1,math,CTET विगत वर्ष,2,,50,,,,विद्यालय की सभा में एक कक्षा के विद्यार्थी एक पंक्ति में खड़े हैं। दोनों सिरों से रुही का 19वाँ स्थान है। उस कक्षा में कुल कितने छात्र उपस्थित हैं?,36,40,38,37,"In school assembly, students of a class are standing in a line. Ruhi is 19th from both ends. How many students are present in that class?",36,40,38,37,3,CTET 2021-01 Q50,1,2021-01
ctet1,math,CTET विगत वर्ष,2,,51,,,,एक संख्या 100 के आधे से अधिक है। यह 6 दहाई से अधिक और 8 दहाई से कम है। इसके अंकों का योग 9 है। इसका दहाई का अंक इकाई के अंक का दुगुना है। संख्या क्या है?,54,81,72,63,A number is larger than half of 100. It is more than 6 tens and less than 8 tens. The sum of its digits is 9. The tens digit is the double of the ones digit. What is the number?,54,81,72,63,3,CTET 2021-01 Q51,1,2021-01
ctet1,math,CTET विगत वर्ष,2,,52,,,,"विभिन्न स्टेशनरी (लेखन-सामग्री) वस्तुओं की दरें नीचे दी गई हैं : A packet of crayons – ` 15.50 क्रेयान का एक पैकेट A packet of pencils – ` 14.00 पेंसिलों का एक पैकेट A packet of sketch pens – ` 22.50 स्केच पेन का एक पैकेट One scissors/एक कैंची – ` 17.00 One eraser/ एक रबड़ – ` 2.00 One sheet of glazed Paper– ` 2.50 चमकीले कागज की एक परत (शीट) A pack of decorative stickers– ` 5.00 सजावटी स्टिकर का एक पैक Sohail buys one packet of crayons, two packets of pencils, one packet of sketch pens, one scissors, 5 sheets of glazed papers and one pack of decorative stickers. How much would he be required to pay? सोहेल ने एक पैकेट क्रेयान, दो पैकेट पेंसिल, एक पैकेट स्केच पेन, एक कैंची, चमकीले कागज की 5 शीटें और एक पैकेट सजावटी स्टिकर खरीदे। उसको कितना भुगतान करना होगा?",` 100.50,` 102.00,` 98.00,` 86.50,The rates of various stationery items are given below :,` 100.50,` 102.00,` 98.00,` 86.50,0,CTET 2021-01 Q52,1,2021-01
ctet1,math,CTET विगत वर्ष,2,,53,,,,"एक रेलगाड़ी पटना से 30 मई, 2020 को 23:40 घंटे पर चलती है और मुम्बई 1 जून 2020 को 5:15 घंटे पर पहुँचती है। रेलगाड़ी की यात्रा का कुल समय कितना है?",घंटे 15 मिनट,घंटे 25 मिनट,घंटे 20 मिनट,घंटे 35 मिनट,"A train starts from patna on 30th May, 2020 at 23:40 hours and reaches Mumbai on 1st June, 2020 at 5:15 hours. What is the total travel time of train?",29 hours 15 minutes/ 29,28 hours 25 minutes/ 28,28 hours 20 minutes /28,29 hours 35 minutes /29,3,CTET 2021-01 Q53,1,2021-01
ctet1,math,CTET विगत वर्ष,2,,54,,,,"एक पाँच अंकों वाली संख्या में सौवें स्थान का अंक दस हजारवें स्थान के अंक का तीन-चौथाई है और दसवें स्थान का अंक सौंवें स्थान के अंक का दो-तिहाई है। दसवें स्थान का अंक सबसे छोटी अभाज्य संख्या का वर्ग है और हजारवें स्थान का अंक एक अंक वाली सबसे बड़ी अभाज्य संख्या है। यदि इकाई स्थान का अंक सबसे बड़ी एक अंक वाली विषम संख्या है, तो संख्या है-",83419,42937,87649,49327,"In a five digit number, the digit at the hundreds place is three-fourth of the digit at ten thousands place and the digit at tens place is two-third of the digit at hundreds place. The digit at tens place is square of the smallest prime number and the digit at thousands place is the largest single digit prime number. If the digit at unit place is the largest single digit odd number, then the number is",83419,42937,87649,49327,2,CTET 2021-01 Q54,1,2021-01
ctet1,math,CTET विगत वर्ष,2,,55,,,,"पाने के लिए 8008, 8088 और 8808 के योग में से क्या घटाना होगा?",7041,7141,6121,6131,"What should be subtracted from a sum of 8008, 8088 and 8808 to obtain 17863? 17863",7041,7141,6121,6131,0,CTET 2021-01 Q55,1,2021-01
ctet1,math,CTET विगत वर्ष,2,,56,,,,लीटर धारिता वाली एक बाल्टी पूर्ण रूप से पानी से भरी हुई है। बाल्टी के इस पानी को छोटे–छोटे बर्तनों में भरा जाना है। बाल्टी में भरे समस्त पानी को एक मग (Mug) द्वारा 50 बार पूर्णतया भरकर छोटे–छोटे बर्तनों में स्थानांतरित किया जाता है। मग की धारिता क्या है?,275ml,320ml,225ml,250ml,A bucket of 16 litres capacity is filled to the brim with water. Water from this bucket is to be transferred into smaller utensils. A mug filled to capacity has to be dipped 50 times to completely transfer the water in the bucket into the utensils. What is the capacity of the mug? 16,275ml,320ml,225ml,250ml,1,CTET 2021-01 Q56,1,2021-01
ctet1,math,CTET विगत वर्ष,2,,57,,,,एक टैक्सी का मीटर पहले 2 किलोमीटर की यात्रा के लिए ` 50 का भाड़ा दिखाता है और उसके बाद प्रति किलोमीटर की यात्रा के लिए ` 16 का भाड़ा दिखाता है। मंजू ने अपने घर से रेलवे स्टेशन तक की यात्रा के लिए ` 258 किराया दिया। उसके घर से रेलवे स्टेशन की दूरी कितनी है?,15km,18km,12km,13km,A taxi meter shows charges of ` 50 for the first two kilometers of journey and ` 16 for every subsequent kilometer travelled. Manju pays ` 258 as fare to travel from her house to the railway station. How far is the railway station from her home?,15km,18km,12km,13km,0,CTET 2021-01 Q57,1,2021-01
ctet1,math,CTET विगत वर्ष,2,,58,,,,निम्नलिखित तालिका मारिया और शहनाज द्वारा 100 में से प्राप्त पाँच विषयों के अंक दर्शाती है: Maria Shahnaz मारिया शहनाज English/ अंग्रेजी Maths/गणित Social Science सामाजिक विज्ञान Hindi/हिन्दी Science/ विज्ञान Based on the table above identify the correct statement from among the following: ऊपर दी गई तालिका के आधार पर निम्नलिखित में से सही कथन को पहचानिए:,गणित और विज्ञान में शहनाज के कुल प्राप्तांक इन विषयों में मारिया के कुल प्राप्तांक से अधिक हैं।,मारिया और शहनाज के कुल प्राप्तांक समान हैं।,"भाषाओं को छोड़कर, मारिया ने शहनाज से प्रत्येक विषय में अधिक अंक प्राप्त किए हैं।",मारिया ने शहनाज से केवल दो विषयों में अधिक अंक प्राप्त किये हैं।,The following table shows marks obtained out of 100 by Maria and Shehnaz in five subjects:,Shehnaz's aggregate marks in Maths and Science are more than Maria's aggregate marks in these subjects.,The aggregate marks of Maria and Shehnaz are equal,Maria has scored more marks than Shehnaz in all the subjects except the languages.,Maria has scored more marks than Shehnaz in only two subjects.,1,CTET 2021-01 Q58,1,2021-01
ctet1,math,CTET विगत वर्ष,2,,59,,,,गणित के शिक्षण–अधिगम संदर्भ में निम्नलिखित में से कौन–सी प्रक्रिया वांछनीय है?,खुली पुस्तक परीक्षा से बचना चाहिए।,विद्यार्थियों को बताना चाहिए कि प्रश्नों को हल करने के लिए निर्धारित कदमों का अनुकरण करें।,भ्रांति को रोकने के लिए मुक्त उत्तर वाले (ओपन एन्डेड) प्रश्नों से बचना चाहिए।,संकल्पनाओं की अंतर्दर्शी समझ को प्रोत्साहित करना चाहिए।,Which of the following is a desirable teaching- learning practice in the context of Mathematics?,Open book tests should be avoided.,Students should be told to follow the prescribed steps of solving problems.,Open ended questions should be avoided to prevent confusion.,Intuitive understanding of concepts should be encouraged.,3,CTET 2021-01 Q59,1,2021-01
ctet1,math,CTET विगत वर्ष,2,,60,,,,"गणित के कक्षा कक्ष में अध्यापक ने निम्नलिखित कुछ प्रश्न प्रस्तुत किए : (A) What is the area of the rectangle whose one side is 5 cm and perimeter is 30cm/उस आयत का क्या क्षेत्रफल है, जिसकी एक भुजा 5cm और परिमाप 30 cm है। (B) Find a set of numbers whose median is 4. उन संख्याओं का समुच्चय ज्ञात कीजिए जिनका माध्यक 4 है। (C) List all prime numbers between 0-8/0-8 के मध्य सभी अभाज्य संख्याओं की सूची बनाइए। (D) Tell me anything mathematical information you know about rectangles./ आयतों के बारे में आपको जो भी गणितीय जानकारी है, मुझे बताइए।","बंद सिरे वाला प्रश्न है और B, C व D मुक्त सिरे वाले प्रश्न हैं।",व C बंद सिरे वाले प्रश्न हैं और B व D मुक्त सिरे वाले प्रश्न हैं।,व B बंद सिरे के प्रश्न हैं और C व D मुक्त सिरे वाले प्रश्न हैं।,व C बंद सिरे वाले प्रश्न हैं और D मुक्त सिरे वाला प्रश्न है।,Following are some questions posed by the teacher in the mathematics classroom :,"A is closed ended and B, C & D are open ended questions./ A",A & C are closed ended and B & D are open ended questions. /A,A & B are closed ended questions and C & D are open ended questions. / A,"A, B & C are closed ended and D is open ended questions./ A, B",1,CTET 2021-01 Q60,1,2021-01
ctet1,evs,CTET विगत वर्ष,2,,61,,,,ईवीएस में मानचित्रण कौशल,रिकॉर्डिंग कौशल को विकसित करता है।,स्थानों की सापेक्ष स्थिति की समझ को विकसित करता है।,लैंडस्कैप खींचने के कौशल को विकसित करता है।,पूर्वानुमान और गणना के कौशल को विकसित करता है।,Mapping skills in EVS help develop,recording skill,Understanding of relative position of places,the skill of drawing landscapes,the skill of predicting and calculating,1,CTET 2021-01 Q61,1,2021-01
ctet1,evs,CTET विगत वर्ष,2,,62,,,,कक्षा V के समयन आमतौर पर अपना दिया हुआ कक्षा का कार्य नहीं करते हैं। मुद्दे को हल करने का सबसे अच्छा उपाय हो सकता है।,माता–पिता से बात करें और उन्हें सलाह दें।,उसे वैकल्पिक और आसान गृहकार्य दें।,उसकी कठिनाई का पता लगाने और उसके अनुसार कक्षा कार्य को समायोजित करने के लिए उससे बात करें।,किसी दूसरे बच्चे को उसके कक्षा के कार्य को पूरा करने में मदद करें।,Smayan of class V usually does not do his given class work. The best measure to address the situation could be to,talk to parents and counsel them.,give him alternative and simpler home work,talk to him to find his difficulty and adjust class work accordingly.,make another child help complete his class work.,2,CTET 2021-01 Q62,1,2021-01
ctet1,evs,CTET विगत वर्ष,2,,63,,,,मुस्कान ने ‘परिवहन में डीजल वाहनों का उपयोग निषिद्ध होना चाहिए’’ विषय पर एक वाद–विवाद का आयोजन किया। मुस्कान के द्वारा इस विषय पर कक्षा में वाद–विवाद के आयोजन का क्या उद्देश्य है?,वह आधुनिक वाहनों के उपयोग के लाभों पर छात्रों को संवेदनशील बनाना चाहती है।,यह इस मुद्दे पर छात्रों को कई दृष्टिकोणों की सराहना करने में मद्द करता है।,वह पूरी तरह से परिवहन में डीजल वाहनों पर प्रतिबंध लगाने की आवश्यकता पर छात्रों को संवेदनशील बनाना चाहती है।,यह छात्रों के विचारों को जानने और उन्हें सही करने में मदद करेगा।,Muskan organized a debate on the topic 'Use of diesel Vehicles in transportation should be prohibited'. What is the purpose of organizing this debate by Muskan in classroom?,She wants to sensitize student on advantages of using modern vehicles,It helps students in appreciating multiple perspectives on this issue.,She wants to sensitize students on the need to ban diesel Vehicles completely in transpotation.,It would help in knowing student's views and correcting them.,1,CTET 2021-01 Q63,1,2021-01
ctet1,evs,CTET विगत वर्ष,2,,64,,,,कुछ हजार साल पहले भारत में तालाबों के निर्माण के अल–बिरुनी के अवलोकन के आधार पर कक्षा ५ के ईवीएस के पाठ्य–पुस्तक में एक अनुच्छेद है। इस अनुच्छेद को शामिल करने का क्या उद्देश्य होगा? (A) It helps learners to identify sources of history./यह इतिहास के स्रोतों की पहचान करने में शिक्षार्थियों की मदद करता है। (B) It helps learners to improve their recording of observations./यह शिक्षार्थियों को उनके अवलोकनों की रिकॉर्डिंग में सुधार करने में मदद करता है। (C) It helps learners to appreciate technology present in India some 1000 years back./यह शिक्षार्थियों को कुछ 1000 साल पहले भारत में मौजूद तकनीक की सराहना करने मं मदद करता है। (D) It helps learners to appreciate the role of evidence in history./यह शिक्षर्थियों को इतिहास में साक्ष्य की भूमिका की सराहना करने में मदद करता है।,Only A & D/केवल A और D,Only A & C /केवल A और C,"A, B, C","A, C, D",There is a paragraph in class V EVS textbook based on Al-Biruni's observation of construction of ponds in India some thousand years ago. What would be the purpose of including this paragraph?,Only A & D/केवल A और D,Only A & C /केवल A और C,"A, B, C","A, C, D",3,CTET 2021-01 Q64,1,2021-01
ctet1,evs,CTET विगत वर्ष,2,,65,,,,ईवीएस की एकीकृत प्रकृति सहायक है,शिक्षार्थी केन्द्रित उपागम का पालन करने और संकल्पनाओं की आर्थिक संख्या का परिचय देने में।,दी गई सूचनओं को विवरणों से सीखने में।,पाठ्यचर्या के भार को कम करने और विशिष्ट प्रकरणों को पेश करने में,पाठ्यचर्या के भार को कम करने और शिक्षार्थियों को सार्थकतापूर्वक सीखने में।,The integrated nature of EVS helps to,follow child-centered approach and introduce larger number of concepts,learn from information and description provided,reduce the curriculum load and introduce specific topics,reduce curriculum load and help children to learn meaningfully.,3,CTET 2021-01 Q65,1,2021-01
ctet1,evs,CTET विगत वर्ष,2,,66,,,,निम्नलिखित में से क्या ईवीएस में आकलन का एक व्यापक संकेतक नहीं है?,समानता के प्रति सरोकार,अवधारणा मानचित्रण,Co-operation/सहयोग,न्याय के प्रति सरोकर,Which of the following is NOT a broad indicator of EVS assessment?,Concern of equality,Concept mapping,Co-operation/सहयोग,Concern for Justice,1,CTET 2021-01 Q66,1,2021-01
ctet1,evs,CTET विगत वर्ष,2,,67,,,,पर्यावरण-अध्ययन में प्रश्न करने को एक युक्ति के रूप में उपयोग किया जाता है,नियमों के पालन को बढ़ावा देने के लिए,कक्षा-कक्ष में जिज्ञासा को बढ़ाने के लिए,अनुशासन को बनाये रखने के लिए,ध्यान खींचने के लिए,Questioning as a strategy in teaching learning of EVS is used for,Promoting adherence to rules,Arousing curiosity in classroom,Maintaining descipline,Drawing attention,1,CTET 2021-01 Q67,1,2021-01
ctet1,evs,CTET विगत वर्ष,2,,68,,,,"अपनी कक्षा में पचास से अधिक छात्रों के साथ वाणी उन्हें एक ऐसी गतिविधि से जोड़ना चाहती है, जिसमें सीखने को बढ़ाने के लिए अधिकतम संख्या में इंद्रियाँ शामिल हों। निम्न में से कौन-सा क्रियाकलाप उपरोक्त कार्य के लिए ठीक होगा?",उचित ए–वी साधन के लिए स्मार्ट कक्षा– कक्ष का उपयोग करना।,नज़दीक के स्थान के लिए क्षेत्र भ्रमण का आयोजन करना।,कौशलों के प्रदर्शन के लिए समुदाय से संदर्भ व्यक्तियों को आमंत्रित करना,समूह चर्चा को प्रोत्साहित करना,"With over fifty students in her class, vani wants to engage them in an activity which involves maximum number of senses to enhance learning. Which of the following activities will be suitable for this purpose?",using smart classroom for relevant a-v material.,Organizing field trip to a nearby place,inviting resource persons from community to demonstrate their skills,encouraging group discussion,1,CTET 2021-01 Q68,1,2021-01
ctet1,evs,CTET विगत वर्ष,2,,69,,,,इकरा अपने शिक्षार्थियों को ईवीएस में समाचार–पत्रों और पत्रिकाओं को पढ़ने के लिए क्यों प्रोत्साहित करती है?,ये शिक्षार्थियों को स्वतंत्र बनाने में सहायता करते हैं।,ये शिक्षर्थियों को प्रतिस्पर्धी बनाते हैं।,ये मनोरंजक संसाधन उपलब्ध हैं।,ये शिक्षार्थियों को उनके अपने संसार से जुड़ने में सहायता करते हैं।,Why does Iqra encourage her learners to read newspaper and magazines in EVS,These help learners to become independent.,These help learners become competitive.,These are entertaining resources available.,These help learners to engage with the real world.,3,CTET 2021-01 Q69,1,2021-01
ctet1,evs,CTET विगत वर्ष,2,,70,,,,नीचे दिये गये कौन-से एक राज्य में तोरांग का अर्थ है–जंगल?,Mizoram/मिज़ोरम,Jharkhand/झारखण्ड,Assam/असम,Odisha/ओडिशा,"In which one of the following states the meaning of ""Torang"" is jungle?",Mizoram/मिज़ोरम,Jharkhand/झारखण्ड,Assam/असम,Odisha/ओडिशा,1,CTET 2021-01 Q70,1,2021-01
ctet1,evs,CTET विगत वर्ष,2,,71,,,,"आपका घर X पर स्थित है तथा आपका विद्यालय Y पर स्थित है। यद्यपि आपका विद्यालय ठीक सामने है परन्तु बीच में व्यस्त राजमार्ग होने के कारण आप सीधे नहीं जा सकते हैं। अतः पहले आप ठीक दक्षिण में 125 m दूर जाते हैं, फिर ठीक पूर्व में 100 m लम्बा सुरंग पथ पार करते हैं और अन्त में आप ठीक उत्तर में 125 m दूरी पर Y पर अपने विद्यालय पहुँचते हैं। Y पर विद्यालय के सापेक्ष X पर आपका घर कहाँ स्थित है?",100 m ठीक पश्चिम,125 m ठीक उत्तर,125 m ठीक दक्षिण,100 m ठीक पूर्व,"Your house is located at X and your school is located at Y. Although your school is just opposite but you cannot go straight because of the busy highway in between. So, you first go 125 m due south, then cross a 100 m long subway which is due east and finally reach your school at Y which is 125 m due north. With respect to school at Y, your house at X is :",100 m due west,125 m due north,125 m due south,100 m due east,0,CTET 2021-01 Q71,1,2021-01
ctet1,evs,CTET विगत वर्ष,2,,72,,,,आज हम मिर्ची के बिना भोजन की कल्पना भी नहीं कर सकते हैं। इसे व्यापारी हमारे देश में लाए थे।,दक्षिणी अमरीका से,South Africa/दक्षिणी अफ्रीका से,Afghanistan/अफगानिस्तान से,England/इंग्लैण्ड से,Today we cannot think of food without chillies. These were brought to our country by traders coming from.,South America,South Africa/दक्षिणी अफ्रीका से,Afghanistan/अफगानिस्तान से,England/इंग्लैण्ड से,0,CTET 2021-01 Q72,1,2021-01
ctet1,evs,CTET विगत वर्ष,2,,73,,,,"कोई लड़का नागरकोइल से मड़गाँव जाने के लिए 4 जून, 2020 को किसी रेलगाड़ी में सवार हुआ। यह रेलगाड़ी 22.30 बजे नागरकोइल से चली और 6 जून, 2020 को 04.30 बजे मड़गाँव पहुँची। यदि इस समय अंतराल में रेलगाड़ी ने 1145 km दूरी तय की, तो रेलगाड़ी की औसत चाल लगभग क्या थी?",40.5km/h,42.5km/h,36.5km/h,38.5km/h,"A boy boarded a train on 4th June, 2020 at Nagarcoil for Madgaon. The train departed at 22:30 hours from Nagarcoil and reached Madgaon at 04:30 hours on 6th June, 2020. If the distance covered by the train during this time interval is 1145 km, the average speed of the train was nearly.",40.5km/h,42.5km/h,36.5km/h,38.5km/h,3,CTET 2021-01 Q73,1,2021-01
ctet1,evs,CTET विगत वर्ष,2,,74,,,,नीचे दिया गया कौन सा कथन मधुमक्खियों और छत्तों के विषय में सही नहीं है?,छत्ते में बहुत सारी काम करने वाली मक्खियाँ होती हैं।,छत्ते में केवल कुछ नर मक्खियाँ होती हैं।,प्रत्येक छत्ते में एक रानी मक्खी होती है जो अण्डे देती है।,नर मक्खियाँ छत्तों के लिए अत्यन्त महत्वपूर्ण होती है।,Which one of the following statements is NOT true for the honeybees and beehives?,Most of the bees in the hive are worker bees,There are only a few males in the hive.,Every beehive has one queen bee that lays eggs.,Male bees are very important for the hives.,3,CTET 2021-01 Q74,1,2021-01
ctet1,evs,CTET विगत वर्ष,2,,75,,,,हमारे देश का संविधान निम्नलिखित में से किसके नेतृत्व में बनाया गया था?,डॉ. भीमराव बाबा साहेब अम्बेडकर,सर्वपल्ली डॉ. राधा कृष्णन,मोहनदास करमचंद गांधी,सरदार वल्लभ भाई पटेल,The Constitution of our country was prepared under the leadership of,Dr. Bhim Rao Baba Saheb Ambedkar,Sarvapalli Dr. Radha Krishnan,Mohandas Karamchand Gandhi,Sardar Vallabh Bhai Patel,0,CTET 2021-01 Q75,1,2021-01
ctet1,evs,CTET विगत वर्ष,2,,76,,,,पौधों के लिए किए जाने वाले नीचे दिये गए कार्यों पर विचार कीजिए: (A) To give support to the plant/पौधे को सहारा देना। (B) To provide humus/ह्यूमस प्रदान करना। (C) To store food/भोजन संचित या भण्डारण करना। (D) To absorb water and minerals पानी और खनिजों को अवशोषित करना। The functions to roots are/इनमें से जड़ों के कार्य हैं-,"B, C and D/ B, C और D","A, C and D/A, C और D",A and B only/केवल A और B,C and D only/केवल C और D,Consider the following functions for plants:,"B, C and D/ B, C और D","A, C and D/A, C और D",A and B only/केवल A और B,C and D only/केवल C और D,1,CTET 2021-01 Q76,1,2021-01
ctet1,evs,CTET विगत वर्ष,2,,77,,,,निम्नलिखित में से कौन–सा एक भारत का संघ शासित प्रदेश नहीं है?,Manipur/मणिपुर,Chandigarh/चंडीगढ़,Laddakh/लद्दाख,जम्मू और कश्मीर,Which one of the following is NOT a Union Territory of India?,Manipur/मणिपुर,Chandigarh/चंडीगढ़,Laddakh/लद्दाख,Jammu and Kashmir,0,CTET 2021-01 Q77,1,2021-01
ctet1,evs,CTET विगत वर्ष,2,,78,,,,निम्नलिखित में से कौन-से कच्चे तेल (पेट्रोलियम) के उत्पादक हैं?,गुजरात और तमिलनाडु,बिहार और बॉम्बे हाई,बॉम्बे हाई तथा पश्चिम बंगाल,असम और ओडिशा,Which among the following produce crude oil (Petroleum)?,Gujarat and Tamil Nadu,Bihar and Bombay High,Bombay High and West Bengal,Assam and Odisha,0,CTET 2021-01 Q78,1,2021-01
ctet1,evs,CTET विगत वर्ष,2,,79,,,,निम्नलिखित में से पक्षियों का वह समूह चुनिए जिसका प्रत्येक सदस्य हमारी तुलना में चार गुनी अधिक दूरी की वस्तुओं को स्पष्ट देख सकने योग्य है:,"कौआ, चील, बुलबुल","बाज, चील, गिद्ध","फ़ाख़ता, कौआ, मोर","बाज़, कबूतर, तोता",Select from the following a group of birds each member of which is able to see distinctly the object four times as far as we can see.,"Crows, Kites, Nightingales","Eagles, Kites, Vultures","Doves, Crows, Peacocks","Eagles, Pigeons, Parrots",1,CTET 2021-01 Q79,1,2021-01
ctet1,evs,CTET विगत वर्ष,2,,80,,,,"पोचमपल्ली भारत के दक्षिणी राज्य का एक कस्बा है जो सुन्दरता से डज़िाइन की गयी चमकदार रंगों की पोचमपल्ली साड़ियों और विशेष प्रकार की बुनाई, जिसे भी पोचमपल्ली ही कहते हैं, के लिए प्रसिद्ध है। यह कस्बा अब किस राज्य का भाग है?",Telangana/तेलंगाना,Tamil Nadu/तमिलनाडु,Karnataka/कर्नाटक,Kerala/केरल,"Pochampalli is a town of Southern State of India which is famous for its beautifully designed bright-coloured Pochampalli sarees and for the special kind of weave which is also called pochampalli,This town is now a part of.",Telangana/तेलंगाना,Tamil Nadu/तमिलनाडु,Karnataka/कर्नाटक,Kerala/केरल,0,CTET 2021-01 Q80,1,2021-01
ctet1,evs,CTET विगत वर्ष,2,,81,,,,निम्नलिखित में से खाद्य पदार्थों के उस समूह को चुनिए जिसके प्रत्येक सदस्य में लौह तत्व प्रचुर मात्रा में होता है:,"आँवला, बंदगोभी, टमाटर","बंदगोभी, आँवला, पालक","गुड़, आँवला, टमाटर","आँवला, पालक, गुड़",Select from the following a group of eatables each member of which is rich in iron.,"Amla, Cabbage, Tomato","Cabbage, Amla, Spinach","Jaggery, Amla, Tomato","Amla, Spinach, Jaggery",3,CTET 2021-01 Q81,1,2021-01
ctet1,evs,CTET विगत वर्ष,2,,82,,,,"निम्नलिखित में से किसने मटर के पौधें के साथ प्रयोग किए और यह पाया कि मटर के पौधों में कुछ ऐसे लक्षण होते हैं जो जोड़ियों में पाए जाते हैं। जैसे चिकने या खुरदरे, लम्बे या बौने, पीले या हरे आदि।",जॉर्ज मेस्ट्रल,चार्ल्स डार्विन,डॉ. एम.एस.स्वामीनाथन,ग्रेगोर जॉहन मेण्डल,"Which one of the following did experiments with pea plants and found that pea plant has some traits which come in pairs–such as rough or smooth, tall or short, yellow or green etc.?",George Mestral,Charles Darwin,Dr. M.S. Swaminathan,Gregor Johann Mendel,3,CTET 2021-01 Q82,1,2021-01
ctet1,evs,CTET विगत वर्ष,2,,83,,,,नीचे दिये किस एक राज्य के ग्रामीण लोग अपने ढालू छत वाले लकड़ी के मकान मजबूत बाँस के खम्बों पर धरती से 3 से 3.5 मीटर की ऊँचाई पर बनाते हैं?,Assam/असम,Odisha/ओडिशा,Rajasthan/राजस्थान,Laddakh/लद्दाख,In which one of the following states most villagers construct their wooden houses 3 to 3.5m above the ground on strong bamboo pillars with sloping roofs?,Assam/असम,Odisha/ओडिशा,Rajasthan/राजस्थान,Laddakh/लद्दाख,0,CTET 2021-01 Q83,1,2021-01
ctet1,evs,CTET विगत वर्ष,2,,84,,,,भारत के मानचित्र में दिल्ली की स्थिति के सापेक्ष गांधीनगर (गुजरात की राजधानी) और पटना (बिहार की राजधानी) की दिशाएँ क्रमश: हैं।,उत्तर-पूर्व और दक्षिण–पश्चिम,दक्षिण–पश्चिम और उत्तर–पूर्व,दक्षिण–पूर्व और दक्षिण–पश्चिम,दक्षिण–पश्चिम और दक्षिण–पूर्व,With respect to the location of Delhi on the map of India the directions of the locations of Gandhinagar (Capital of Gujarat) and Patna (Capital of Bihar) respective are,north-east and south-west,south-west and north-east,south-east and south-west,south-west and south-east,3,CTET 2021-01 Q84,1,2021-01
ctet1,evs,CTET विगत वर्ष,2,,85,,,,आप एक एकीकृत ईवीएस कक्षा के लिए कैसे योजना बनाएँगे?,विज्ञान और सामाजिक विज्ञान के लिए अलग अध्यापकों को प्रबन्धन करेगे।,पर्यावरण विज्ञान के लिए अलग अध्यापक का प्रबन्धन करेंगे।,एक पाठ में दो या अधिक विषय क्षेत्रों को मिलाएँगे।,अलग योजनाओं में सभी विषयों को अलग करेंगे।,How will you plan for an integrated EVS classroom?,Arrange separate teachers for science and social science.,Arrange separate teacher specializing in environmental science,Combine two or more subject areas into one lesson.,Separate all the subjects into a different plans.,2,CTET 2021-01 Q85,1,2021-01
ctet1,evs,CTET विगत वर्ष,2,,86,,,,निम्नलिखित में से कौन–सा एनसीएफ 2005 के अनुसार ईवीएस पाठ्यक्रम में सुझाए गए छह विषयों में से एक है?,चीजें जो हम बनाते हैं और करते हैं।,चीजें कैसे काम करती हैं।,Material/पदार्थ,प्राकृतिक संसाधन,Which of the following is one of the six themes suggested in the EVS syllabus as per NCF 2005?,Things we make and do,How things work,Material/पदार्थ,Natural Resources,0,CTET 2021-01 Q86,1,2021-01
ctet1,evs,CTET विगत वर्ष,2,,87,,,,"उपाख्यान अभिलेखों में क्या नहीं दर्ज करना चाहिए।? (A) Identifying mainly problematic situations मुख्य रुप से समस्याग्रस्त स्थितियों की पहचान करना। (B) Making statements of judgement निर्णय वाले कथनों को लिखना। (C) Identifying strengths and weaknesses मजबूतियों और कमजोरियों की पहचान करना। (D) Identifying child's areas of interests and relationships, etc. /बच्चे की रुचियों और संबंधों आदि की पहचान करना।","A, B and C/ A, B और C","A, C and D/A, C और D",A and B /A और B,C and D/C और D,What should be avoided in anecdotal records?,"A, B and C/ A, B और C","A, C and D/A, C और D",A and B /A और B,C and D/C और D,2,CTET 2021-01 Q87,1,2021-01
ctet1,evs,CTET विगत वर्ष,2,,88,,,,स्मिता अपने शिक्षार्थियों को कार्य से संबंधित लैंगिक विषमता और रुढ़िवादी छवियों के प्रति संवेदनशील करना चाहती है। स्मिता को निम्नलिखित में से अपनी कक्षा में क्या करना चाहिए?,केवल लड़कों से प्रतिदिन कक्षा को साफ करने को कहे।,एक छात्र की माँ को कक्षा में आमंत्रित करे जो ऑटो चालक है।,रुढ़िवादी मॉडलों को छात्रों को प्रस्तुत करें।,विभिन्न प्रकार के कार्यों के फ्लैश कार्ड दिखाएँ।,Smita wanted to sensitize her learners about gender disparity and stereotypes related to work. What should Smita choose to do in her class from the following suggestions?,Ask only boys to sweep the classroom daily.,Invite a student's mother to class who is an auto driver.,Present students with stereotypical models.,Show flashcards of different kind of work.,1,CTET 2021-01 Q88,1,2021-01
ctet1,evs,CTET विगत वर्ष,2,,89,,,,पुनीत ने अपनी कक्षा 5 के शिक्षार्थियों को मानव शरीर की एक रुपरेखा दी और उन्हें भोजन विषय पढ़ाने से पहले पाचन तंत्र को बनाने को कहा। पुनीत चाहता था,अच्छे ड्राइंग कौशलों वाले शिक्षार्थियों की पहचान करना।,पाचन की प्रक्रिया पर शिक्षार्थियों का मूल्यांकन करना।,परीक्षण करना कि शिक्षार्थी नामांकित आरेख बना सकता है।,पाचन से संबंधित शिक्षार्थियों के विचारों को प्राप्त करना।,Puneet gave his class v learners an outline of human body and asked them to draw the digestive system before teaching chapter on food. Puneet wanted to,Identify learners with good drawing skills.,evaluate learners on the process of digestion,test if learners could make labelled diagrams.,elicit learner's ideas about digestion.,3,CTET 2021-01 Q89,1,2021-01
ctet1,evs,CTET विगत वर्ष,2,,90,,,,निम्नलिखित में से क्या रचनात्मक आकलन के संबंध में सही नहीं है?,इसकों छात्रों की प्रगति की निगरानी करनी है,बच्चे के सीखने की कोई भी जानकारी रचनात्मक आकलन में मदद कर सकती है।,रिपोर्ट कार्ड के प्रत्येक तिमाही में इसकी सूचना दी जानी है।,अधिगम को सुदृढ़ करने के लिए यह अध्यापक को समय पर कार्यवाही करने में मदद करता है।,Which of the following is not correct with respect to formative assessment?,It is to monitor student's progress.,Any information on learning of child can help in formative assessment.,It is to be reported in every quarter of report card,It helps the teacher in taking timely action for enhancing learning,2,CTET 2021-01 Q90,1,2021-01
ctet1,hindi,CTET विगत वर्ष,2,,91,,,,कौन सा शब्द भिन्न है?,,,,,कौन सा शब्द भिन्न है?,मित्र,वीरता,मित्रता,मनुष्यता,0,CTET 2021-01 Q91,1,2021-01
ctet1,hindi,CTET विगत वर्ष,2,,92,,,,सही शब्द चुनिए– सबके प्रति......दृष्टि का भाव और व्यवहार होना चाहिए।,,,,,सही शब्द चुनिए– सबके प्रति......दृष्टि का भाव और व्यवहार होना चाहिए।,भिन्न,अलौकिक,सामान्य,समान,3,CTET 2021-01 Q92,1,2021-01
ctet1,hindi,CTET विगत वर्ष,2,,93,,,,‘अपना–पराया’ में समास है–,,,,,‘अपना–पराया’ में समास है–,द्वंद्व,अव्ययीभाव,द्विगु,तत्पुरुष,0,CTET 2021-01 Q93,1,2021-01
ctet1,hindi,CTET विगत वर्ष,2,,94,,,,हमें किसके अनुसार फल मिलता है?,,,,,हमें किसके अनुसार फल मिलता है?,बुद्धि,वंश,समाज,व्यवहार,3,CTET 2021-01 Q94,1,2021-01
ctet1,hindi,CTET विगत वर्ष,2,,95,,,,शांति को कहाँ पाया जा सकता है?,,,,,शांति को कहाँ पाया जा सकता है?,समाज में,धर्म में,स्वयं में,परिवार में,2,CTET 2021-01 Q95,1,2021-01
ctet1,hindi,CTET विगत वर्ष,2,,96,,,,इनमें से किसे गाँधी जी ने अपना लक्ष्य नहीं बनाया?,,,,,इनमें से किसे गाँधी जी ने अपना लक्ष्य नहीं बनाया?,विवेक से मित्रता,गुलामों से आजादी,गुलामी से आजादी,मनुष्य की सेवा,1,CTET 2021-01 Q96,1,2021-01
ctet1,hindi,CTET विगत वर्ष,2,,97,,,,अनुच्छेद के अनुसार किसे अपने व्यवहार का हिस्सा बनाना चाहिए?,,,,,अनुच्छेद के अनुसार किसे अपने व्यवहार का हिस्सा बनाना चाहिए?,सत्य और असत्य की परिभाषा,अहंकार और विवेक की परिभाषा,समाज और संवेदनाओं के नैतिक मूल्य,गुरु नानक देव की शिक्षाएँ,2,CTET 2021-01 Q97,1,2021-01
ctet1,hindi,CTET विगत वर्ष,2,,98,,,,"गांधी जी विश्व नेता बने, क्योंकि –",,,,,"गांधी जी विश्व नेता बने, क्योंकि –",वे अनुशासन प्रिय थे,सभी के प्रति उनकी समान दृष्टि व व्यवहार था।,उन्होंने सत्याग्रह किया,वे स्वतंत्रता आंदोलन के नेता थे।,1,CTET 2021-01 Q98,1,2021-01
ctet1,hindi,CTET विगत वर्ष,2,,99,,,,"महावीर, बुद्ध, क्राइस्ट, नानक व गाँधी जी में क्या समानता है?",,,,,"महावीर, बुद्ध, क्राइस्ट, नानक व गाँधी जी में क्या समानता है?",सभी भारत में जन्में हैं।,सभी ने मानव–कल्याण किया,सभी धर्मगुरु हैं।,सभी संन्यासी हैं।,1,CTET 2021-01 Q99,1,2021-01
ctet1,hindi,CTET विगत वर्ष,2,,100,,,,‘पीयूष’ का विलोम शब्द है–,,,,,‘पीयूष’ का विलोम शब्द है–,अमृत,विष,क्षीर,नीर,1,CTET 2021-01 Q100,1,2021-01
ctet1,hindi,CTET विगत वर्ष,2,,101,,,,‘भ्रष्टाचार’ का संधि–विच्छेद है–,,,,,‘भ्रष्टाचार’ का संधि–विच्छेद है–,भ्रष्ट + आचार,भ्रष्ट + अचार,भ्रष्टा + चार,भ्रष्ट + चार,0,CTET 2021-01 Q101,1,2021-01
ctet1,hindi,CTET विगत वर्ष,2,,102,,,,कविता के अनुसार देश को सुदृढ़ किया जा सकता है–,,,,,कविता के अनुसार देश को सुदृढ़ किया जा सकता है–,देश को नमन करके,देशभक्ति के गीत गाकर,देश हित को भूलकर,समस्त भेदभाव दूर करके,3,CTET 2021-01 Q102,1,2021-01
ctet1,hindi,CTET विगत वर्ष,2,,103,,,,"कविता में नीति–धर्म की ज्योति प्रखर करने के लिए कहा गया है, ताकि–",,,,,"कविता में नीति–धर्म की ज्योति प्रखर करने के लिए कहा गया है, ताकि–",आपसी भेदभाव दूर किया जा सके।,भ्रष्टाचार को दूर किया जा सके।,देश को प्रेम किया जा सके।,देश का दर्द बाँटा जा सके।,1,CTET 2021-01 Q103,1,2021-01
ctet1,hindi,CTET विगत वर्ष,2,,104,,,,‘देश आज रो रहा है।’ पंक्ति का आशय है–,,,,,‘देश आज रो रहा है।’ पंक्ति का आशय है–,देश के नागरिक रो रहे हैं।,देश में बाढ़ आई है।,देश में शांति का वातावरण है।,देश में अशांति का वातावरण है।,3,CTET 2021-01 Q104,1,2021-01
ctet1,hindi,CTET विगत वर्ष,2,,105,,,,द्वेष का शमन किया जा सकता है–,,,,,द्वेष का शमन किया जा सकता है–,धर्म द्वारा,शासन द्वारा,प्रेम द्वारा,नीति द्वारा,2,CTET 2021-01 Q105,1,2021-01
ctet1,hindi,CTET विगत वर्ष,2,,106,,,,प्राथमिक स्तर पर पढ़ना सिखने की शुरुआत करने के लिए आप किस सामग्री को सर्वाधिक महत्व देंगे?,,,,,प्राथमिक स्तर पर पढ़ना सिखने की शुरुआत करने के लिए आप किस सामग्री को सर्वाधिक महत्व देंगे?,शुद्ध उच्चारण,रोचक कहानी,अक्षर–ज्ञान,वर्णमाला,1,CTET 2021-01 Q106,1,2021-01
ctet1,hindi,CTET विगत वर्ष,2,,107,,,,सलमा पहली कक्षा में पढ़ती है। वह ‘किताब’ शब्द को ‘कतब’ लिखती है। सलमा का लिखने का यह तरीका ....... को दर्शाता है।,,,,,सलमा पहली कक्षा में पढ़ती है। वह ‘किताब’ शब्द को ‘कतब’ लिखती है। सलमा का लिखने का यह तरीका ....... को दर्शाता है।,नियंत्रित लेखन,लापरवाही,अज्ञानता,स्व–वर्तनी,3,CTET 2021-01 Q107,1,2021-01
ctet1,hindi,CTET विगत वर्ष,2,,108,,,,सामाजिक अंत:क्रिया से भाषा सीखने का समर्थन ..... ने किया है।,,,,,सामाजिक अंत:क्रिया से भाषा सीखने का समर्थन ..... ने किया है।,वाइगोत्स्की,चॉम्स्की,स्किनर,पियाजे,0,CTET 2021-01 Q108,1,2021-01
ctet1,hindi,CTET विगत वर्ष,2,,109,,,,द्विभाषिकता और..... उपलब्धियों का गहरा सकारात्मक संबंध पाया जाता है।,,,,,द्विभाषिकता और..... उपलब्धियों का गहरा सकारात्मक संबंध पाया जाता है।,साहित्यिक,वैज्ञानिक,व्यवसायिक,विद्वत,3,CTET 2021-01 Q109,1,2021-01
ctet1,hindi,CTET विगत वर्ष,2,,110,,,,प्राथमिक स्तर पर पढ़ाते समय आप हिंदी भाषा संबंधी किस पक्ष पर सर्वाधिक बल देंगे?,,,,,प्राथमिक स्तर पर पढ़ाते समय आप हिंदी भाषा संबंधी किस पक्ष पर सर्वाधिक बल देंगे?,भाषा–ज्ञान,भाषा–प्रयोग,व्याकरणिक नियम,व्याकरण–ज्ञान,1,CTET 2021-01 Q110,1,2021-01
ctet1,hindi,CTET विगत वर्ष,2,,111,,,,मौखिक भाषा का आकलन.................पर सर्वाधिक बल देता है।,,,,,मौखिक भाषा का आकलन.................पर सर्वाधिक बल देता है।,धाराप्रवाह की तीव्रता,संस्कृतनिष्ठ शब्दों का प्रयोग,उच्चारणगत शुद्धता,विचारों की क्रमबद्धता,3,CTET 2021-01 Q111,1,2021-01
ctet1,hindi,CTET विगत वर्ष,2,,112,,,,हम भाषा के माध्यम से ......और.....भी करते हैं।,,,,,हम भाषा के माध्यम से ......और.....भी करते हैं।,"चिंतन, विचरण","सोचते, महसूस","सोचते, विचार","अनुभव, महसूस",1,CTET 2021-01 Q112,1,2021-01
ctet1,hindi,CTET विगत वर्ष,2,,113,,,,हिंदी भाषा सीखने–सिखाने का दायरा इतना बड़ा होना चाहिए कि ....... से उसका नाता न टूटे।,,,,,हिंदी भाषा सीखने–सिखाने का दायरा इतना बड़ा होना चाहिए कि ....... से उसका नाता न टूटे।,भाषा की परिभाषा,व्याकरण रटने,व्याकरण सीखने,भाषा–प्रयोग,3,CTET 2021-01 Q113,1,2021-01
ctet1,hindi,CTET विगत वर्ष,2,,114,,,,"प्राथमिक स्तर पर भाषा सीखने–सिखाने में बाल साहित्य मदद करता है, क्योंकि–",,,,,"प्राथमिक स्तर पर भाषा सीखने–सिखाने में बाल साहित्य मदद करता है, क्योंकि–",वह भाषा की रंगतें प्रस्तुत करता है।,वह बच्चों के लिए है।,वह सरल होता है।,वह रंगीन चित्रों वाला होता है।,0,CTET 2021-01 Q114,1,2021-01
ctet1,hindi,CTET विगत वर्ष,2,,115,,,,कक्षा एक में लिखना..............से प्रारंभ होता है।,,,,,कक्षा एक में लिखना..............से प्रारंभ होता है।,वाक्य लिखने,शुरु से,अक्षर लिखने,चित्र बनाने,3,CTET 2021-01 Q115,1,2021-01
ctet1,hindi,CTET विगत वर्ष,2,,116,,,,भाषा कौशलों के बारे में आप किस विचार से सहमत हैं?,,,,,भाषा कौशलों के बारे में आप किस विचार से सहमत हैं?,ये एक–दूसरे को प्रभावित नहीं करते।,ये सभी एक साथ नहीं सीखे जा सकते।,ये एक निश्चित क्रम में सीखे जाते हैं।,ये एक–दूसरे से अंत: संबंधित होते हैं।,3,CTET 2021-01 Q116,1,2021-01
ctet1,hindi,CTET विगत वर्ष,2,,117,,,,"पाठ्य–पुस्तकों में रचनाएँ एक वातावरण निर्मित करती हैं और अभ्यास प्रश्न उन्हें......., उनसे गइराई से .....और व्यापक अनुभव–स्तर से .....का मौका देता है।",,,,,"पाठ्य–पुस्तकों में रचनाएँ एक वातावरण निर्मित करती हैं और अभ्यास प्रश्न उन्हें......., उनसे गइराई से .....और व्यापक अनुभव–स्तर से .....का मौका देता है।","परखने, जूझने, तादात्म्य","जानने, परखने, जुड़ने","परखने, जुड़ने, तादात्म्य","जानने, जूझने, जुड़ने",2,CTET 2021-01 Q117,1,2021-01
ctet1,hindi,CTET विगत वर्ष,2,,118,,,,स्किनर के अनुसार,,,,,स्किनर के अनुसार,भाषा सीखना एक अत्यंत जटिल प्रक्रिया है।,भाषा अनुकरण के द्वारा सीखी जाती है।,भाषा परिवेश में सीखी जाती है।,भाषा अंत:क्रिया से सीखी जाती है।,1,CTET 2021-01 Q118,1,2021-01
ctet1,hindi,CTET विगत वर्ष,2,,119,,,,प्राथमिक स्तर की पाठ्य–पुस्तक में दिए गए प्रश्न को ध्यान से पढ़िए– ‘अगर तुम पापा की जगह होतीं तो ठेला कहाँ लगाती?’ ऐसा तुमने क्यों तय किया? यह प्रश्न किससे जुड़ा है?,,,,,प्राथमिक स्तर की पाठ्य–पुस्तक में दिए गए प्रश्न को ध्यान से पढ़िए– ‘अगर तुम पापा की जगह होतीं तो ठेला कहाँ लगाती?’ ऐसा तुमने क्यों तय किया? यह प्रश्न किससे जुड़ा है?,चिंतन क्षमता के विस्तार से,परिवार की जानकारी से,विभिन्न व्यवसायों से,अनुभवों की अभिव्यक्ति से,0,CTET 2021-01 Q119,1,2021-01
ctet1,hindi,CTET विगत वर्ष,2,,120,,,,हिंदी भाषा का आकलन करते समय आप किस बिंदु को सर्वाधिक महत्व देंगे?,,,,,हिंदी भाषा का आकलन करते समय आप किस बिंदु को सर्वाधिक महत्व देंगे?,भाषा की संरचना,व्याकरण सम्मत भाषा,सहज अभिव्यक्ति,आलंकारिक भाषा,2,CTET 2021-01 Q120,1,2021-01
ctet1,english,CTET विगत वर्ष,2,,121,,,,"Which one of the following words is similar in the meaning to the word, 'verify' (Para-2) as used in the passage?",,,,,"Which one of the following words is similar in the meaning to the word, 'verify' (Para-2) as used in the passage?",Notify,Discover,Clarify,Confirm,3,CTET 2021-01 Q121,1,2021-01
ctet1,english,CTET विगत वर्ष,2,,122,,,,Which one of the following words is opposite in meaning to 'reveal' (Para-5) as used in the passage?,,,,,Which one of the following words is opposite in meaning to 'reveal' (Para-5) as used in the passage?,Conceal,Teal,Blacken,Repeal,0,CTET 2021-01 Q122,1,2021-01
ctet1,english,CTET विगत वर्ष,2,,123,,,,Which part of speech is the underlined word in the following sentence? Graphologists can verify whether the autographs are real or fake?,,,,,Which part of speech is the underlined word in the following sentence? Graphologists can verify whether the autographs are real or fake?,Pronoun,Conjunctions,Adverb,Preposition,1,CTET 2021-01 Q123,1,2021-01
ctet1,english,CTET विगत वर्ष,2,,124,,,,Which of the following statements is not true? Handwriting is used by graphologists to,,,,,Which of the following statements is not true? Handwriting is used by graphologists to,Help couples to determine their suitability to each other.,predict about a person's future criminal tendency.,nail criminals,verify genuineness of signatures.,1,CTET 2021-01 Q124,1,2021-01
ctet1,english,CTET विगत वर्ष,2,,125,,,,A graphologist can give accurate information about,,,,,A graphologist can give accurate information about,Setbacks a person is likely to face in future.,a person's chances of success.,a person's popularity graph,a person's mental health,3,CTET 2021-01 Q125,1,2021-01
ctet1,english,CTET विगत वर्ष,2,,126,,,,A person who write with large letters that cross over to the top line is likely to be.,,,,,A person who write with large letters that cross over to the top line is likely to be.,aggressive,diffident,outgoing,introverted,2,CTET 2021-01 Q126,1,2021-01
ctet1,english,CTET विगत वर्ष,2,,127,,,,An attention seeking confident person writes with,,,,,An attention seeking confident person writes with,large letters,rounded letters.,tiny letters,cursive letters,0,CTET 2021-01 Q127,1,2021-01
ctet1,english,CTET विगत वर्ष,2,,128,,,,Read the following statements: A. Graphology has been practised for thousands of years. B. A person's handwriting reveals everything about him.,,,,,Read the following statements: A. Graphology has been practised for thousands of years. B. A person's handwriting reveals everything about him.,Both A and B are true.,Both A and B are false.,A is true and B is false.,A is false and B is true.,1,CTET 2021-01 Q128,1,2021-01
ctet1,english,CTET विगत वर्ष,2,,129,,,,"Which one of the following words is similar in meaning to the word, 'readily' (Para 1) as used in the passage?",,,,,"Which one of the following words is similar in meaning to the word, 'readily' (Para 1) as used in the passage?",efficiently,plainly,frankly,easily,3,CTET 2021-01 Q129,1,2021-01
ctet1,english,CTET विगत वर्ष,2,,130,,,,"Which one of the following words is opposite in meaning to the word, 'soaring' (Part 2) as used in the passage?",,,,,"Which one of the following words is opposite in meaning to the word, 'soaring' (Part 2) as used in the passage?",falling,deteriorating,hovering,exasperating,0,CTET 2021-01 Q130,1,2021-01
ctet1,english,CTET विगत वर्ष,2,,131,,,,Which part of the following sentence contains as error? Both Raghunath as well as Ravish (A) have given their consent (B) (C) to the new proposal (D),,,,,Which part of the following sentence contains as error? Both Raghunath as well as Ravish (A) have given their consent (B) (C) to the new proposal (D),(C),(B),(D),(A),3,CTET 2021-01 Q131,1,2021-01
ctet1,english,CTET विगत वर्ष,2,,132,,,,Which of the following is true? People who visit the author at the onset of the summer are,,,,,Which of the following is true? People who visit the author at the onset of the summer are,people whom he hardly knows.,his colleagues.,his old school mates.,his closest friends and relatives,0,CTET 2021-01 Q132,1,2021-01
ctet1,english,CTET विगत वर्ष,2,,133,,,,Which one the following ploys does the author not use to get rid of unwanted guests?,,,,,Which one the following ploys does the author not use to get rid of unwanted guests?,There is acute water scarcity.,He has already too many guests.,The place is infested with scorpions.,Centipedes fall from the ceiling.,0,CTET 2021-01 Q133,1,2021-01
ctet1,english,CTET विगत वर्ष,2,,134,,,,Which of the following does not apply to the unwelcome guests?,,,,,Which of the following does not apply to the unwelcome guests?,They are thick-skinned.,They don't have enough money to stay at a hotel.,They are utterly shameless.,They want to enjoy themselves at the author's expense.,1,CTET 2021-01 Q134,1,2021-01
ctet1,english,CTET विगत वर्ष,2,,135,,,,The postman delivered to the author,,,,,The postman delivered to the author,his rejected manuscript along with a rejection slip.,a letter commissioning him to write a new novel.,a letter inviting him to interview the Meharishi.,his rejected manuscript along with a cheque.,0,CTET 2021-01 Q135,1,2021-01
ctet1,english,CTET विगत वर्ष,2,,136,,,,The one that cannot be further divided into smaller grammatically meaningful components is........,,,,,The one that cannot be further divided into smaller grammatically meaningful components is........,a diphthong,syntax,a phoneme,a morpheme,3,CTET 2021-01 Q136,1,2021-01
ctet1,english,CTET विगत वर्ष,2,,137,,,,"Alka, a student of class III often makes a mistake between/sh/and/s/. As a language teacher your interpretation will be.",,,,,"Alka, a student of class III often makes a mistake between/sh/and/s/. As a language teacher your interpretation will be.",Alka's pronunciation is not clear hence you will give her more practice.,As a teacher you will ignore such silly mistakes.,Alka is a careless student.,It's due to influence to her dialect or language.,3,CTET 2021-01 Q137,1,2021-01
ctet1,english,CTET विगत वर्ष,2,,138,,,,A language teacher asks students to make a butterfly with paper by following her instructions. This activity will help the students to develop..........,,,,,A language teacher asks students to make a butterfly with paper by following her instructions. This activity will help the students to develop..........,paper folding skill,reading comprehension,paper making skill,listening comprehension,3,CTET 2021-01 Q138,1,2021-01
ctet1,english,CTET विगत वर्ष,2,,139,,,,A language teacher asks students to collect flowers to make a flower scrap book. She also asks them to write the name of each flower in their language and in English. This activity will help her to promote.......,,,,,A language teacher asks students to collect flowers to make a flower scrap book. She also asks them to write the name of each flower in their language and in English. This activity will help her to promote.......,multilingualism,language across the curriculum,a love for nature,integration of subjects,0,CTET 2021-01 Q139,1,2021-01
ctet1,english,CTET विगत वर्ष,2,,140,,,,In which of the following the role of the learner is that of an independent learner?,,,,,In which of the following the role of the learner is that of an independent learner?,Teaching learning materials,Integrated materials,Teaching Aid,Building as a Learning Aid,3,CTET 2021-01 Q140,1,2021-01
ctet1,english,CTET विगत वर्ष,2,,141,,,,Creating a reading corner in the classroom helps______,,,,,Creating a reading corner in the classroom helps______,the children but burdens the teacher to maintain a register and keep record of their work.,to share the responsibility of the librarian as the books are issued by the teacher.,Children to learn and revise their syllabus thoroughly.,to provide opportunities to children to select books independently as per their interest.,3,CTET 2021-01 Q141,1,2021-01
ctet1,english,CTET विगत वर्ष,2,,142,,,,Small kids at their initial stage love to move pen and pencil in to and fro or up and down position. This way of writing is.......,,,,,Small kids at their initial stage love to move pen and pencil in to and fro or up and down position. This way of writing is.......,invented writing,Zig-Zag writing,drawing,Scribbling,3,CTET 2021-01 Q142,1,2021-01
ctet1,english,CTET विगत वर्ष,2,,143,,,,In a language classroom a teacher is asking students to interact in groups and then share their personal response to the poem with each other. This task promotes social interaction as advocated by.......,,,,,In a language classroom a teacher is asking students to interact in groups and then share their personal response to the poem with each other. This task promotes social interaction as advocated by.......,Skinner,Lev Vygotsky,Chomsky,Piaget,1,CTET 2021-01 Q143,1,2021-01
ctet1,english,CTET विगत वर्ष,2,,144,,,,In a language classroom you have asked students to write done the directions for reaching your home from school. When students have written down the directions they will then present their directions in pairs to each other. This activity will help to increase,,,,,In a language classroom you have asked students to write done the directions for reaching your home from school. When students have written down the directions they will then present their directions in pairs to each other. This activity will help to increase,their directional sense which a student often confuses.,the integration of language with science.,their CALP (Cognitive Academic Language Proficiency),their Basic interpersonal Communication skills (BICS),3,CTET 2021-01 Q144,1,2021-01
ctet1,english,CTET विगत वर्ष,2,,145,,,,Which one of the following activities comes under CALP?,,,,,Which one of the following activities comes under CALP?,Answering calls,Making an appointment for a saloon,Writing book reviews,Making reservations,2,CTET 2021-01 Q145,1,2021-01
ctet1,english,CTET विगत वर्ष,2,,146,,,,The branch of linguistics that deals with the explanation of the relation between language and society is known as_______,,,,,The branch of linguistics that deals with the explanation of the relation between language and society is known as_______,Sociolinguistics,Anthropological linguistics,Societal language,Psycholinguistics,0,CTET 2021-01 Q146,1,2021-01
ctet1,english,CTET विगत वर्ष,2,,147,,,,Formative assessment helps in,,,,,Formative assessment helps in,Creating an environment where learners can compete with each other.,engaging learners in meaningful tasks and preparing them for competitive exams.,assessing a teacher's efficiency in teaching.,providing qualitative feedback to learners to improve.,3,CTET 2021-01 Q147,1,2021-01
ctet1,english,CTET विगत वर्ष,2,,148,,,,Communicative language teaching method in English lays stress on giving opportunities to learners to participate in a purposeful talk in the classroom as it promotes.,,,,,Communicative language teaching method in English lays stress on giving opportunities to learners to participate in a purposeful talk in the classroom as it promotes.,their written expression in the classroom.,learners to minimize spelling and grammatical errors.,the use of mother tongue freely in the classroom.,learners to encounter with real life situations.,3,CTET 2021-01 Q148,1,2021-01
ctet1,english,CTET विगत वर्ष,2,,149,,,,"As per Stephen Krashen, ''The effective language teacher is someone who can provide input and help make it_______in a low anxiety situation.",,,,,"As per Stephen Krashen, ''The effective language teacher is someone who can provide input and help make it_______in a low anxiety situation.",comprehensible,fluent,easier,grammatical,0,CTET 2021-01 Q149,1,2021-01
ctet1,english,CTET विगत वर्ष,2,,150,,,,A teacher divides the class into groups of five and asks them to discuss what they would do if they were caught in one of the following situations : • Their friend falls down in the play field and is hurt.... • They are trapped in a building on fire...... • They are stuck up in a traffic jam........ This activity is based on______,,,,,A teacher divides the class into groups of five and asks them to discuss what they would do if they were caught in one of the following situations : • Their friend falls down in the play field and is hurt.... • They are trapped in a building on fire...... • They are stuck up in a traffic jam........ This activity is based on______,Communicative Language Teaching (CLT) Approach,Structural Approach,Grammar translation method,Audio lingual approach,0,CTET 2021-01 Q150,1,2021-01
ctet1,cdp,CTET विगत वर्ष,2,,1,,,,बच्चों के विकास के संबंध में निम्नलिखित में से कौन सा कथन सही है?,विकास के क्षेत्र सुस्पष्ट हैं और उनका एक दूसरे से कोई संबंध नहीं है।,बाल विकास से संबंधित विभिन्न सिद्धांत बच्चों के विकास के विषय में एकमत हैं।,बच्चों का विकास उनके सामाजिक संदर्भ से प्रभावित होता है।,सभी बच्चों के लिए विकास एक निर्बाध और निरंतर प्रक्रिया है।,Which one of the following statement is correct with respect to development of children?,The domains of development are distinct and unrelated from one another.,Different theories of child development agree on the same ideas regarding development of children.,Development of children is influenced by their social context.,Development is a smooth and continuous process for all children.,2,CTET 2021-12 Q1,1,2021-12
ctet1,cdp,CTET विगत वर्ष,2,,2,,,,निम्नलिखित में से कौन सा तीसरी कक्षा के विद्यार्थियों के स्तर के अनुकूल सूक्ष्म गतिक कौशल का उदाहरण है?,दोस्तों के साथ दौड़ना,एक धागे में मोती पिरोना,सीढ़ियाँ चढ़ना,खरगोश की तरह फुदकना,Which of the following is an example of fine motor skill for grade III students?,Running with friends,Putting beads in a thread,Climbing steps in building,Hopping like a rabbit,1,CTET 2021-12 Q2,1,2021-12
ctet1,cdp,CTET विगत वर्ष,2,,3,,,,निम्नलिखित में से कौन सी प्रवृत्ति/गुण पूर्णत: आनुवांशिक है? (i) Colour of eyes/आंखों का रंग (ii) Intelligence/बुद्धि (iii) Moral development/नैतिक विकास (iv) Social skills/सामाजिक कौशल,(i),(ii),"(i), (ii)/ (i) और (ii)","(i), (ii), (iii)/ (i), (ii) और (iii)",Which of the following traits are determined solely by heredity?,(i),(ii),"(i), (ii)/ (i) और (ii)","(i), (ii), (iii)/ (i), (ii) और (iii)",0,CTET 2021-12 Q3,1,2021-12
ctet1,cdp,CTET विगत वर्ष,2,,4,,,,विद्यालय बच्चों को नए व्यवहार और नियम सिखाते हैं और उनसे इसी अनुरूप क्रिया की अपेक्षा करते हैं। विद्यालय समाजीकरण की ________संस्था के रूप में कार्य कर रहा है।,primary/प्राथमिक,constructive/संरचनात्मक,secondary/द्वितीय,"analytic/विश्लेषक (परीक्षा तिथि : 31 दिसंबर, 2021)",Schools teach new behaviours and rules to children and expect them to act accordingly. The school is acting as an agency of ______ socialisation.,primary/प्राथमिक,constructive/संरचनात्मक,secondary/द्वितीय,"analytic/विश्लेषक (परीक्षा तिथि : 31 दिसंबर, 2021)",2,CTET 2021-12 Q4,1,2021-12
ctet1,cdp,CTET विगत वर्ष,2,,5,,,,"लॉरेंस कोहलबर्ग के अनुसार, नैतिक विकास से कौन से स्तर पर बच्चा, ‘अच्छा लड़का - अच्छी लड़की’ अभिविन्यास प्रदर्शित करता है?",पूर्व पारंपरिक स्तर,पारंपरिक स्तर,परतंत्र नैतिकता स्तर,सहयोगी रूपी नैतिकता स्तर,"According to Lawrence Kohlberg, at which level of moral development does the child display ""good boy-good girl"" orientation?",Pre Conventional Level,Conventional level,Level of heteronomous morality,Level of morality of cooperation,1,CTET 2021-12 Q5,1,2021-12
ctet1,cdp,CTET विगत वर्ष,2,,6,,,,सीता का साईकिल चलाने के पूर्व अनुभव के आधार पर स्कूटर चलाने के तरीकों में बदलाव करना क्या कहलाएगा?,Assimilation/समावेशन,Equilibrium/संतुलन/साम्यधारणा,Accommodation/समायोजन,Disequilibrium/असंतुलन/असाम्यधारण,Sita's ability to modify her actions of riding a scooter based on her experiences of riding a bicycle would be an example of,Assimilation/समावेशन,Equilibrium/संतुलन/साम्यधारणा,Accommodation/समायोजन,Disequilibrium/असंतुलन/असाम्यधारण,2,CTET 2021-12 Q6,1,2021-12
ctet1,cdp,CTET विगत वर्ष,2,,7,,,,अवस्था में बच्चे लाक्षणिक कार्य करना प्रारंभ कर देते हैं और उनमें भाषा कौशल तेजी से विकसित होता है?,अमूर्त-संक्रियात्मक,मूर्त-संक्रियात्मक,Preoperational/पूर्व-संक्रियात्मक,Sensori-motor/संवेदीगामक/पेशीय,In _____ stage children start using semiotic functions rapidly develop language skills? _______,Formal Operational,Concrete Operational,Preoperational/पूर्व-संक्रियात्मक,Sensori-motor/संवेदीगामक/पेशीय,2,CTET 2021-12 Q7,1,2021-12
ctet1,cdp,CTET विगत वर्ष,2,,8,,,,में एक अध्यापिका और २-४ विद्यार्थी एक सहयोगिक गुट बनाते हैं और एक-एक करके लेखांश पर संवाद को आगे बढ़ाते,अन्योन्य शिक्षण,Scaffolding/पाड़,खोजी-अधिगम,क्रमबद्ध अनुदेशन,In _______ a teacher and 2-4 students form a collaboration group and take turns leading dialogues on the content of a text passage. ________,Reciprocal teaching,Scaffolding/पाड़,Discovery learning,Programmed Instruction,0,CTET 2021-12 Q8,1,2021-12
ctet1,cdp,CTET विगत वर्ष,2,,9,,,,प्राथमिक विद्यालय के बच्चों को पढ़ाने के लिए लेव वायगोत्सकी ने निम्नलिखित में से कौन सी तकनीक सुझाई है?,अनुदेशनात्मक पाड़,Reinforcement/पुनर्बलन,Equilibration/साम्यधारण/संतुलन,अभिक्रमित शिक्षण,Which of the following technique has been proposed by Lev Vygotsky for teaching primary school children,Instructional scaffolding,Reinforcement/पुनर्बलन,Equilibration/साम्यधारण/संतुलन,Programmed learning,0,CTET 2021-12 Q9,1,2021-12
ctet1,cdp,CTET विगत वर्ष,2,,10,,,,प्रगतिशील शिक्षा के संदर्भ में निम्नलिखित में से कौन सा कथन सही है?,कम क्षमता वाले बच्चों की कक्षा में उपेक्षा करनी चाहिए।,कक्षा में प्रजातंत्र का कोई स्थान नहीं होना चाहिए।,विद्यार्थियों को समस्या समाधान हेतु प्रोत्साहित करना चाहिए।,कक्षा मुख्यत: पाठ्य पुस्तक केंद्रित होनी चाहिए और सभी नियम शिक्षक निर्धारित होने चाहिए।,"In the context of progressive education, which of the following statements is correct?",Students with low ability should be ignored in the class.,There should be no place for democracy in a classroom,Student should be encouraged to become problem-solvers.,The classrooms should be primarily textbook- centric and all the rules should the dictated by the teacher.,2,CTET 2021-12 Q10,1,2021-12
ctet1,cdp,CTET विगत वर्ष,2,,11,,,,"हावर्ड गार्डेनर के अनुसार किसी अन्य व्यक्ति के मनोदशा, स्वभाव और प्रवृत्ति को समझकर प्रतिक्रिया देने की योग्यता को किस नाम से जाना जाता है?",Linguistic intelligence,शारीरिक- गत्यात्मक बुद्धि,अंतरवैयक्तिक बुद्धि,अंत:वैयक्तिक बुद्धि,"According to Howard Gardner, the ability to detect and respond appropriately to the moods, temperament and Intentions of others is known as :",Linguistic intelligence,Bodily-Kinesthetic ntelligence,Inter personal intelligence,Intra personal intelligence,2,CTET 2021-12 Q11,1,2021-12
ctet1,cdp,CTET विगत वर्ष,2,,12,,,,"लड़की की तरह न रोओ, तुम लड़के हो’’ पिता के द्वारा पुत्र को कहा गया यह वाक्य क्या दर्शाता है?",जेंडर पहचान,जेंडर रूढ़िवादिता,जेंडर सातव्यता/स्थिरता,जेंडर समानता,"Which of the following is reflected in the statement of a father to his son, ""Don't cry like a girl, you are a boy""? ‘‘",Gender identity,Gender stereotype,Gender constancy,Gender equality,1,CTET 2021-12 Q12,1,2021-12
ctet1,cdp,CTET विगत वर्ष,2,,13,,,,निम्नलिखित में से कौन सा कथन सतत् और व्यापक मूल्यांकन के सन्दर्भ में सही नहीं है?,यह शिक्षकों के लिए शिक्षार्थियों का निरंतर परीक्षण करने का आसान तरीका है।,अध्यापन-अधिगम प्रक्रिया में नवीनतम प्रक्रिया।,यह विद्यार्थियों में अध्ययन के प्रति रुचि पैदा करता है।,पारंपरिक पेपर-कलम परीक्षण विद्यार्थियों की सभी विशेषताओं और क्षमताओं का आकलन नहीं कर पाते हैं।,Which of the following statements about continuous and comprehensive evaluation is NOT correct?,It is an easy way for the teachers to test learners frequently.,It is the latest development in the teaching learning process.,It creates interest among the learners for studies.,Conventional paper pen tests do not assess all the attributes and abilities of learners.,0,CTET 2021-12 Q13,1,2021-12
ctet1,cdp,CTET विगत वर्ष,2,,14,,,,"कथन (A): एक अध्यापक को कक्षा की सामाजिक सांस्कृतिक, धार्मिक और भाषीय विविधता को समझना चाहिए। Reason (R): Learners in Classroom comprise a homogeneous group./तर्क (R): कक्षा में विद्यार्थी एक समरूप समूह गठित करते हैं। Choose the correct option/ सही विकल्प चुनें।",और (R) दोनों सही हैं और (R) सही व्याख्या करता है (A) की।,"और (R) दोनों सही हैं, लेकिन (R) सही व्याख्या नहीं है (A) की।","सही है, लेकिन (R) गलत है।",और (R) दोनों गलत हैं।,"Assertion (A): A teacher should understand the social, cultural, religions and linguistic diversity of the classroom",Both (A) and (R) are true and (R) is the correct explanation of (A)./(A),Both (A) and (R) are true but (R) is not the correct explanation of (A)./(A),(A) is true but (R) is false. (A),Both (A) and (R) are false. (A),2,CTET 2021-12 Q14,1,2021-12
ctet1,cdp,CTET विगत वर्ष,2,,15,,,,विद्यार्थियों को एक इंद्रधनुष के रंगों का क्रम सिखाने के लिए प्रियंका ‘‘बैनी आह पीना ला’’ रंगों के क्रम को स्मरण करने हेतु इस्तेमाल की गई यह योजना क्या कहलाती है?,साधन लक्ष्य विश्लेषण,mnemonics./स्मारणोपकारी,वितरित अभ्यास,लक्ष्य निर्देशित योजना,Priyanka uses 'VIBGYOR' to make the students learn the sequence of 7 colours in a rainbow. This strategy for memorising the sequence of colours is called:,means end analysis.,mnemonics./स्मारणोपकारी,distributed practice.,goal directed strategy.,1,CTET 2021-12 Q15,1,2021-12
ctet1,cdp,CTET विगत वर्ष,2,,16,,,,निम्न में से किस युग्म का मिलान सही है?,सृजनात्मकता - अभिसारी चिंतन,लेखन-वैकल्प - विषय पढ़ने में कठिनाई,बौद्धिक स्तर - एक स्थायी व्यक्तिगत अभिलक्षण,समावेश - विशिष्ट विद्यालयों में असमर्थ अधिगमकर्ताओ की शिक्षा,Which of the following is a correctly matched pair?,Creativity - Convergent thinking,Dyslexia - Difficulty in reading text,Intelligence - A unitary trait,Inclusion - education for learners with disability is special schools.,1,CTET 2021-12 Q16,1,2021-12
ctet1,cdp,CTET विगत वर्ष,2,,17,,,,निम्नलिखित में से कौन सी युक्ति अधिगम नि:शक्तता वाले विद्यार्थियों के समावेशन के सफल क्रियान्वयन हेतु प्रभावशाली है? (i) Use of multiple means of representations of content/विषयवस्तु के प्रस्तुतिकरण के लिए बहुविध साधनों का प्रयोग। (ii) Promoting individualized educational planning as pre needs of students/विद्यार्थी की आवश्यकता के अनुसार वैयक्तिक शैक्षिक योजना को समुन्नत करना। (iii) Promoting outcome-oriented goals instead of process - oriented learning/प्रक्रिया उन्मुख अधिगम के बजाय उत्पादन उन्मुख लक्ष्य को बढ़ावा देना। (iv) Setting up same standards for all students and ignoring the diversity in class/सभी विद्यार्थियों के लिए एक समान मानक निर्धारित करना और कक्षा में विविधता की अनदेखी करना।,"(i), (iii), (iv)","(i), (iii)","(i), (ii)","(i), (ii), (iv)",Which of the following strategies are effective for successful implementation inclusion of students with learning disabilities?,"(i), (iii), (iv)","(i), (iii)","(i), (ii)","(i), (ii), (iv)",2,CTET 2021-12 Q17,1,2021-12
ctet1,cdp,CTET विगत वर्ष,2,,18,,,,आपकी कक्षा का एक विद्यार्थी अपने विचारों को व्यक्त करने में मुश्किल महसूस करता है और बार-बार विद्यालय द्वारा निर्धारित मुख्यधारा रूपी भाषा और उसके स्थानीय कस्बे की बोली में फेर-बदल करता रहता है। एक अध्यापिका के तौर पर आपको:,भाषा के शुद्ध (एकल) स्वरूपी इस्तेमाल को प्रोत्साहित करना चाहिए।,विद्यार्थी को विशेष शिक्षा वाले विद्यालय में भेजने का प्रस्ताव रखना चाहिए।,आनुक्रमिक रूप से लक्षित भाषा में समरूपी शब्द-अर्थ प्रस्तावित करने चाहिए।,भाषाओं को मिश्रित करने पर फटकारना चाहिए।,"A student of your class faces problems in expressing views and often switches between school mainstream language and the dialect spoken in his/her hometown. As a teacher, you must :",emphasize the purity of language usage.,recommend the child to a special school,introduce similar word-meanings in the target language gradually.,rebuke student for mixing languages.,2,CTET 2021-12 Q18,1,2021-12
ctet1,cdp,CTET विगत वर्ष,2,,19,,,,एक समावेशी कक्षा में:,विशेष आवश्यकताओं वाले छात्र से अपेक्षा की जाती है कि सभी के लिए उपयोग होने वाले साधारण पाठयक्रम को वे अपने अनुकूल बनाएं।,"विशेष आवश्यकताओं वाले छात्रों को मुख्यधारा शिक्षा के बाहर, उनके लिए विशेष रूप से तैयार की गई सामग्री द्वारा पढ़ाया जाता है।",विशेष आवश्यकताओं वाले छात्रों की शिक्षा का प्रयोजन एक विशेष शिक्षक के साथ एक अलग कक्षा-कक्ष में किया जाता है।,विशेष आवश्यकताओं वाले छात्र को मुख्य प्रवाह शिक्षा धारा में पढ़ाया जाता है और प्रत्येक छात्र की पूर्ण भागीदारी के लिए सभी अवरोधों को हटाने की वचनबद्धता होती है।,"In an inclusive classroom,",students with special needs are expected to adapt to the general curriculum that is followed for everyone.,students with special needs learn outside of the system of mainstream education with content designed separately for therm.,students with special needs are always placed separately in a special classroom along with a special educator.,students with special needs learn within the system of mainstream education and there is a commitment to remove all barriers for full participation of everyone.,3,CTET 2021-12 Q19,1,2021-12
ctet1,cdp,CTET विगत वर्ष,2,,20,,,,एक समावेशी कक्षा में पढ़ने वाला छात्र सौरभ निम्निलिखित विशेषताएं दर्शाता है: (A) Holds books very close or very far from him while reading./पुस्तक को पढ़ते समय या तो स्वयं के बहुत नज़दीक या बहुत दूर पकड़ता है। (B) Blinks often and close one eye or has redness in eye./बार-बार आंख झपकाता है और एक आंख बंद करता है या उसकी आंखों में लालिमा होती है। (C) May misread material on the chalkboard./चाकबोर्ड पर लिखी विषयवस्तु को गलत पढ़ता है। These are an indication of – ये विशेषताएँ निम्नलिखित में से किस परिस्थिति की ओर संकेत करती है:,प्रमस्तिष्कीय घात,दृष्टिबाधिता,Dyslexia/पठन वैकल्य,Dysarthria/उच्चारण वैकल्य,Saurabh show the following characteristics in the inclusive classroom,Cerebral palsy,Visual impairment,Dyslexia/पठन वैकल्य,Dysarthria/उच्चारण वैकल्य,1,CTET 2021-12 Q20,1,2021-12
ctet1,cdp,CTET विगत वर्ष,2,,21,,,,"राष्ट्रीय शिक्षा नीति, 2020 में निम्नलिखित में से कौन- सा प्रावधान नहीं सुझाया है?",प्रत्येक विद्यार्थी की विशिष्ट क्षमताओं को पहचानना और बढ़ावा देना महत्वपूर्ण है।,"रट्टा मार कर सीखने और परीक्षाओं के लिए सीखने की बजाए,संप्रत्ययात्मक समझ पर बल देना चाहिए।",सृजनात्मकता पर पर्याप्त ध्यान देना चाहिए और तार्किक निर्णय करने और नवाचारिता के प्रोत्साहित करने के लिए विवेचनात्मक चिंतन को बढ़ावा देना।,बच्चों में अनुपालन को बढ़ावा देने के लिए अध्यापक को इनाम और दंड को इस्तेमाल करना चाहिए।,Which of the following features is NOT prescribed in thee National Education Policy 2020?,It is important to identify and foster the unique capabilities of each student.,Emphasis should be placed on conceptual understanding rather than rote learning and learning - for - exams.,There should be due focus on creativity and critical thinking to encourage logical decision - making and innovation.,Teachers should focus on use of rewards and punishment to promote compliance in children.,3,CTET 2021-12 Q21,1,2021-12
ctet1,cdp,CTET विगत वर्ष,2,,22,,,,विद्यालयों में पाठ्यक्रम निर्धारित करने हेतु इस प्रकार का पाठ्यक्रम नियम लागू करना चाहिए जो ____से ________और ________से _______ की तरफ बढ़ें।,"अमूर्त, मूर्त; स्थानीय, वैश्विक","मूर्त, अमूर्त; वैश्विक, स्थानीय","मूर्त, अमूर्त; स्थानीय वैश्विक,","अमूर्त, मूर्त; वैश्विक, स्थानीय",The curriculum in schools should follow the curriculum principle of moving from _______ to ______ and from _________ to ________.,"abstract, concrete; local, global","concrete, abstract; global, local","concrete, abstract; local, global","abstract, concrete; global, local",2,CTET 2021-12 Q22,1,2021-12
ctet1,cdp,CTET विगत वर्ष,2,,23,,,,"एक अध्यापक पठन शुरू करने के लिए अपने विद्यार्थियों को ‘कलम’, ‘चीता’, ‘पानी’ जैसे अर्थपूर्ण शब्दों की पहचान करने के लिए प्रोत्साहित करता है। इस शिक्षणशास्त्रीय प्रक्रिया में अधिगम का कौन सा सिद्धांत निहित है?",क्रिया प्रसूत अनुकूलन,शास्त्रीय अनुकूलन,Reductionism/न्यूनतावाद,Constructivism/संरचनावाद,"A teacher encourages her students to identify and recognise meaningful words such as 'pen', 'tiger', 'water', to initiate reading. Which principle of learning is this pedagogy situated in?",Operant conditioning,Classical conditioning,Reductionism/न्यूनतावाद,Constructivism/संरचनावाद,3,CTET 2021-12 Q23,1,2021-12
ctet1,cdp,CTET विगत वर्ष,2,,24,,,,बच्चों के चिंतन में संप्रत्ययात्मक बदलाव को किस प्रकार प्रोत्साहित किया जा सकता है?,दंड का प्रयोग करके,बहु/विभिन्न उदाहरण देकर और बच्चों को उनके तर्क खोजने के लिए कहकर,बच्चों को ‘सही-संप्रत्यय’ का रट्टा मारने के लिए कहकर,बारंबार वेधन और अभ्यास द्वारा,Conceptual changes in children's thinking should be encouraged by,the use of punishment.,giving multiple examples and encouraging children to reason.,asking children to memorize the 'correct concepts.,repeated drill and practice.,1,CTET 2021-12 Q24,1,2021-12
ctet1,cdp,CTET विगत वर्ष,2,,25,,,,आपकी कक्षा का एक विद्यार्थी प्रतिस्पर्धात्मक वातावरण के बारे में आशंकित और चिंतित रहता है। एक अध्यापिका के तौर पर आपको लगता है कि: (A) High academic anxiety keeps people motivated and responsible and helps in having a more sustainable and prosperous life./उच्च-स्तर की शैक्षिक आशंका लोगों को अभिप्रेरित और जिम्मेवार रखती है और एक संधारणीय और समृद्ध जीवन के लिए मदद करती है। (B) Increases apprehension and uneasiness of the students can also be accompanied by emotional fear which might interfere with students' concentration power and memory./विद्यार्थी की बढ़ी हुई संशा बेचैनी से भावात्मक डर पैदा होता है जो विद्यार्थी की एकाग्रता शक्ति और स्मृति क्षमता को प्रभावित करता है।,गलत है लेकिन (B) सही है।,और (B) दोनों गलत हैं।,सही है लेकिन (B) गलत है।,और (B) दोनों सही हैं।,A student in your class feels anxious and concerned about the competitive environment. As a teacher you feel:,(A) is incorrect but (B) is correct (A),Both (A) & (B) are incorrect (A),(A) is correct but (B) is incorrect (A),Both (A) & (B) are correct (A),0,CTET 2021-12 Q25,1,2021-12
ctet1,cdp,CTET विगत वर्ष,2,,26,,,,"अनुसूचित जातियों और जनजातियों से जुड़े बच्चे, ‘प्रथम पीढ़ी विद्यालय-गामी,’ लड़कियाँ और दिव्यांग बालक, शिक्षा की पहुंच के संदर्भ में _____स्तर पर हैं।",प्रतिकूल,advantage/अनुकूल,equal platform/समान,प्राधिकृत,"Children belonging to scheduled caste and scheduled tribes, tribes, first generation school goers, girls and children with disabilities are at a/an ______ in terms of access to education.",disadvantaged position,advantage/अनुकूल,equal platform/समान,privileged position,0,CTET 2021-12 Q26,1,2021-12
ctet1,cdp,CTET विगत वर्ष,2,,28,,,,एक छात्रा यह मानती है कि वह एक परीक्षा में सफल नहीं हो पायेगी और वह अपने प्रदर्शन को कभी सुधार नहीं सकती। सामर्थ्य के संदर्भ में छात्रा का यह विश्वास उसके अधिगम को किस प्रकार प्रभावित करता है?,छात्रा के अभिप्रेरण में वृद्धि करता है।,छात्रा के अभिप्रेरण पर किसी भी प्रकार का प्रभाव नहीं डालता है।,छात्रा के कार्य छोड़ने की अनुभूति का एहसास दिलाता है और उसे ‘अधिगम असहायपन’ की ओर धकेलता है।,छात्र को कार्य तनावमुक्त होने में सहायक होता है।,A student feels that she would not be able to achieve success on a test and will never be able to improve her performance. Such beliefs about ability:,increases the students' motivation to learn.,does not affect the students' motivation in any manner.,makes the student feel a sense of giving up on the task and experiencing 'learned helplessness'.,helps the student relax.,2,CTET 2021-12 Q28,1,2021-12
ctet1,cdp,CTET विगत वर्ष,2,,29,,,,निम्नलिखित में से कौन-सी योजना विद्यार्थियों को सीखने के लिए निरंतर अभिप्रेरित रखने में सबसे ज्यादा मददगार है?,विद्यार्थियों में योग्यता की संवृद्धिक धारणा विकसित करना।,इनामों का निरंतर वितरण और छात्रों में प्रतिस्पर्द्धा को बढ़ावा देना।,असफलता को अनियंत्रित कारकों पर प्रतिपादित करना।,विद्यार्थियों में प्रदर्शन-अभिमुखी लक्ष्यों को बढ़ावा देना।,Which of the following strategy by teacher is most effective in keeping students continually motivated to learn:,inculcating incremental belief about ability among students.,frequent distribution of rewards and inculcation of competition among students.,attributing uncontrollable factors to failure.,promoting performance oriented goals among students.,0,CTET 2021-12 Q29,1,2021-12
ctet1,cdp,CTET विगत वर्ष,2,,30,,,,बच्चों द्वारा की गई त्रुटियाँ क्या दर्शाती हैं?,निम्न बुद्धि,low ability./कम क्षमता,उनकी ज्ञान प्रजनन की अक्षमता,बच्चों की चिंतन प्रक्रिया जो वयस्कों से गुणात्मक रूप से अलग है,Errors made by children are indicative of,poor intelligence.,low ability./कम क्षमता,their inability to reproduce knowledge.,children's thinking process which is qualitatively different from that of adults.,3,CTET 2021-12 Q30,1,2021-12
ctet1,math,CTET विगत वर्ष,2,,31,,,,"रतिराम शहर में दूध बेचता है। वह प्रतिदिन 10 लीटर दूध ` ` ` ` 45 प्रति लीटर के हिसाब से बेचता है, लेकिन साथ ही हर हफ्ते वह ` ` ` ` 50 नगर निगम को टैक्स के रूप में देता है। सितंबर 2021 में रतिराम ने कितने रूपये कमाये होगें?",` 13250,` 13500,` 13450,` 13400,"Ratiram is a milk seller in the city. He shells 10 litres of milk every day at ` ` ` ` 45 per litre, but every week he has to pay ` ` ` ` 50 as a tax to municipal corporation. How much money does Ratiram earn in Septembe 2021?",` 13250,` 13500,` 13450,` 13400,0,CTET 2021-12 Q31,1,2021-12
ctet1,math,CTET विगत वर्ष,2,,32,,,,जेम्स स्थानीय उधार देने वाले व्यक्ति से ` ` ` ` 500 का उधार लेता है और कबीर भी उतना ही उधार एक कॉपरेटिव सोसाइटी से लेता है। जेम्स 55 दिनों तक हर दिन ` ` ` ` 11.00 उधार चुकाता है। कबीर ने बैंक को 55 दिनों के बाद 600.00 चुकाया। दोनों की उधार 55 दिनों बाद खत्म हो गई। किसने ज्यादा राशि चुकाई और कितनी ज्यादा?,कबीर ; जेम्स से ` 5.00 ज्यादा,जेम्स ; कबीर से ` 5.00 ज्यादा,कबीर ; जेम्स से ` 10.00 ज्यादा,दोनों ने बराबर राशि चुकाई,James took loan of ` ` ` ` 500.00 from a local money lender and Kabeer took the same amount form cooperative society. James paid ` ` ` ` 11.00 every day for 55 days to repay the loan. Kabeer paid ` ` ` ` 600.00 to bank after 55 days. Both the loans were closed by 55 days. Who has paid more amount and by how much?,Kabeer; ` 5.00 more than that of James.,James; ` 5.00 more than that of Kabeer.,Kabeer; ` 10.00 more than that of James.,Both of them paid equal amount,1,CTET 2021-12 Q32,1,2021-12
ctet1,math,CTET विगत वर्ष,2,,33,,,,एक मिनी बस में अधिकतम 15 विद्यार्थी बैठ सकते हैं और उसके तीन गुना विद्यार्थी एक बड़ी बस में बैठ सकते हैं। 112 विद्यार्थी पिकनिक पर जाना चाहते हैं और प्रत्येक सीट पर एक विद्यार्थी बैठ सकता है। इसके लिए कम से कम कितने वाहनों की आवश्यकता होगी?,मिनी बस और 2 बड़ी बस,मिनी बस और 2 बड़ी बस,मिनी बस और 1 बड़ी बस,मिनी बस और 1 बड़ी बस,In a mini bus a maximum of 15 students can sit and three times of that can sit in a big bus. 112 students want to go for a trip such that each student should occupy exactly one seat. What is the minimum number of vehicles they require?,2 mini buses and 2 big buses 2,1 mini bus and 2 big buses 1,3 mini buses and 1 big bus 3,4 mini buses and 1 big bus 4,0,CTET 2021-12 Q33,1,2021-12
ctet1,math,CTET विगत वर्ष,2,,34,,,,एक धनात्मक पूर्णाक को एक परिपूर्ण संख्या कहा जाता है यदि उस संख्या को छोड़कर उसके सभी विभाजकों का योग संख्या के बराबर आता है। इनमें से कौन सी एक परिपूर्ण संख्या नहीं है?,6,48,28,496,"A positive integer is called a perfect number if it is equal to the sum of all its divisors, except the number itself. Which of the following is not a perfect number?",6,48,28,496,1,CTET 2021-12 Q34,1,2021-12
ctet1,math,CTET विगत वर्ष,2,,35,,,,"निम्नलिखित कथनों पर विचार करें: (i) One metre is one-hundredth of one kilometre. एक मीटर, एक किलोमीटर का शतांश है। (ii) One lakh is equal to one hundred thousand. एक लाख बराबर है एक सौ हजार के। (iii) One millilitre is one-hundredth of one litre. एक मिलीलीटर एक लीटर का शतांश है। (iv) One crore is equal to one hundred lakh. एक करोड़ बराबर है एक सौ लाख के। Which of the above statements are correct? उपरोक्त में से कौन से कथन सही हैं?",(i) and (iv)/(i) और (iv),(ii) and (iv) /(ii) और (iv),(ii) and (iii) /(ii) और (iii),(iii) and (iv) /(iii) और (iv),Consider the following statements:,(i) and (iv)/(i) और (iv),(ii) and (iv) /(ii) और (iv),(ii) and (iii) /(ii) और (iii),(iii) and (iv) /(iii) और (iv),1,CTET 2021-12 Q35,1,2021-12
ctet1,math,CTET विगत वर्ष,2,,36,,,,मैं 5 अंकों की संख्या हूँ जो 5 से तो विभाजित हो जाती है लेकिन 10 से नहीं। मेरे दहाई और हजार स्थानों के अंक क्रमश: दूसरी और तीसरी अभाज्य संख्याएं है। सैकड़े का अंक एक सम अभाज्य संख्या और दस हजार स्थान का अंक उसका आधा है। मैं कौन हूँ?,27155,17255,15235,21355,I am a 5 digit number and divisible by 5 but not by 10. Digits at my tens and thousands place are the second and third prime numbers respectively. The digit at hundreds place in an even prime number and ten thousands place is it's half. Who I am?,27155,17255,15235,21355,2,CTET 2021-12 Q36,1,2021-12
ctet1,math,CTET विगत वर्ष,2,,37,,,,इनमें से कौन-से भिन्नों को जोड़ने पर परिणाम 1 मिलेगा?,3 4 1 1 8 16 4 8,1 1 1 4 2 2,"1 5 3 , , 8 8 8",4 2 3 16 5 8,Which of the following set of fractions on adding will result to 1?,3 4 1 1 8 16 4 8,1 1 1 4 2 2,"1 5 3 , , 8 8 8",4 2 3 16 5 8,0,CTET 2021-12 Q37,1,2021-12
ctet1,math,CTET विगत वर्ष,2,,38,,,,निम्नलिखित में से कौन सा कथन सही नहीं है?,सभी वर्ग आयत होते हैं।,सभी समांतर चतुर्भुज वर्ग होते हैं।,सभी वर्ग समचतुर्भुज होते हैं।,सभी आयत समांतर चतुर्भुज होते हैं।,Which one of the following is NOT a correct statement?,All squares are rectangles.,All parallelograms are squares.,All squares are rhombus.,All rectangles are parallelograms.,1,CTET 2021-12 Q38,1,2021-12
ctet1,math,CTET विगत वर्ष,2,,39,,,,निम्नलिखित में से कौन-सी तीन अंकों की ऐसी संख्या है जो आधे घुमाये जाने पर पहले के समान दिखती है?,696,881,444,808,Which of the following three-digit number's look the same on half a turn?,696,881,444,808,3,CTET 2021-12 Q39,1,2021-12
ctet1,math,CTET विगत वर्ष,2,,40,,,,एक घन की भुजा 5 सेमी. है। अगर घन की भुजा को दोगुना कर दिया जाए तो घन का पृष्ठीय क्षेत्रफल कितना गुना हो जाएगा?,2 times/2 गुना,3 times/3 गुना,4 times/4 गुना,6 times/6 गुना,The side of a cube is 5 cm. How many times will the new surface area become if the side of the cube is doubled?,2 times/2 गुना,3 times/3 गुना,4 times/4 गुना,6 times/6 गुना,2,CTET 2021-12 Q40,1,2021-12
ctet1,math,CTET विगत वर्ष,2,,41,,,,"किसी वर्ग की भुजा 33 सेमी. है। एक आयत की लंबाई तथा चौड़ाई, वर्ग की भुजा क्रमश: दो-तिहाई तथा एक-तिहाई है। इनके क्षेत्रफलों (वर्ग सेमी. में) का अंतर है?",748 cm2/748 वर्ग सेमी.,847 cm2/847 वर्ग सेमी.,1331 cm2/1331 वर्ग सेमी.,857 cm2/857 वर्ग सेमी.,The side of a square is 33 cm. The length and breadth of a rectangle are two-third and one- third of the side of the square respectively. The difference of their areas (in square cm) is,748 cm2/748 वर्ग सेमी.,847 cm2/847 वर्ग सेमी.,1331 cm2/1331 वर्ग सेमी.,857 cm2/857 वर्ग सेमी.,1,CTET 2021-12 Q41,1,2021-12
ctet1,math,CTET विगत वर्ष,2,,42,,,,नरेश ने 30 जून को सुबह 11:20 am अपनी यात्रा शुरू की और 1 जुलाई को शाम 5:40 pm पर समाप्त की। यात्रा को पूरा करने में लगने वाला समय है–,घंटे 20 मिनट,घंटे 20 मिनट,घंटे 40 मिनट,घंटे 40 मिनट,Naresh started his journey at 11:20 am on June 30 and finished at 5:40 pm on July 1. The time taken in completing the journey is,30 hours 20 minutes/30,54 hours 20 minutes/54,5 hours 40 minutes/5,29 hours 40 minutes/29,0,CTET 2021-12 Q42,1,2021-12
ctet1,math,CTET विगत वर्ष,2,,43,,,,कक्षा 3 के बच्चों ने गुप्त संदेश लिखे। आज उन्होंने विपरीतार्थक शब्दों को गुप्त संदेशों में लिखा। अध्यापिका ने BLACK को AKZBJ से प्रदर्शित किया। इनमें से कौन-सा गुप्त संदेश दिए गए शब्द का सही विपरीतार्थक है?,UGJTF,VGHSD,XIJUF,XGJSF,Class 3 students wrote secret messages in the class. Today they wrote opposite words using secret messages. Teacher represented BLACK as AKZBJ. Which of the following is the correct opposite of the given word in secret message?,UGJTF,VGHSD,XIJUF,XGJSF,1,CTET 2021-12 Q43,1,2021-12
ctet1,math,CTET विगत वर्ष,2,,44,,,,"अथिरा आधा दर्जन अंड़े, आधा किलो चावल, 250 ग्राम नमक और 1 माचिस खरीदना चाहती है। दुकान में दी गई कीमत सूची इस प्रकार है। Item/वस्तु Price/कीमत Egg ` 4.00 each अंडा ` 4.00 का एक Matchbox ` 3.00 each माचिस ` 3.00 की एक Rice ` 32.00 per kg चावल ` 32.00 प्रति किलोग्राम Salt ` 16.00 per kg नमक ` 16.00 प्रति किलोग्राम If she has ` ` ` ` 45.50 with her, then यदि उसके पास ` ` ` ` 45.50 हैं, तो –",उसे सभी वस्तुएं खरीदने के लिए ` 1.50 जोड़ने होंगे,उसके पास ` 2.00 शेष बचेंगे,उसके पास उतनी ही राशि है जितनी आवश्यक है,उसके पास दूसरे सामानों के साथ 500 ग्राम नमक खरीदने के लिए भी पर्याप्त राशि है,"Athira wants to purchase half a dozen eggs, half kg rice, 250 gms of salt and 1 match box. The following are the price list in the shop.",She has to add ` 1.50 to purchase all the items,She will get ` 2.00 balance with her,She has exact amount required,"She will have enough amount to purchase 500 gms of salt, along with the other items in the list",0,CTET 2021-12 Q44,1,2021-12
ctet1,math,CTET विगत वर्ष,2,,45,,,,रेखा ने अपने जन्मदिन पर केक खरीदा और अपने पाँच दोस्तों को बुलाया जिसमें से दो दोस्त वहाँ नहीं पहुँचे। उसने केक को दो बराबर भागों में काटा और एक हिस्सा अपने लिए रख लिया। बचा हुआ एक हिस्सा उसने अपने बाकी दोस्तों को दे दिया। थोड़ी देर में उसके दो दोस्त भी वहाँ आ गए। वह उन्हें देखकर खुश हुई और अपने केक के भाग को तीन बराबर हिस्सों में बाँट दिया। उसने पूरे केक का कितना भाग खाया?,2,1,1,2,Rekha bought a cake on her birthday. She invited her five friends but two of them couldn't join earlier. She cut the cake into two halves and kept one half for herself and gave the rest to her friends. Later two of her friends also arrived. She got happy to see them and divided her part into three equal pieces. How much part of the original Cake the could eat?,2,1,1,2,2,CTET 2021-12 Q45,1,2021-12
ctet1,math,CTET विगत वर्ष,2,,46,,,,निम्नलिखित में से कौन सा डीन्स के सिद्धांत का नियम नहीं है?,रचनात्मक नियम,गतिक नियम,उत्क्रमणीयता/प्रतिवर्ती नियम,गणितीय परिवर्तनशीलता नियम,Which of the following is NOT one of the principles of the Dienes theory?,Constructivity Principle,Dynamic Principle,Reversibility Principle,Mathematical Variability Principle,2,CTET 2021-12 Q46,1,2021-12
ctet1,math,CTET विगत वर्ष,2,,47,,,,"पियाजे के अनुसार, संख्या, बच्चे द्वारा वस्तुओं के बीच बनाये गए दो प्रकार के संबंधों का संश्लेषण है। वे हैं–",क्रम और पदानुक्रम समावेशन,क्रम और प्रतिवर्ती,पंक्तिबद्धता और पदानुक्रम समावेश,पंक्तिबद्धता और संरक्षण,"Number, according to Piaget, is a synthesis of two kinds of relationships the child creates among objects. They are",Order and Hierarchical Inclusion,Order and Reversibility,Seriation and Hierarchical inclusion,Seriation and Conservation,0,CTET 2021-12 Q47,1,2021-12
ctet1,math,CTET विगत वर्ष,2,,48,,,,"बहुधा छात्र दशमलव संख्याओं की तुलना करने में त्रुटि करते हैं। उदाहरण के लिए, 0.50 को 0.5 से बड़ा बताते हैं। इस त्रुटि का सर्वाधिक संभावित कारण हो सकता है–",पूर्ण संख्या के तथ्यों का दशमलव संख्याओं में अतिसामान्यीकरण,संख्याओं की तुलना के प्रश्नों के अभ्यास की कमी,एक संख्या रेखा पर दशमलव अंकों के प्रदर्शन में कमी,यह छात्रों द्वारा की जाने वाली लापरवाह त्रुटि है,Students often make a mistake in comparing the decimal numbers. For example 0.50 is greater than 0.5. The most probable reason for this error is,Overgeneralization of whole number facts to decimal numbers,Lack of practice of comparison of numbers,Lack of representation of decimal numbers on a number line,It is a careless mistake by the students,0,CTET 2021-12 Q48,1,2021-12
ctet1,math,CTET विगत वर्ष,2,,49,,,,वर्ष 2021 में शिक्षा मंत्रालय द्वारा निम्नलिखित में से कौन-सी राष्ट्रीय पहल यह सुनिश्चित करने के लिए की गई कि देश का प्रत्येक बच्चा मूलभूत साक्षरता और संख्यात्मकता प्राप्त करें?,समग्र शिक्षा,साक्षर भारत,NIPUN BHARAT/निपुण भारत,सक्षम भारत,Which of the following represents a National Initiative taken by the Ministry of Education in 2021 to ensure that every child in the country attains foundational literacy and numeracy?,SAMAGRA SHIKHA,SAKSHAR BHARAT,NIPUN BHARAT/निपुण भारत,SAKSHAM BHARAT,2,CTET 2021-12 Q49,1,2021-12
ctet1,math,CTET विगत वर्ष,2,,50,,,,निम्नलिखित में से कौन-सा कथन समकक्षी मूल्यांकन के लिए सत्य है?,इसमें सम्मिलित है कि एक बच्चा अन्य बच्चों के कार्य का आकलन करता है और उन्हें प्रतिपुष्टि देता है।,यह जोड़ों और समूहों में नहीं किया जा सकता।,यह योगात्मक मूल्यांकन का एक उपकरण है।,यह बच्चे के सीखने रुचियों और अभिवृत्तियों के स्व- आकलन की ओर संकेत करता है।,Which of the following statements is true for peer assessment?,It includes assessing students and providing feedback to the work of their peers,It cannot be done in pairs or groups,It is a tool of summative assessment,"It refers to child's own assessment of learning, interests and attitudes",0,CTET 2021-12 Q50,1,2021-12
ctet1,math,CTET विगत वर्ष,2,,51,,,,"त्रिभुज के कोणों के योग गुणधर्म (त्रिभुज के आंतरिक कोणों का योग 180° होता है) का परिचय कराने के लिए, शिक्षक ने विभिन्न प्रकार के त्रिभुजों के छोटे- छोटे कट-आउट विद्यार्थियों को प्रदान किए और विद्यार्थियों को प्रत्येक दिए गए त्रिभुज के आंतरिक कोणों को मापने के लिए कहा। क्रियाकलाप के समापन के बाद छात्र इस निष्कर्ष पर पहुँचे कि दिए गए किसी भी त्रिभुज के आंतरिक कोणों का योग 180° है, चाहे वह कैसा भी दिखे। यह क्रियाकलाप उदाहरण है ________ का।",प्रदर्शन विधि,आगमनात्मक विधि,निगमनात्मक विधि,विश्लेषण विधि,"To introduce the angle sum property (the sum of interior angles of a triangle is 180°), the teacher provided cut-outs of different types of triangles to the students. She tells the students to measure interior angles of each triangle: the students concluded that sum of interior angles of any given triangle is 180° irrespective of the size or shape of the triangle. The activity is an example of ________.",Demonstration method,Inductive method,Deductive method,Analysis method,1,CTET 2021-12 Q51,1,2021-12
ctet1,math,CTET विगत वर्ष,2,,52,,,,"नेहा घटा की एक समस्या 673-257 को हल कर रही है, वह कहती है ‘‘257 जमा 100 होगा, 357, 457, 557, 657 इसलिए 257 जमा 400 हुआ 657’’ अब 657 जमा 10 हुआ 667, 677, इसलिए 657 जमा 20 हुआ 677 तथा 677 से 4 कम है 673 अत: 400 जमा 20 घटा 4, 416 होता है। इसलिए 673-257 हुआ 416। नेहा द्वारा अपनाई गई रणनीति के लिए इनमें से कौन-सा कथन अत्यधिक उपयुक्त है–","यह दर्शाता है, कि नेहा अपनी स्वयं की कलनविधि को विकसित करने में योग और व्यवकलन की अपनी संकल्पनात्मक समझ का उपयोग करने में सक्षम है।",नेहा घटा की औपचारिक कलनविधि को नहीं जानती।,नेहा अनावश्यक रूप से जमा की संकल्पना को घटा की समस्या हल करने में मिश्रित कर रही है।,यह अनौपचारिक रणनीति है। अत: लिखित परीक्षा में इसका उपयोग नहीं किया जा सकता।,"Neha was solving a problem in which subtraction of 673-257 was required. She said, ""257 plus 100 will be 357, 457, 557, 657. So, 257 plus 400 is 657"". ""Now 657 plus 10 is 667, 677, so, 657 plus 20 is 677 and 4 less in 677 is 673. ""Therefore, 400 plus 20 minus 4 is 416"". Hence 673-257 is 416. Which of the following statements is most appropriate for the strategy of Neha?",It shows Neha is able to use her conceptual understanding of addition and subtraction in developing her own personal algorithm.,Neha does not know formal algorithm of subtraction.,Neha is unnercessarily mixing the concept of addition in solving a problem on subtraction.,It is an informal strategy hence cannot used in written tests.,0,CTET 2021-12 Q52,1,2021-12
ctet1,math,CTET विगत वर्ष,2,,53,,,,निम्नलिखित में से कौन-सा एक रचनात्मक गणित की कक्षा का लक्षण है?,बच्चे श्याम पट्ट से उत्तरों को नकल करके लिख रहे हैं।,बच्चे पहाड़ों को ऊँचे स्वर में कविता की तरह गा रहे हैं।,बच्चे अर्थपूर्ण गतिविधियों में व्यस्त हैं।,अध्यापक एक दी गई समस्या को हल करने की विधि को समझा रहा है।,Which one of the following is a feature of a constructivist mathematics classroom?,Children copying answers from the black board,Children reciting the multiplication tables in the form of rhymes,Children are engaged in meaningful activities,Teacher explaining the procedure to solve a given problem,2,CTET 2021-12 Q53,1,2021-12
ctet1,math,CTET विगत वर्ष,2,,54,,,,निम्नलिखित में से कौन सा क्रियाकलाप कक्षा III के छात्रों में समस्या-समाधान की प्रतिभा को विकसित करता है?,"एक वर्ग पहेली जिसमें सभी मूल शब्दों जैसे सम संख्या, विषम संख्या, भाज्य संख्या, अभाज्य संख्या आदि के लिए संकेत दिए गए हों।",एक क्रियाकलाप जिसमें विद्यार्थी समूहों में कार्य कर रहे हैं और दो अंकों के गुणन के विभिन्न आयामों को खोज रहे हैं।,संख्याओं और संक्रियाओं पर अंत: कक्षा प्रश्नोत्तरी का संचालन कराना।,चार आधारभूत संक्रियाओं पर आधारित समस्याओं को औपचारिक ऐल्गोरिदम (कलनविधि) के उपयोग से सुलझाने पर कार्य-पत्रिका देना।,Which of the following activities is meant to enhance problem-solving abilities among the students of class III?,"A crossword puzzle containing clues for all key terms learnt like even number, odd number, composite number, prime number, etc.",An activity involving students working in groups and exploring the various dimensions of two digit multiplication.,Conducting an intra-class quiz on 'numbers' and 'operations'.,A worksheet based on solving problems on four basic operations using formal algorithms.,1,CTET 2021-12 Q54,1,2021-12
ctet1,math,CTET विगत वर्ष,2,,55,,,,गणित के एक अच्छे प्रश्न के लिए इनमें से कौन-सा अभीष्ट लक्षण है–,प्रश्न में तथ्य या कार्यविधि के स्मरण या प्रतिकृति से अधिक अपेक्षित होना चाहिए।,प्रश्न हमेशा बंद सिरे वाला होना चाहिए जिससे अध्यापक विद्यार्थियों की कॉपियों का मूल्यांकन आसानी से कर सके।,प्रश्नों को सभी संदर्भात्मक स्थितियों में रहित होना चाहिए।,"जो पाठ्य-पुस्तक में दिया गया है, प्रश्न उससे मिलता- जुलता (समान) होना चाहिए।",Which of the following is a desirable feature of a good mathematical question?,The question should require more than the recall or replication of a fact or procedure.,The question should always be closed ended as it is easier for the teacher to evaluate the notebooks of students.,The question should be devoid of all contextual situations.,The question should be similar to what is being given in the textbook.,0,CTET 2021-12 Q55,1,2021-12
ctet1,math,CTET विगत वर्ष,2,,56,,,,प्राथमिक स्तर पर बच्चे दी गई आकृतियों को उनकी दिखावट के आधार पर वर्गीकृत करने में समर्थ हैं। वैन हैले के ज्यामितीय तर्क के चरणों के अनुसार वे कौन- से चरण पर हैं?,विश्लेषण चरण,दृश्यीकरण चरण,संबंधनात्मक चरण,स्वयंसिद्ध (अभिगृहीत) चरण,"Children at primary stage are able to classify the given shapes based on their appearance. They are at which level, according to Van Hiele's levels of geometric reasoning?",Analysis level,Visualisation level,Relationships level,Axiomatic level,1,CTET 2021-12 Q56,1,2021-12
ctet1,math,CTET विगत वर्ष,2,,57,,,,"एक विद्यार्थी, योग (जमा) की समस्या को निम्नलिखित विधि से हल करता है– + Which one of the following statements represents correct remedial technique for the error made by the student? निम्नलिखित में से कौन-सा एक कथन विद्यार्थी के दोष को सुधारने के लिए सही तकनीक को दर्शाता है?",उसी प्रश्न को बार-बार दोहराएँ।,छात्र को सही उत्तर दें।,डीन्स ब्लॉक का उपयोग करके स्थानीय मान की अवधारणा को सुदृढ़ करें।,अभ्यास के लिए समान प्रकार की समस्याएँ दें।,A student solves the addition problem in the following way :,Repeat the same question multiple times,Give the correct answer to the student,Strengthen the concept of place value using Deines blocks,Give similar type of problems to practice,2,CTET 2021-12 Q57,1,2021-12
ctet1,math,CTET विगत वर्ष,2,,58,,,,"प्राइमरी गणित की अध्यापिका विद्यार्थियों से ‘रूलर’ (पैमाना) निकालने के लिए कहती है, क्योंकि वह लम्बाई का मापन प्रकरण पढ़ाने वाली है। विद्यार्थी यह शब्द सुनकर उलझन में पड़ जाते हैं कि वे किस प्रकार किसी राजा/रानी को निकाल सकते हैं। गणित के अध्यापक/अध्यापिका को कक्षा में अकसर इस प्रकार की स्थितियों का सामना करना पड़ता है। शब्दावली की यह अस्पष्टता इसलिए हुई, क्योंकि शब्द ‘रूलर’ एक उदाहरण है–",Homophones/सम उच्चारण शब्द का,Homonyms/समनाम शब्द का,Polysemy/अनेकार्थी शब्द का,Prepositions/पूर्व सर्ग शब्द का,A primary mathematics teacher asked the students to take out a 'Ruler' as he/she was going to teach the topic on length measurement. After listening this term students got confused how can they take out a king or queen. Mathematics teachers often face such situation in the classroom. The ambiguity in terminology arose because the word 'Ruler' is an example of,Homophones/सम उच्चारण शब्द का,Homonyms/समनाम शब्द का,Polysemy/अनेकार्थी शब्द का,Prepositions/पूर्व सर्ग शब्द का,1,CTET 2021-12 Q58,1,2021-12
ctet1,math,CTET विगत वर्ष,2,,59,,,,कौन-सी दो संख्याओं को विभाजित करने पर भागफल 4 होगा? इस प्रकार के प्रश्न–,परासंज्ञानात्मक कौशल को विकसित करते हैं।,मुक्त सिरे वाले होने के कारण अपसारित चिंतन को बढ़ावा देते हैं।,"को हतोत्साहित किया जाना चाहिए, क्योंकि यह अनेक उत्तर प्रस्तुत करते हैं।",को प्राथमिक स्तर पर बच्चे हल नहीं कर सकते हैं।,Which two numbers when divided will give the quotient 4? Such questions:,Develop metacognitive skills,Being open-ended; encourage divergent thinking,Are discouraged as they produce many answers,Cannot be solved by children at primary level,1,CTET 2021-12 Q59,1,2021-12
ctet1,math,CTET विगत वर्ष,2,,60,,,,राष्ट्रीय पाठ्यचर्या रूपरेखा (2005) के कथनों में से एक दृष्टिकोण है– ‘सभी के लिए गणित’। इस दृष्टिकोण को निम्न में से कौन-सा कथन अत्यंत उपयुक्तता से दर्शाता है?,गणित शिक्षण और अधिगम लैंगिक (जेंडर) पक्षपात से मुक्त होना चाहिए।,"गणित शिक्षण और अधिगम लिंग, जाति और कौशल के आधार पर भेदभाव से मुक्त होना चाहिए।",छात्रों को गणित की पाठ्य-पुस्तकें मुफ्त में उपलब्ध कराई जानी चाहिए।,कक्षा XII तक गणित एक अनिवार्य विषय होना चाहिए।,'Mathematics for All' is one of the vision statements of National Curriculum Framework (2005). Which of the following statements most appropriately represents this vision statement?,Mathematics teaching and learning should be free from gender bias.,"Mathematics teaching and learning should be free from gender, caste and ability based discriminations.",Mathematics textbooks should be made available free of cost to students,Mathematics should be taught as a compulsory subject upto class XII.,1,CTET 2021-12 Q60,1,2021-12
ctet1,evs,CTET विगत वर्ष,2,,61,,,,"साबुत मूंग या चना को रात भर पानी में/भिगो कर फिर एक या दो दिन छोड़ देते हैं। सबसे पहले जो भाग अंकुरित होता है, वह है–",Stem/तना,Leaf/पत्ती,Root/जड़,Fruit/फल,Whole Moong or Chana seeds are dipped overnight in water and left a day/two. The part of the sprout which develops first is,Stem/तना,Leaf/पत्ती,Root/जड़,Fruit/फल,2,CTET 2021-12 Q61,1,2021-12
ctet1,evs,CTET विगत वर्ष,2,,62,,,,मांड की उपस्थिति को जाँचने के लिए आयोडीन के हल्के घोल से परीक्षण करने पर निम्न में से कौन-सा रंग आता है?,Blue-black/नीला-काला,Blue-violet/नीला-बैंगनी,Blue-orange/नीला-नारंगी,Blue-green/नीला-हरा,Test for the presence of starch with dilute Iodine solution gives which of the following colour,Blue-black/नीला-काला,Blue-violet/नीला-बैंगनी,Blue-orange/नीला-नारंगी,Blue-green/नीला-हरा,0,CTET 2021-12 Q62,1,2021-12
ctet1,evs,CTET विगत वर्ष,2,,63,,,,बेरी-बेरी नामक रोग/विषमता निम्न में से किस विटामिन की कमी से होती है–,Vitamin B12/विटामिन बी12,Vitamin B2/विटामिन बी2,Vitamin B1/विटामिन बी1,Vitamin B3/विटामिन बी3,Beri-beri disease/disorder is caused by deficiency of which of the following Vitamins,Vitamin B12/विटामिन बी12,Vitamin B2/विटामिन बी2,Vitamin B1/विटामिन बी1,Vitamin B3/विटामिन बी3,2,CTET 2021-12 Q63,1,2021-12
ctet1,evs,CTET विगत वर्ष,2,,64,,,,पटसन का रेशा पटसन के पौधे के किस,Seed/बीज,Leaf/पत्ती,Flower/फूल,Stem/तना,Jute fibre is obtained from which part of the Jute plant,Seed/बीज,Leaf/पत्ती,Flower/फूल,Stem/तना,3,CTET 2021-12 Q64,1,2021-12
ctet1,evs,CTET विगत वर्ष,2,,65,,,,निम्न में से कौन-सा जड़ नहीं है–,Radish/मूली,Sweet Potato/शकरकंदी,Tapioca/टेपियोका,Potato/आलू,Which of the following is NOT a root?,Radish/मूली,Sweet Potato/शकरकंदी,Tapioca/टेपियोका,Potato/आलू,3,CTET 2021-12 Q65,1,2021-12
ctet1,evs,CTET विगत वर्ष,2,,66,,,,निम्नलिखित में कौन-सा परजीवी पौधा है–,Peepal/पीपल,Cuscuta/अमर बेल,Grapes/अंगूर,Money Plant/मनी प्लांट,Which of the following is a Parasitic plant?,Peepal/पीपल,Cuscuta/अमर बेल,Grapes/अंगूर,Money Plant/मनी प्लांट,1,CTET 2021-12 Q66,1,2021-12
ctet1,evs,CTET विगत वर्ष,2,,67,,,,निम्न में से किन पौधों के बीज पशुओं द्वारा विस्थापित होते हैं?,Drumstick/सहजन,Maple/मैपल,Calotropis/आक,Mango/आम,"In which of the following plants, seeds are dispersed by animals?",Drumstick/सहजन,Maple/मैपल,Calotropis/आक,Mango/आम,3,CTET 2021-12 Q67,1,2021-12
ctet1,evs,CTET विगत वर्ष,2,,68,,,,निम्नलिखित में से किसको बीजपत्र कहते हैं–,Seed coat/बीजावरण,Embryo/भ्रूण,Seed leaves/बीज पत्ती,Micropyle/बीजांडद्वार,Which of the following is referred to as 'cotyledons'?,Seed coat/बीजावरण,Embryo/भ्रूण,Seed leaves/बीज पत्ती,Micropyle/बीजांडद्वार,2,CTET 2021-12 Q68,1,2021-12
ctet1,evs,CTET विगत वर्ष,2,,69,,,,निम्न में से किन पौधों की जड़ों में नाइट्रोजन जोड़ने वाले बैक्टीरिया की ग्रन्थियाँ नहीं होती हैं–,Sweet pea/स्वीट पी (मीठी मटर),Garden pea/बगीचे वाली मटर/गार्डन पी,Tulsi/तुलसी,Groundnuts/मूँगफली,Which of the following plants do NOT form Root Nodules having Nitrogen fixing bacteria in it,Sweet pea/स्वीट पी (मीठी मटर),Garden pea/बगीचे वाली मटर/गार्डन पी,Tulsi/तुलसी,Groundnuts/मूँगफली,2,CTET 2021-12 Q69,1,2021-12
ctet1,evs,CTET विगत वर्ष,2,,70,,,,पत्ती में शिराओं एवं छोटी शिराओं की व्यवस्था का नाम है–,Lamina/पटल,Venation/शिराविन्यास,Midrib/मध्य शिरा,Petiole/वृंत या पर्णवृंत,The arrangement of veins and the veinlets in the leaf is termed as,Lamina/पटल,Venation/शिराविन्यास,Midrib/मध्य शिरा,Petiole/वृंत या पर्णवृंत,1,CTET 2021-12 Q70,1,2021-12
ctet1,evs,CTET विगत वर्ष,2,,71,,,,निम्न में से कौन-सा जीवाश्म ईधन नहीं हैं?,Coal/कोयला,Wood/लकड़ी,Petroleum/पेट्रोलियम,Natural Gas/प्राकृतिक गैस,Which of the following is NOT a Fossil Fuel?,Coal/कोयला,Wood/लकड़ी,Petroleum/पेट्रोलियम,Natural Gas/प्राकृतिक गैस,1,CTET 2021-12 Q71,1,2021-12
ctet1,evs,CTET विगत वर्ष,2,,72,,,,निम्न में से कौन-सा ऊर्जा का परंपरागत स्रोत है–,Solar energy/सौर ऊर्जा,Tidal energy/ज्वार भाटा ऊर्जा,भूगर्भीय ऊष्मीय ऊर्जा,Fossil fuels/जीवाश्म ईंधन,Which of the following is conventional source of energy?,Solar energy/सौर ऊर्जा,Tidal energy/ज्वार भाटा ऊर्जा,Geothermal energy,Fossil fuels/जीवाश्म ईंधन,3,CTET 2021-12 Q72,1,2021-12
ctet1,evs,CTET विगत वर्ष,2,,73,,,,पौधों के ऊपरी,Photosynthesis/प्रकाश संश्लेषण,Growth/वृद्धि,Respiration/श्वसन,Transpiration/वाष्पोत्सर्जन,Loss of water in the form of vapour from the aerial parts of the plant is called,Photosynthesis/प्रकाश संश्लेषण,Growth/वृद्धि,Respiration/श्वसन,Transpiration/वाष्पोत्सर्जन,3,CTET 2021-12 Q73,1,2021-12
ctet1,evs,CTET विगत वर्ष,2,,74,,,,"हिमालय मेएप्पल, एक औषधीय पौधा है जो उच्च क्षेत्रों में पाया जाता है। इसे किस समूह में रखें–",Exotic/अन्यस्थानिक,Abundant/प्रचुर/बाहुल,Endemic/स्थानिक,Endangered/संकट संपन्न,Himalaya May Apple a medical plant is only found in higher altitudinal regions. This plant is categorized as :,Exotic/अन्यस्थानिक,Abundant/प्रचुर/बाहुल,Endemic/स्थानिक,Endangered/संकट संपन्न,2,CTET 2021-12 Q74,1,2021-12
ctet1,evs,CTET विगत वर्ष,2,,75,,,,हमारे सौर मंडल में कौन-सा ग्रह पृथ्वी से छोटा है?,Mars/मंगल,Jupiter/बृहस्पति,Mercury/बुध,"Saturn/शनि Ans. (a&c) : हमारे सौर मण्डल में आठ ग्रह हैं - बुध, शुक्र, पृथ्वी, मंगल, बृहस्पति, शनि, युरेनस (अरुण ग्रह) और नेप्चून (वरुण ग्रह)। जिसमें से पृथ्वी से छोटे तीन ग्रह है - बुध, शुक्र, मंगल और बड़े ग्रह - वरुण, अरुण, शनि बृहस्पति है। नोट - आयोग ने इसका",The planet which is smaller than earth in our solar system is,Mars/मंगल,Jupiter/बृहस्पति,Mercury/बुध,"Saturn/शनि Ans. (a&c) : हमारे सौर मण्डल में आठ ग्रह हैं - बुध, शुक्र, पृथ्वी, मंगल, बृहस्पति, शनि, युरेनस (अरुण ग्रह) और नेप्चून (वरुण ग्रह)। जिसमें से पृथ्वी से छोटे तीन ग्रह है - बुध, शुक्र, मंगल और बड़े ग्रह - वरुण, अरुण, शनि बृहस्पति है। नोट - आयोग ने इसका",2,CTET 2021-12 Q75,1,2021-12
ctet1,evs,CTET विगत वर्ष,2,,76,,,,"एन.सी.एफ., 2005 के अनुसार प्राथमिक स्तर पर ई.वी.एस. का उद्देश्य निम्न में से कौन-सा होना चाहिए?",लिंग संबंधी विषयों की तथा हाशियाकरण के मुद्दों पर समालोचना करना।,बच्चे की कंठस्थ करने की कला का विकास करना।,प्राथमिक स्तर पर ई.वी.एस. के सीखने में वर्णन के महत्व पर जोर देना।,वातावरण संबंधी प्रमुख मुद्दों को पहचानना व प्रत्याह्वान करना।,"As per NCF 2005, which of the following should be the objective of EVS at primary level?",To critically address gender concerns and issues of marginalisation,To develop the memorisation skill of the child,To emphasise the importance of description in learning of EVS at primary level,To recognise and recall the environmental issues of primary concerns,0,CTET 2021-12 Q76,1,2021-12
ctet1,evs,CTET विगत वर्ष,2,,77,,,,"प्राथमिक स्तर पर ई.वी.एस. की एकीकृत प्रवृत्ति को निम्न में से कौन अनुमोदित करता है– (A) Concept & issues of science, social science and environment education are integrated विज्ञान, सामाजिक विज्ञान तथा पर्यावरण शिक्षा की अवधारणाओं एवं मुद्दों का एकीकरण। (B) The child looks his/her environment in a holistic manner/बच्चा अपने पर्यावरण को एक संपूर्ण रूप में देखता है। (C) It is theme based/यह थीम पर आधारित है। (D) It includes topics & subtopics of science and social science/इसमें विज्ञान एवं सामाजिक विज्ञान के विषय तथा उपविषय शामिल हैं।",A and B Only/केवल A तथा B,"A, B and C/A, B तथा C",B and C Only/केवल B तथा C,"B, C and D/B, C तथा D",Which of the following favours the integrated nature of EVS at primary level?,A and B Only/केवल A तथा B,"A, B and C/A, B तथा C",B and C Only/केवल B तथा C,"B, C and D/B, C तथा D",1,CTET 2021-12 Q77,1,2021-12
ctet1,evs,CTET विगत वर्ष,2,,78,,,,निम्न में से ई.वी.एस. की शिक्षा के संबंध में कौन-सा सही है? (A) Learning through experience अनुभव द्वारा सीखना (B) Learning from concrete to abstract मूर्त से अमूर्त की ओर शिक्षा (C) Known to unknown/ज्ञात से अज्ञात (D) Contextual nature of EVS ई.वी.एस. का प्रासंगिक स्वरूप,"A, B, C and D/A, B, C तथा D","B, C and D/B, C तथा D",C and D Only/केवल C तथा D,D Only/केवल D,Which of the following is true in relation to the EVS learning.,"A, B, C and D/A, B, C तथा D","B, C and D/B, C तथा D",C and D Only/केवल C तथा D,D Only/केवल D,0,CTET 2021-12 Q78,1,2021-12
ctet1,evs,CTET विगत वर्ष,2,,79,,,,निम्न में से ई.वी.एस. के पाठ्यक्रम का थीम कौन-सा है?,Work and Play/कार्य एवं खेलकूद,चीजें जो हम बनाते हैं और करते हैं,Animals/जानवर,Plants/पेड़-पौधे,Which of the following is the theme of EVS syllabus?,Work and Play/कार्य एवं खेलकूद,Things we make and do,Animals/जानवर,Plants/पेड़-पौधे,1,CTET 2021-12 Q79,1,2021-12
ctet1,evs,CTET विगत वर्ष,2,,80,,,,एन.सी.ई.आर.टी. की ई.वी.एस. पुस्तक का ‘अंतरिक्ष में सुनीता’ आधारित है–,रोजमर्रा की चुनौतियाँ,असल जीवन की घटनाएँ,वास्तविक लोग तथा उनके अनुभव,Real places/वास्तविक स्थान,'Sunita in space' of EVS textbook of NCERT is based on,Everyday challenges,Real life incidents,Real people and their experiences,Real places/वास्तविक स्थान,2,CTET 2021-12 Q80,1,2021-12
ctet1,evs,CTET विगत वर्ष,2,,81,,,,खाद्य-पदार्थों के खराब होने तथा अपव्यय को संबोधित करने के लिए निम्न में से कौन-से संसाधन का सुझाव उपयुक्त है?,परिवार के अनुभवों एवं पारस्परिक क्रियाओं को खाद्य परीक्षण से संबंधित व्यक्ति से साझा करना,इस विषय पर श्रव्य-दृश्य,व्याख्या एवं विचार विमर्श,"सोच, स्याही, जोड़ा एवं साझा",Which of the following can be the appropriate suggested resources for addressing the issue of spoilage and wastages of food?,Sharing family experiences and interaction with a person involved with food preservation,Audio-Video for the issue,Lecture and discussion,"Think, ink, pair and share",0,CTET 2021-12 Q81,1,2021-12
ctet1,evs,CTET विगत वर्ष,2,,82,,,,ई.वी.एस. में एक शिक्षक निम्न में से किसके अंतर्गत ‘स्वच्छता अभियान’ चला सकता है?,Project work/प्रोजेक्ट (परियोजना) कार्य,Assignment/प्रदत्त कार्य,Field visit/क्षेत्र भ्रमण,Experiment/प्रयोगात्मक कार्य,"In EVS, a teacher can induct 'cleanliness' drive in school under",Project work/प्रोजेक्ट (परियोजना) कार्य,Assignment/प्रदत्त कार्य,Field visit/क्षेत्र भ्रमण,Experiment/प्रयोगात्मक कार्य,0,CTET 2021-12 Q82,1,2021-12
ctet1,evs,CTET विगत वर्ष,2,,83,,,,"एन.सी.ई.आर.टी. के ई.वी.एस. के अध्याय 15, कक्षा-5 में ‘उसी से ठंडा, उसी से गर्म’ नामक डॉ. जाकिर हुसैन द्वारा रचित एक कहानी का प्रयोग किया गया है। इस कहानी का मुख्य उद्देश्य विकसित करना है–",जल चक्र के प्रत्यय का,संघनन की प्रक्रिया,प्राथमिक स्तर पर साँस लेने और छोड़ने की प्रक्रिया की समझ,छात्रों की रुचियाँ,"In Chapter 15 of NCERT of EVS class V 'Blow hot, blow cold' an interesting story by Dr. Zakir Hussain was used. The major objective of this story is to develop the",Concept of water cycle,Condensate in process,Understanding of the process of breathing at primary level,Interest of students,2,CTET 2021-12 Q83,1,2021-12
ctet1,evs,CTET विगत वर्ष,2,,84,,,,ई.वी.एस. की शिक्षा में रचनात्मक मूल्यांकन का संचालन करने का सबसे उपयुक्त उद्देश्य है–,विद्यार्थियों की मात्रात्मक एवं गुणात्मक प्रगति को संबोधित करना।,विद्यार्थियों की विषयानुसार प्रगति का आकलन करना।,विद्यार्थियों को अंक एवं श्रेणी देना।,विद्यार्थियों को अगली कक्षा में पदोन्नत करना।,The most appropriate objective of conducting formative assessment in the learning of EVS is to,Address the quantitative & qualitative progress of the students,Assess the students subject wise progress,Give them marks and position,Promote the students to next grade,0,CTET 2021-12 Q84,1,2021-12
ctet1,evs,CTET विगत वर्ष,2,,85,,,,ई.वी.एस. का शिक्षक सदैव अपने पास एक डायरी व कलम रखता है तथा अपने छात्रों के प्रतिदिन के अर्थपूर्ण एवं दिलचस्प व्यवहार का अवलोकन करता है। शिक्षक प्रयोग करता है–,दृष्टांत वर्णन उपकरण,Portfolio/पोर्टफोलियो (फाइल),Rating Scale/क्रमनिर्धारण मापनी (रेटिंग स्केल),Check list/चैकलिस्ट (जाँच सूची),A teacher of EVS always keeps a small diary and pen with him and observes day to day significant & interesting behaviour of his students. Teacher is using,Anecdotal tool,Portfolio/पोर्टफोलियो (फाइल),Rating Scale/क्रमनिर्धारण मापनी (रेटिंग स्केल),Check list/चैकलिस्ट (जाँच सूची),0,CTET 2021-12 Q85,1,2021-12
ctet1,evs,CTET विगत वर्ष,2,,86,,,,निम्न में से कौन-सा ई.वी.एस. के आकलन का सूचक हो सकता है? (A) Observation/अवलोकन (B) Cooperation/सहयोग (C) Remember/याद (स्मृति) (D) Recall/प्रत्याह्वान,"A, B only/केवल A, B","A, C & D only/केवल A, C तथा D","B, C and D only/केवल B, C तथा D",C and D only/केवल C तथा D,Which of the following can be the indicator/s for assessment in EVS?,"A, B only/केवल A, B","A, C & D only/केवल A, C तथा D","B, C and D only/केवल B, C तथा D",C and D only/केवल C तथा D,0,CTET 2021-12 Q86,1,2021-12
ctet1,evs,CTET विगत वर्ष,2,,87,,,,पर्यावरण अध्ययन के शिक्षक की अपनी कक्षा में वास्तविक चुनौती है–,विद्यार्थियों को सूचना देना,विद्यार्थियों को कार्य पत्रक देना,विद्यार्थियों को सीखने का अवसर देना,गृहकार्य देना,The real challenge for an EVS teacher in his classroom is,Giving information to students,Providing worksheets to students,Providing opportunities to students for their learning,Giving home assignment,2,CTET 2021-12 Q87,1,2021-12
ctet1,evs,CTET विगत वर्ष,2,,88,,,,निम्नलिखित में से क्या पर्यावरण अध्ययन के सीखने का प्रभावशाली संसाधन है?,कविताएँ और कहानियाँ,पर्यावरण शिक्षा की पाठ्यपुस्तक,Worksheet/कार्य पत्रक,Visuals/दृश्य,Which one is the effective resource for learning of EVS?,Poems & stories,Textbook of environmental education,Worksheet/कार्य पत्रक,Visuals/दृश्य,0,CTET 2021-12 Q88,1,2021-12
ctet1,evs,CTET विगत वर्ष,2,,89,,,,निम्नलिखित में से क्या पर्यावरण अध्ययन की पाठ्यपुस्तकों के अतिरिक्त एक महत्वपूर्ण संसाधन हो सकता है?,समुदाय के सदस्य,पठन सामग्री,Science lab/विज्ञान प्रयोगशाला,संसार का मानचित्र,Which one can be the important resource other than EVS textbooks?,Members of the community,Reading materials,Science lab/विज्ञान प्रयोगशाला,Map of the world,0,CTET 2021-12 Q89,1,2021-12
ctet1,evs,CTET विगत वर्ष,2,,90,,,,निम्नलिखित में से किस आकलन का पर्यावरण अध्ययन की कक्षा में विद्यार्थियों द्वारा आनंद लिया जाता है?,पोर्टफोलियों द्वारा आकलन,पेपर-पैंसिल परीक्षण,मौखिक प्रश्न,पेपर पैंसिल परीक्षण की प्रतिपुष्टि,Which of the following assessment will be enjoyed by the students in an EVS class?,Assessment through portfolio,Paper pencil test,Oral questions,Sharing of feedback of paper pencil test,0,CTET 2021-12 Q90,1,2021-12
ctet1,hindi,CTET विगत वर्ष,2,,91,,,,‘जिनके अपने कोई खण्डहर नहीं’ रेखांकित शब्द से आशय है –,,,,,‘जिनके अपने कोई खण्डहर नहीं’ रेखांकित शब्द से आशय है –,इतिहास,वर्तमान,अस्तित्व,भविष्य,0,CTET 2021-12 Q91,1,2021-12
ctet1,hindi,CTET विगत वर्ष,2,,92,,,,‘शहर के दूसरे घरों में चला जाता हूँ।’ ‘दूसरे घरों’ से लेखक का आशय है –,,,,,‘शहर के दूसरे घरों में चला जाता हूँ।’ ‘दूसरे घरों’ से लेखक का आशय है –,मित्रों के घर,ऐतिहासिक इमारतें,अस्थायी निवास,शहर की सड़कें,1,CTET 2021-12 Q92,1,2021-12
ctet1,hindi,CTET विगत वर्ष,2,,93,,,,लेखक के अनुसार कौन से शहर दुर्भागे हैं?,,,,,लेखक के अनुसार कौन से शहर दुर्भागे हैं?,जिनका अपना कोई नाम नहीं।,जहाँ लोग नहीं रहते हैं।,जिनकी अपनी कोई स्मृतियाँ नहीं।,जिनके वर्तमान पर कोई संकट हो।,2,CTET 2021-12 Q93,1,2021-12
ctet1,hindi,CTET विगत वर्ष,2,,94,,,,लेखक के अनुसार ‘नरक’ की परिभाषा क्या है?,,,,,लेखक के अनुसार ‘नरक’ की परिभाषा क्या है?,सदैव स्वप्न देखना।,सदैव वर्तमान में रहना।,सदैव अपने घर में रहना।,सदैव आँखें खोले रहना।,1,CTET 2021-12 Q94,1,2021-12
ctet1,hindi,CTET विगत वर्ष,2,,95,,,,‘वर्तमान में रहने’ से क्या आशय है?,,,,,‘वर्तमान में रहने’ से क्या आशय है?,अपने पूर्वजों को याद न करना।,भविष्य की चिंता न करना।,ऐतिहासिकता का अनुभव न करना।,दिन प्रतिदिन की ज़रूरतों को पूरा करना।,2,CTET 2021-12 Q95,1,2021-12
ctet1,hindi,CTET विगत वर्ष,2,,96,,,,‘जहाँ आदमी हमेशा आँखें खोले रहता है।’ वाक्य के माध्यम से किस ओर संकेत करता है?,,,,,‘जहाँ आदमी हमेशा आँखें खोले रहता है।’ वाक्य के माध्यम से किस ओर संकेत करता है?,देर तक विश्राम करने।,देर तक व्यायाम करने।,रात में भी जगने।,रात में गहरी नींद सोने,2,CTET 2021-12 Q96,1,2021-12
ctet1,hindi,CTET विगत वर्ष,2,,97,,,,सही शब्द चुनिए – ‘जहाँ _______होते ही चमगादड़ आते हैं।’,,,,,सही शब्द चुनिए – ‘जहाँ _______होते ही चमगादड़ आते हैं।’,प्रकाश,एकान्त,अँधकार,शान्ति,2,CTET 2021-12 Q97,1,2021-12
ctet1,hindi,CTET विगत वर्ष,2,,98,,,,कौन-सा शब्द भिन्न है?,,,,,कौन-सा शब्द भिन्न है?,भयानक,भुजंग,भयंकर,भावुक,1,CTET 2021-12 Q98,1,2021-12
ctet1,hindi,CTET विगत वर्ष,2,,99,,,,वे शहर कितने ______ हैं? वाक्य में रिक्त स्थान के लिए उचित शब्द है –,,,,,वे शहर कितने ______ हैं? वाक्य में रिक्त स्थान के लिए उचित शब्द है –,दुर्भाग्य,दुर्भाग्यपूर्ण,दुखद,भाग्यपूर्ण,1,CTET 2021-12 Q99,1,2021-12
ctet1,hindi,CTET विगत वर्ष,2,,100,,,,‘मैं तो तेरे पास में’ रेखांकित शब्द किसके लिए प्रयुक्त हुआ है?,,,,,‘मैं तो तेरे पास में’ रेखांकित शब्द किसके लिए प्रयुक्त हुआ है?,मनुष्य,कवि स्वयं,धार्मिक स्थल,ईश्वर,3,CTET 2021-12 Q100,1,2021-12
ctet1,hindi,CTET विगत वर्ष,2,,101,,,,"कवि के अनुसार ईश्वर को धार्मिक स्थलों में नहीं पाया जा सकता, क्योंकि वह निवास करता है –",,,,,"कवि के अनुसार ईश्वर को धार्मिक स्थलों में नहीं पाया जा सकता, क्योंकि वह निवास करता है –",प्रत्येक प्राणी में।,कर्मकांडों में।,तीर्थस्थलों में।,योग-वैराग्य में।,0,CTET 2021-12 Q101,1,2021-12
ctet1,hindi,CTET विगत वर्ष,2,,102,,,,कवि के अनुसार ईश्वर तुरंत किसे मिल सकता है?,,,,,कवि के अनुसार ईश्वर तुरंत किसे मिल सकता है?,प्रत्येक विद्वान को।,सज्जन लोगों को।,समर्पित भक्त को।,मोह-माया त्यागने वाले को,2,CTET 2021-12 Q102,1,2021-12
ctet1,hindi,CTET विगत वर्ष,2,,103,,,,‘ढूँढ़ें’ शब्द है –,,,,,‘ढूँढ़ें’ शब्द है –,क्रिया विशेषण,क्रिया,संज्ञा,विशेषण,1,CTET 2021-12 Q103,1,2021-12
ctet1,hindi,CTET विगत वर्ष,2,,104,,,,‘सब स्वाँसों की स्वाँस में।’ का आशय है –,,,,,‘सब स्वाँसों की स्वाँस में।’ का आशय है –,ईश्वर सर्वव्यापी है।,सबको श्वास लेते रहना चाहिए।,ईश्वर श्वास में निवास करता है।,ईश्वर तीर्थाटन से मिलता है।,0,CTET 2021-12 Q104,1,2021-12
ctet1,hindi,CTET विगत वर्ष,2,,105,,,,‘कौनों’ का अर्थ है –,,,,,‘कौनों’ का अर्थ है –,किसी भी,कोई भी,कभी भी,कहीं भी,0,CTET 2021-12 Q105,1,2021-12
ctet1,hindi,CTET विगत वर्ष,2,,106,,,,मानव मस्तिष्क में सार्वभौमिक व्याकरण नियमों के एक समूह के रूप में होती है। यह विचार किसने प्रतिपादित किया है?,,,,,मानव मस्तिष्क में सार्वभौमिक व्याकरण नियमों के एक समूह के रूप में होती है। यह विचार किसने प्रतिपादित किया है?,बी.एफ. स्किनर,वाट्सन,लेव वायगोत्स्की,नोआम चॉम्स्की,3,CTET 2021-12 Q106,1,2021-12
ctet1,hindi,CTET विगत वर्ष,2,,107,,,,निम्नलिखित में से विकास का निकटस्थ क्षेत्र कहते हैं-,,,,,निम्नलिखित में से विकास का निकटस्थ क्षेत्र कहते हैं-,मस्तिष्क का वह भाग जो भाषायी विकास के साथ कार्य करता है।,बच्चे के वास्तविक विकास तथा किसी दूसरे की सहायता से कर सकने वाले काम के बीच का अन्तर।,भाषा में प्रवाह जो बच्चे किशोरावस्था में पहुँचने पर अर्जित करते हैं।,दो बच्चों के बीच में भाषा अर्जन की निपुणता में अंतर।,1,CTET 2021-12 Q107,1,2021-12
ctet1,hindi,CTET विगत वर्ष,2,,108,,,,बच्चों की मौखिक भाषा को विकसित करने में सहायता करने के लिए उनसे बातचीत करना ____ का एक महत्त्वपूर्ण घटक है।,,,,,बच्चों की मौखिक भाषा को विकसित करने में सहायता करने के लिए उनसे बातचीत करना ____ का एक महत्त्वपूर्ण घटक है।,प्रक्रिया लेखन उपागम,गहन पठन,उत्पाद लेखन उपागम,प्रारंभिक साक्षरता,3,CTET 2021-12 Q108,1,2021-12
ctet1,hindi,CTET विगत वर्ष,2,,109,,,,निम्नलिखित में से कौन-सी शब्द निर्माण की रणनीति नहीं है?,,,,,निम्नलिखित में से कौन-सी शब्द निर्माण की रणनीति नहीं है?,संदर्भ में शब्दों को परिभाषित करना,वर्णों की रूपरेखा बनाना,शब्द के भागों का विश्लेषण करना,संबद्धता स्थापित करना,3,CTET 2021-12 Q109,1,2021-12
ctet1,hindi,CTET विगत वर्ष,2,,110,,,,लेखन ____ है।,,,,,लेखन ____ है।,एक उत्पादक कौशल,विशिष्ट विधा तक सीमित,एक ग्रहणशील कौशल,एक रेखीय प्रक्रिया,0,CTET 2021-12 Q110,1,2021-12
ctet1,hindi,CTET विगत वर्ष,2,,111,,,,निम्नलिखित में से कौन-सा कक्षा में ‘मुद्रित/लिखित समृद्ध परिवेश’ के निर्माण में सहायता नहीं करता है?,,,,,निम्नलिखित में से कौन-सा कक्षा में ‘मुद्रित/लिखित समृद्ध परिवेश’ के निर्माण में सहायता नहीं करता है?,दीवारों पर कहानियों के चार्ट लगाना।,कक्षा में पठन-कोना सृजित करना।,कक्षा में विद्यार्थियों की रचनाएँ प्रदर्शित करना।,कक्षा में खिलौनों का कोना बनाना।,3,CTET 2021-12 Q111,1,2021-12
ctet1,hindi,CTET विगत वर्ष,2,,112,,,,भाषा अधिगम में ‘बोधगम्य निवेश’ का क्या अर्थ है?,,,,,भाषा अधिगम में ‘बोधगम्य निवेश’ का क्या अर्थ है?,बच्चों को ऐसे भाषायी अवसर उपलब्ध कराना जो उनकी भाषा से एक स्तर ऊपर हैं।,बच्चों को लक्ष्य भाषा के अधिकतम अवसर उपलब्ध कराना।,कहानी सुनाने के माध्यम से भाषा अधिगम को रोचक बनाना।,कक्षा की दीवारों पर बच्चे की रचनाएँ प्रदर्शित करना।,0,CTET 2021-12 Q112,1,2021-12
ctet1,hindi,CTET विगत वर्ष,2,,113,,,,निम्नलिखित कथनों को पढ़िए तथा समग्र भाषा उपागम के संदर्भ में सही को चुनिए – (A) समग्र भाषा उपागम बच्चे की बनाई वर्तनियों के प्रयोग को प्रोत्साहित करता है। (B) समग्र भाषा उपागम में बच्चे पढ़ना सीखने के लिए वर्ण तथा ध्वनियों से आरम्भ करते हैं। (C) समग्र भाषा उपागम रचनावाद पर आधारित है।,,,,,निम्नलिखित कथनों को पढ़िए तथा समग्र भाषा उपागम के संदर्भ में सही को चुनिए – (A) समग्र भाषा उपागम बच्चे की बनाई वर्तनियों के प्रयोग को प्रोत्साहित करता है। (B) समग्र भाषा उपागम में बच्चे पढ़ना सीखने के लिए वर्ण तथा ध्वनियों से आरम्भ करते हैं। (C) समग्र भाषा उपागम रचनावाद पर आधारित है।,A तथा B सही हैं तथा C गलत है।,A तथा C सही हैं तथा B गलत है।,B तथा C सही हैं तथा A गलत है,"A, B तथा C सही हैं",1,CTET 2021-12 Q113,1,2021-12
ctet1,hindi,CTET विगत वर्ष,2,,114,,,,एक पठन सामग्री को बारीकी से पढ़ने का क्या अर्थ है?,,,,,एक पठन सामग्री को बारीकी से पढ़ने का क्या अर्थ है?,"पठन सामग्री में है क्या, यह जानना।",पठन में रूचि उत्पन्न करना।,विशिष्ट सूचना ढूँढ़ना।,पठन सामग्री की प्रामाणिकता जाँचना।,2,CTET 2021-12 Q114,1,2021-12
ctet1,hindi,CTET विगत वर्ष,2,,115,,,,निम्नलिखित में से कौन सा शिक्षार्थियों की उच्चारण तथा शब्द संपदा निर्माण में सहायता करता है?,,,,,निम्नलिखित में से कौन सा शिक्षार्थियों की उच्चारण तथा शब्द संपदा निर्माण में सहायता करता है?,मौन पठन।,शिक्षार्थियों के लिए सस्वर वाचन।,पाठ्यपुस्तक पर आधारित प्रश्नों के उत्तर देना।,सरसरी तौर पर पढ़ना।,1,CTET 2021-12 Q115,1,2021-12
ctet1,hindi,CTET विगत वर्ष,2,,116,,,,किस के द्वारा प्रस्तावित किया गया कि बच्चे भाषा सीखने के लिए अनुकूलन तथा समायोजन का प्रयोग करते हैं?,,,,,किस के द्वारा प्रस्तावित किया गया कि बच्चे भाषा सीखने के लिए अनुकूलन तथा समायोजन का प्रयोग करते हैं?,स्टीफ़न क्रेशन,बी.एफ. स्किनर,जीन पियाजे,नोआम चॉम्स्की,2,CTET 2021-12 Q116,1,2021-12
ctet1,hindi,CTET विगत वर्ष,2,,117,,,,"कक्षा I का कबीर ‘शान्ति’ शब्द सुनकर ‘फान्ति’, ‘डान्ति’, ‘मान्ति’ जैसे निरर्थक शब्द बोलकर मज़े लेता है। यह प्रदर्शित करता है कि –",,,,,"कक्षा I का कबीर ‘शान्ति’ शब्द सुनकर ‘फान्ति’, ‘डान्ति’, ‘मान्ति’ जैसे निरर्थक शब्द बोलकर मज़े लेता है। यह प्रदर्शित करता है कि –",उसने गलत संकल्पना विकसित कर ली है।,वह ध्वन्यात्मक जागरूकता विकसित कर रहा है।,उसे इस तथ्य को भूलने तथा दुबारा से सही याद करने की आवश्यकता है।,उसे स्वयं को सुधारने के लिए और अधिक अभ्यास की आवश्यकता है।,1,CTET 2021-12 Q117,1,2021-12
ctet1,hindi,CTET विगत वर्ष,2,,118,,,,कक्षा में दिए गए कार्य के रूप में कक्षा III का गीत कुछ व्याकरणिक त्रुटियों के साथ वाक्य लिखता है। निम्नलिखित में से कौन सी प्रक्रिया शिक्षक के द्वारा प्रयोग की जा सकती है?,,,,,कक्षा में दिए गए कार्य के रूप में कक्षा III का गीत कुछ व्याकरणिक त्रुटियों के साथ वाक्य लिखता है। निम्नलिखित में से कौन सी प्रक्रिया शिक्षक के द्वारा प्रयोग की जा सकती है?,गलतियों पर लाल पेन से घेरा बनाकर उसके ऊपर सही रूप लिखना।,गलतियों पर घेरा बनाकर बच्चे को उसे सही करने के लिए कहना।,"गलतियों को रेखांकित करना, गलती की प्रकृति लिखकर शिक्षार्थियों को उन्हें सुधारने के लिए कहना।",बच्चे को प्रत्येक गलती पाँच बार सही तरीके से लिखने के लिए कहना।,2,CTET 2021-12 Q118,1,2021-12
ctet1,hindi,CTET विगत वर्ष,2,,119,,,,माध्यम की भाषा में निपुणता विकसित करने के लिए घर की भाषा का प्रयोग क्या करता है?,,,,,माध्यम की भाषा में निपुणता विकसित करने के लिए घर की भाषा का प्रयोग क्या करता है?,लक्ष्य भाषा को सीखने में बाधक सिद्ध होता है।,दोनों भाषाओं में मुश्किलें पैदा करता है।,एक प्रभावकारी रणनीति सिद्ध हो सकती है।,किसी भी कीमत पर बचना चाहिए।,2,CTET 2021-12 Q119,1,2021-12
ctet1,hindi,CTET विगत वर्ष,2,,120,,,,भाषा का व्याकरण कब सबसे अच्छा सीखा जा सकता है?,,,,,भाषा का व्याकरण कब सबसे अच्छा सीखा जा सकता है?,पठन सामग्री तथा संरचनाओं की पहचान को एकीकृत करके।,व्याकरणिक संकल्पनाओं का अलग से अभ्यास करके।,व्याकरणिक संरचनाओं को कंठस्थ करके।,संरचनात्मक उपागम को अपनाकर।,0,CTET 2021-12 Q120,1,2021-12
ctet1,english,CTET विगत वर्ष,2,,121,,,,Read the following statements. (A) Para 1 deals with the cause of the thaw in the Himalayan region. (B) Pare 2 provides a solution to deal with the effects of climate change. Choose the correct option.,,,,,Read the following statements. (A) Para 1 deals with the cause of the thaw in the Himalayan region. (B) Pare 2 provides a solution to deal with the effects of climate change. Choose the correct option.,A is true and B is false.,B is true and A is false.,Both A and B are false.,Both A and B are true.,0,CTET 2021-12 Q121,1,2021-12
ctet1,english,CTET विगत वर्ष,2,,122,,,,According to the author the Himalayas and Hindu Kush region is important because –,,,,,According to the author the Himalayas and Hindu Kush region is important because –,it is home to red pandas and snow leopards.,it has dense pine and gir forests.,it has the world's highest peaks.,it has a variety of rare herbs and shrubs.,2,CTET 2021-12 Q122,1,2021-12
ctet1,english,CTET विगत वर्ष,2,,123,,,,Which of the following statements is not supported by evidence in the text?,,,,,Which of the following statements is not supported by evidence in the text?,Implementation of the 2015 Paris Climate Agreement will reduce rising temperatures.,The melting of the Himalayas will disrupt river flows.,Climate change will severely affect people living in small island state.,The thaw will cause more erosion and landslides.,0,CTET 2021-12 Q123,1,2021-12
ctet1,english,CTET विगत वर्ष,2,,124,,,,Which paragraph deals with the cause and effect of the thaw in the Himalayan region?,,,,,Which paragraph deals with the cause and effect of the thaw in the Himalayan region?,Paragraph 1,Paragraph 3,Paragraph 4,Paragraph 5,0,CTET 2021-12 Q124,1,2021-12
ctet1,english,CTET विगत वर्ष,2,,125,,,,"Which of the following words in most similar in meaning to the word, 'bare' as used in the passage? (Para 3)",,,,,"Which of the following words in most similar in meaning to the word, 'bare' as used in the passage? (Para 3)",clear,naked,distant,tough,1,CTET 2021-12 Q125,1,2021-12
ctet1,english,CTET विगत वर्ष,2,,126,,,,"Which of the following words is opposite in meaning to the word, 'harm' as used in the passage? (Para 6)",,,,,"Which of the following words is opposite in meaning to the word, 'harm' as used in the passage? (Para 6)",attract,benefit,raise,promote,1,CTET 2021-12 Q126,1,2021-12
ctet1,english,CTET विगत वर्ष,2,,127,,,,"Which part of speech is the underlined word in the sentence, '.....................river flows are vital for growing crops?",,,,,"Which part of speech is the underlined word in the sentence, '.....................river flows are vital for growing crops?",Noun,Adverb,Pronoun,Adjective,3,CTET 2021-12 Q127,1,2021-12
ctet1,english,CTET विगत वर्ष,2,,128,,,,Which part of the following sentence contains an error ?,,,,,Which part of the following sentence contains an error ?,If we will be,late,they will,be angry,2,CTET 2021-12 Q128,1,2021-12
ctet1,english,CTET विगत वर्ष,2,,129,,,,The author decided to shift to the mountains because,,,,,The author decided to shift to the mountains because,he wanted to recuperate after his long,his friends urged him to come and participate in the festivities.,he loved mountains and wanted to do his writing work.,he was fed up with the hectic life in Delhi.,2,CTET 2021-12 Q129,1,2021-12
ctet1,english,CTET विगत वर्ष,2,,130,,,,What lifted the writer's drooping spirit in the desert heat?,,,,,What lifted the writer's drooping spirit in the desert heat?,A huge black cloud covering the sky above him.,A single crooked tree struggling to survive in the desert.,The sight of a green tract at a little distance away.,A caravan trudging through the desert.,1,CTET 2021-12 Q130,1,2021-12
ctet1,english,CTET विगत वर्ष,2,,131,,,,The writer was filled with love and admiration for,,,,,The writer was filled with love and admiration for,the stillness of the mountains.,flashes of red and green and gold.,dewdrops caught in a spider's web.,the small crooked tree standing alone in the desert.,3,CTET 2021-12 Q131,1,2021-12
ctet1,english,CTET विगत वर्ष,2,,132,,,,The phrase 'a bit of heaven' in Para 3 means something,,,,,The phrase 'a bit of heaven' in Para 3 means something,amazing,really enjoyable,really unexpected,evoking strange feelings,1,CTET 2021-12 Q132,1,2021-12
ctet1,english,CTET विगत वर्ष,2,,133,,,,"Which of the following words has the same meaning as the word, 'crooked' in the passage (Para 2)?",,,,,"Which of the following words has the same meaning as the word, 'crooked' in the passage (Para 2)?",ugly,twisted,scary,disturbing,1,CTET 2021-12 Q133,1,2021-12
ctet1,english,CTET विगत वर्ष,2,,134,,,,"Which of the following words is the most opposite in meaning to the word, 'sudden' as used in the passage (Para 3)?",,,,,"Which of the following words is the most opposite in meaning to the word, 'sudden' as used in the passage (Para 3)?",quick,gradual,slow,leisurely,1,CTET 2021-12 Q134,1,2021-12
ctet1,english,CTET विगत वर्ष,2,,135,,,,Which part of the following sentence contains an error?,,,,,Which part of the following sentence contains an error?,Farmers and gardeners,have been,badly affected,by the drought.,1,CTET 2021-12 Q135,1,2021-12
ctet1,english,CTET विगत वर्ष,2,,136,,,,Chomsky proposed the assumption that,,,,,Chomsky proposed the assumption that,child requires language through imitation.,language learning is like habit formation.,child in born with innate language learning capacity.,child acquires language through reward and punishment.,2,CTET 2021-12 Q136,1,2021-12
ctet1,english,CTET विगत वर्ष,2,,137,,,,Cooperative learning strategies focus on,,,,,Cooperative learning strategies focus on,students competing with each other.,students helping one another to learn.,students maintaining silence in the class.,students listening to teacher patiently.,1,CTET 2021-12 Q137,1,2021-12
ctet1,english,CTET विगत वर्ष,2,,138,,,,Which of the following is true for writing as a process?,,,,,Which of the following is true for writing as a process?,Writing is receptive,Writing is recursive,Writing is linear,Writing is memorizing and reproducing,1,CTET 2021-12 Q138,1,2021-12
ctet1,english,CTET विगत वर्ष,2,,139,,,,Which of the following is NOT for print rich environment in a class?,,,,,Which of the following is NOT for print rich environment in a class?,It helps the students to learn the language in a meaningful and fun filled way.,Students are exposed to many forms of print.,It helps in developing reading skills.,Students are encouraged to do clay moulding as a free play activity.,3,CTET 2021-12 Q139,1,2021-12
ctet1,english,CTET विगत वर्ष,2,,140,,,,The term 'comprehensible input in language is proposed by,,,,,The term 'comprehensible input in language is proposed by,Lev Vygotsky,Stephen Kreshan,Noam Chomsky,Watson,1,CTET 2021-12 Q140,1,2021-12
ctet1,english,CTET विगत वर्ष,2,,141,,,,"In language teaching and learning, 'whole language' is a/an",,,,,"In language teaching and learning, 'whole language' is a/an",Method,Technique,Approach,Strategy,2,CTET 2021-12 Q141,1,2021-12
ctet1,english,CTET विगत वर्ष,2,,142,,,,Skimming is reading a text to,,,,,Skimming is reading a text to,get the general idea of the text,create interest in reading,find specific information,understand the details of the text,0,CTET 2021-12 Q142,1,2021-12
ctet1,english,CTET विगत वर्ष,2,,143,,,,Reading aloud to students helps in,,,,,Reading aloud to students helps in,building the learners' vocabulary and enhancing pronunciation,helps the teacher to demonstrate her authority in class,comprehend the details of the text,helps the teacher to maintain silence in class,0,CTET 2021-12 Q143,1,2021-12
ctet1,english,CTET विगत वर्ष,2,,144,,,,Piaget' theory on language development suggests that language is learnt through,,,,,Piaget' theory on language development suggests that language is learnt through,assimilation and accommodation,interaction with the society,trial and error,universal grammar in the child's mind,0,CTET 2021-12 Q144,1,2021-12
ctet1,english,CTET विगत वर्ष,2,,145,,,,In a language classroom teacher facilitates and motivates children towards transfer of concepts and skills from home language to language of instruction at school. This strategy.,,,,,In a language classroom teacher facilitates and motivates children towards transfer of concepts and skills from home language to language of instruction at school. This strategy.,confuses the students,promotes language learning,hinders learning of target language,interferes in the development of proficiency in target language,1,CTET 2021-12 Q145,1,2021-12
ctet1,english,CTET विगत वर्ष,2,,146,,,,National Education Policy (NEP) 2020 focuses on,,,,,National Education Policy (NEP) 2020 focuses on,three R's,foundational literacy and numeracy,only numerical concepts,mathematics,1,CTET 2021-12 Q146,1,2021-12
ctet1,english,CTET विगत वर्ष,2,,147,,,,Which one of the following is NOT true for story telling as a pedagogical tool?,,,,,Which one of the following is NOT true for story telling as a pedagogical tool?,It helps to memorize the moral of the story,It helps to explore regional and cultural diversity of our country.,It helps in integrating stories into curriculum at all levels.,It helps to enhance the power of imagination and creativity.,0,CTET 2021-12 Q147,1,2021-12
ctet1,english,CTET विगत वर्ष,2,,148,,,,Integration of Toy Based pedagogy in language learning can be done can be done through,,,,,Integration of Toy Based pedagogy in language learning can be done can be done through,role play using toys,setting up toy corner in the classroom,using toys to teach moral values,drawing the favorite toys,3,CTET 2021-12 Q148,1,2021-12
ctet1,english,CTET विगत वर्ष,2,,149,,,,Which one of the following is the most suitable assessment activity for assessing learners' listening skill?,,,,,Which one of the following is the most suitable assessment activity for assessing learners' listening skill?,Enacting a character in a role play,Describing a market scene,Reading a newspaper in a morning assembly,Retelling the story narrated by the teacher,3,CTET 2021-12 Q149,1,2021-12
ctet1,english,CTET विगत वर्ष,2,,150,,,,A teacher uses menu card in a language task. This menu card,,,,,A teacher uses menu card in a language task. This menu card,is a relevant material for catering technology,is an authentic material for language pedagogy,will tempt students towards eating the food,cannot be used as material in language class,1,CTET 2021-12 Q150,1,2021-12
ctet1,cdp,CTET विगत वर्ष,2,,1,,,,निम्नलिखित में से कौन-सा क्षेत्र बाल विकास का है?,ऐकिक और अवैज्ञानिक,निर्धारित और स्थिर,अन्तरविषयात्मक और गतिशील,अस्पष्ट और प्राचीन,The field of child develoment is :,Unitary and non-scientific,Fixed and static,Interdisciplinary and dynamic,Ambiguous and ancient,2,CTET 2022-12 Q1,1,2022-12
ctet1,cdp,CTET विगत वर्ष,2,,2,,,,बाल विकास की अवधि का सही क्रम कौन-सा है?,"शिशुअवस्था, गर्भावस्था, पूर्व बाल्यावस्था, किशोरावस्था, मध्य बाल्यावस्था","गर्भावस्था, पूर्व बाल्यावस्था, शिशुअवस्था, मध्य बाल्यावस्था, किशोरावस्था","गर्भावस्था, शिशुअवस्था, पूर्व बाल्यावस्था, किशोरावस्था, मध्य बाल्यावस्था","गर्भावस्था, शिशुअवस्था, पूर्व बाल्यावस्था, मध्य बाल्यावस्था, किशोरावस्था",The correct sequence of periods of child development is :,"Infancy, Prenatal, Early childhood, Adolescence, Middle childhood","Prenatal, Early childhood, Infancy, Middle childhood, Adolescence","Prenatal, Infancy, Early childhood, Adolescence, Middle childhood","Prenatal, Infancy, Early childhood, Middle childhood, Adolescence",3,CTET 2022-12 Q2,1,2022-12
ctet1,cdp,CTET विगत वर्ष,2,,3,,,,विकास प्रकृति एवं पालन-पोषण के ......... का परिणाम है।,alienation/विसंबंधन,disjuncture/वियोजन,interaction/अंत:क्रिया,स्वतंत्र कार्य,Development is the result of ......... of nature and nurture.,alienation/विसंबंधन,disjuncture/वियोजन,interaction/अंत:क्रिया,independent actions,2,CTET 2022-12 Q3,1,2022-12
ctet1,cdp,CTET विगत वर्ष,2,,4,,,,"जीन पियाज़े के संज्ञानात्मक विकास के सिद्धान्त के अनुसार अधिकांश बच्चे संतुलन, क्रमबद्धकरण और वर्गीकरण किस चरण में समझ लेते हैं?",Sensorimotor/संवेदी-गत्यात्मक,Pre-operational/पूर्व-संक्रियात्मक,मूर्त संक्रियात्मक,"औपचारिक संक्रियात्मक (परीक्षा तिथि : 13 जनवरी, 2023) (Shift-I)","According to Jean Piaget's theory of cognitive development, at which stage do most children understand conservation, seriation and categorisation ?",Sensorimotor/संवेदी-गत्यात्मक,Pre-operational/पूर्व-संक्रियात्मक,Concrete operational,Formal operational,2,CTET 2022-12 Q4,1,2022-12
ctet1,cdp,CTET विगत वर्ष,2,,5,,,,"रीमा ने अभी हाल ही में तार्किक रूप से और बेहतर संयोजित रूप से अपनी प्रतिक्रिया की तार्किकता को स्पष्ट करते हुए प्रश्नों के उत्तर देने आरंभ किए हैं। जीन पियाज़े के संज्ञानात्मक विकास के अनुसार, उसने किस चरण में प्रवेश किया है ?",Sensorimotor/संवेदी-गत्यात्मक,Pre-operational/पूर्व-संक्रियात्मक,मूर्त संक्रियात्मक,औपचारिक संक्रियात्मक,"Reema has just started to respond to questions in a logical and better organised manner while specifying the logic behind her response. As per Jean Piaget's theory of cognitive development, she has tntered ........ stage.",Sensorimotor/संवेदी-गत्यात्मक,Pre-operational/पूर्व-संक्रियात्मक,Concrete operational,Formal operational,2,CTET 2022-12 Q5,1,2022-12
ctet1,cdp,CTET विगत वर्ष,2,,6,,,,बच्चे अधिक समझ व ज्ञान रखने वालों के साथ अन्त: क्रिया करके सीखते हैं। अधिगम का यह सिद्धान्त ............ द्वारा दिए गए.......... सिद्धान्त के दृष्टिकोण से सही है।,लेव वायगोत्स्की: सामाजिक-सांस्कृतिक,जीन पियाज़े: सामाजिक-सांस्कृतिक,सिगमन्ड फ्रायड : मनोगतिशीलात्मक,बी.एफ. स्किनर: व्यवहारवादिक,Children learn through interaction with others who are more knowledgeable. This view learning is correct in the light of ........ theory given by ........,Sociocultural ; Lev vygotsky,Sociocultural; Jean Piaget,Psychodynamic; Sigmund Freud,Behaviouristic; B.F. Skinner,0,CTET 2022-12 Q6,1,2022-12
ctet1,cdp,CTET विगत वर्ष,2,,7,,,,"लेव वायगोस्त्की के संज्ञानात्मक विकास के दृष्टिकोण के अनुसार, एक अध्यापक को क्या करना चाहिए?",विद्यार्थियों को अंत:क्रिया करने के कम-से- कम अवसर देने चाहिए।,सांस्कृतिक दृष्टान्तों का उपयोग बाधित करना चाहिए।,विद्यार्थियों को उसके अभीष्टतम गुणों को प्राप्त करने में सहयोग देना चाहिए।,अधिगम को समुन्नत करने के लिए पुरस्कार और दण्ड का प्रावधान करना चाहिए।,"In accordance with Lev Vygotsky's ideas of cognitive development, a teacher should :",minimise the interactions among students.,restrict the use of cultural tools,provide scaffold to students to reach their best potential,practise rewards and punishments to enhance learning,2,CTET 2022-12 Q7,1,2022-12
ctet1,cdp,CTET विगत वर्ष,2,,8,,,,जीन पियाज़े और लॉरेन्स कोहलबर्ग द्वारा प्रतिपादित सिद्धान्तों के बारे में कौन-सा कथन सही है?,दोनों ने ही वयस्कों में संज्ञानात्मक विकास के सिद्धान्तों का प्रतिपादन किया है।,दोनों के ही सिद्धान्तों में विकास के ८ प्रतिरूप हैं।,दोनों के ही सिद्धान्त विकास के मध्य बाल्यावस्था चरण तक सीमित हैं।,दोनों सिद्धान्त अवस्थाओं को प्रतिपादित करते हैं।,Which of the following statements is correct for theories given by Jean Piaget and Lawrence Kohlberg ?,Both have given theories of cognitive development among adults,Both theories have 8 patterns of development,Both theories are limited to the middle childhood period of development,Both theoires are stage theories,3,CTET 2022-12 Q8,1,2022-12
ctet1,cdp,CTET विगत वर्ष,2,,9,,,,"एक ऐसी कक्षा, जहाँ विद्यार्थियों को जोड़ीदार प्रदत्तकार्य, समूह कार्य और चर्चाओं में भाग लेने के लिए प्रोत्साहित किया जाता है, उन कक्षाओं की क्या विशिष्टता है?",निष्क्रिय अधिगम,सहयोगात्मक अधिगम,कंठस्थीकरण आधारित अधिगम,निर्देशन आधारित अधिगम,"A classroom where students are encouraged for pair assignments, group work and discussions is characterized by :",Passive learning,collaborative learning,Rote memorizing for learning,Instruction based learning,1,CTET 2022-12 Q9,1,2022-12
ctet1,cdp,CTET विगत वर्ष,2,,10,,,,"दूसरों की मनोदशा, प्रेरणा और इच्छाओं की पहचान करना और समुचित रूप से उनके प्रति प्रतिक्रिया करना किस बुद्धिमत्ता की विशेषता है?",Intrapersonal/अन्त: वैयक्तिक,Kinaesthetic/गति शीलात्मक,Interpersonal/अन्तर्वैयक्तिक,Naturalistic/प्रकृतिवादी,"The capacity to detect and respond appropriately to the moods, motivations and desires of others is a characterstic of ........... intelligence.",Intrapersonal/अन्त: वैयक्तिक,Kinaesthetic/गति शीलात्मक,Interpersonal/अन्तर्वैयक्तिक,Naturalistic/प्रकृतिवादी,2,CTET 2022-12 Q10,1,2022-12
ctet1,cdp,CTET विगत वर्ष,2,,11,,,,भाषा और विचार के बारे में क्या सही है?,यह एक-दूसरे से स्वतंत्र रहकर विकसित होते हैं।,यह एक-दूसरे को प्रभावित करने के लिए असंख्य तरीकों से अंत: क्रिया करते हैं।,शिक्षार्थी के सामाजिक संदर्भों द्वारा प्रभावित नहीं होते हैं।,दोनों ही वंशानुक्रम से नहीं परन्तु परिवेशीय कारकों से प्रभावित होते हैं।,Language and thought,develop independent of each other,interact in myriad ways to influence each other,don't get impacted by social context of learner,both get influenced by environmental factor but not by heredity,1,CTET 2022-12 Q11,1,2022-12
ctet1,cdp,CTET विगत वर्ष,2,,12,,,,"प्रवीण के माता-पिता जान-बूझकर घरेलू कार्यों के अप्रतिनिधिक स्वरूपों में संलग्न रहते हैं, जैसे कि पिता भोजन पकाने का कार्य करते हैं, और माता घर के खराब हो गए इलेक्ट्रॉनिक उपकरणों की मरम्मत करती है। इस प्रकार के परिवेश में प्रवीण की क्या प्रवृत्ति होगी?",जेंडर रूढ़िबद्ध विभेदीकरण का समर्थन करेगा,जेंडर रूढ़िबद्ध धारणाओं पर प्रश्न करेगा,जेंडर स्कीमा को सुदृढ़ करेगा,जेंडर नामीकरण के अनुकूल व्यवहार करेगा,"Praveen's parents consciously engage in a range of non-tyhpical household chores, such as father cooking food and mother repairing faulty electronics at home. In such a context, Praveen is likely to :",endorse gender stereotypical segregation,question gender stereotypes,support gender schema,employ gender labelling,1,CTET 2022-12 Q12,1,2022-12
ctet1,cdp,CTET विगत वर्ष,2,,13,,,,कक्षा में विद्यार्थियों की विविधता को किस रूप में लेना चाहिए?,अधिगम के लिए एक सकारात्मक गुण के रूप में लेना चाहिए।,अधिगम के लिए एक बाधा के रूप में देखना चाहिए।,अध्यापक द्वारा इसकी अनदेखी करनी चाहिए।,सभी के लिए समता सृजित करने हेतु इसे सीमित करना चाहिए।,Diversity among students in a classroom should be :,considered as an asset for learning,seen as a barrier to learning,ignored by the teacher,minimised to create equity for all,0,CTET 2022-12 Q13,1,2022-12
ctet1,cdp,CTET विगत वर्ष,2,,14,,,,राष्ट्रीय शिक्षा नीति २०२० के अनुसार प्रारंभिक स्तर पर आकलन का क्या स्वरूप होना चाहिए? A. Formative/रचनात्मक B. Regular/नियमित C. Focused on mere retention of information/ सूचनाओं के मात्र ग्राह्यशीलता पर केन्द्रित D. Conducive to optimizing teaching-learning/ शिक्षण-अधिगम की उपयुक्तता के अनुरूप,A and B only/केवल A और B,"A, B and C only/केवल A, B और C","A, B, C and D /A, B, C और D","A, B and D only/केवल A, B और D","According to National Education Policy 2020, assessment at the elementary level should be :",A and B only/केवल A और B,"A, B and C only/केवल A, B और C","A, B, C and D /A, B, C और D","A, B and D only/केवल A, B और D",3,CTET 2022-12 Q14,1,2022-12
ctet1,cdp,CTET विगत वर्ष,2,,15,,,,शिक्षार्थियों में समालोचनात्मक चिंतन को समुन्नत करने के लिए क्या महत्वपूर्ण है?,अध्यापक को विद्यार्थियों से बहुत ही आसान प्रश्न पूछने चाहिए।,अध्यापक को पाठ्यक्रम पूरा करने के लिए गैर-लचीली समयरेखा का पालन करना चाहिए।,विद्यार्थियों को ज्ञान सृजन के प्रचुर अवसर मिलने चाहिए।,विद्यार्थियों को एक समान योग्यता वाले समूहों में वर्गीकृत करना चाहिए।,"To promote critical thinking among learners, it is important that",teacher poses very easy questions to students,teacher follows a rigid timeline for completing the symmabus,students get ample opportunity to discover knowledge,students are divided into same-ability groups,2,CTET 2022-12 Q15,1,2022-12
ctet1,cdp,CTET विगत वर्ष,2,,16,,,,समावेशन को समुन्नत करने के लिए अध्यापक को क्या करना चाहिए?,प्रतियोगिताओं को प्रोत्साहित करना चाहिए,अध्यापक-केन्द्रित शिक्षणशास्त्र विधियों को क्रियान्वित करना चाहिए,वैयक्तिक भिन्नताओं की अनदेखी करनी चाहिए,अधिगम के सार्वभौमिक अभिकल्प (ड़िजाइन) को क्रियान्वित करना चाहिए,"To promote inclusion, a teacher should :",encourage competition,implement teacher-centered pedagogy,ignore individual differences,practise universal design for learning,3,CTET 2022-12 Q16,1,2022-12
ctet1,cdp,CTET विगत वर्ष,2,,17,,,,"अभिकथन (A) : वंचित समूहों के विद्यार्थियों के समावेशन को सफल बनाने के लिए, यह महत्वपूर्ण है कि उनकी संस्कृति के पहलुओं को विभिन्न गतिविधियों के माध्यम से शामिल किया जाए। तर्क (R) : अपनेपन का बोध सीखने के लिए अभिप्रेरित करता है। सही विकल्प चुनिए :",और (R) दोनों सही हैं और (R) (A) की सही व्याख्या करता है।,और (R) दोनों सही हैं लेकिन (R) (A) की सही व्याख्या नहीं है।,सही है लेकिन (R) गलत है।,और (R) दोनों गलत है।,"Assertion (A) : For successful inclusion of students belonging to disadvantaged groups, it is important to include aspects of their culture through various activities. Reason (R) : Sense of belonging fosters the motivation to learn. Choose the correct option :",Both (A) and (R) are true and (R) is the correct explanation of (A)/(A),Both (A) and (R) are true but (R) is not the correct explanation of (A)/(A),(A) is true but (R) is false/(A),Both (A) and (R) are false/(A),0,CTET 2022-12 Q17,1,2022-12
ctet1,cdp,CTET विगत वर्ष,2,,18,,,,"प्रकाशिक सहायक सामग्री और अनुकूलन, जैसे कि फान्ट का बड़ा आकार (शब्दों का बड़ा आकार), आवर्धक सामग्री, आदि कौन-से विद्यार्थियों के समावेशन के लिए विशेष रूप से महत्वपूर्ण हैं?",दृष्टि की आंशिक क्षति,श्रवण बाधित,संवेदी बाधित,दृष्टि की समग्र (कुल) क्षति,"Use of necessary optical aids and adaptations like large font sizes, magnifiers, etc are especially important for inclusion of students with :",Partial loss of sight,Hearing impairment,Sensory impairment,Total loss of sight,0,CTET 2022-12 Q18,1,2022-12
ctet1,cdp,CTET विगत वर्ष,2,,19,,,,स्वलीनता विकार से जूझ रहे (ऑटिज्म) विद्यार्थियों की प्राय: कौन-सी दृढ़ समार्थ्यता है?,विवरणों के प्रति सजगता/ध्यान देना,अपनी भावनाओं की अभिव्यक्ति,प्रखर सम्प्रेषणात्मक कौशल,एक कार्य से दूसरे कार्य की ओर आसानी से जाना,Students having autism often carry strength of........,paying attention to detail,expressing their emotions,advanced communication skills,easily switching from one task to another,0,CTET 2022-12 Q19,1,2022-12
ctet1,cdp,CTET विगत वर्ष,2,,20,,,,"कक्षा में जब भी सवाल प्रस्तुत किया जाता है, राखी उस सवाल के लिए अनेक नवाचारी समाधान प्रस्तुत करती है। यह राखी के किस पक्ष की ओर संकेत करता है?",विशेष प्रतिभा वाली विद्यार्थी,औसत समझ वाली विद्यार्थी,अवधारणात्मक स्पष्टता की कमी,अतिशय रूप से विश्वस्त,"Whenever presented with a problem, Rakhi comes up with multiple novel solutions for that problem. This indicates that Rakhi.",is a student with giftedness,has average understanding,is facing lack of conceptual clarity,is overconfident,0,CTET 2022-12 Q20,1,2022-12
ctet1,cdp,CTET विगत वर्ष,2,,21,,,,अभिकथन (A) : अध्यापक को ऐसी शिक्षणशास्त्रीय प्रविधियों और विषय-वस्तु का चयन करना चाहिए जो विद्यार्थियों में नवीन ज्ञान के सृजन और उच्च -क्रमणी कौशलों को समुन्नत करने का कार्य करती है। तर्क (R) : बच्चों में नवीन ज्ञान के सृजन और उसकी व्याख्या करने की योग्यता होती है। सही विकल्प चुनिए :,"और (R) दोनों सही हैं और (R), (A) की सही व्याख्या करता है।","और (R) दोनों सही हैं लेकिन (R), (A) की सही व्याख्या नहीं है।",सही है लेकिन (R) गलत है,और (R) दोनों गलत है।,Assertion (A) : A teacher should choose pedagogy and content which yields formation of new knowledge and advances higher-order skills among students. Reason (R) : Children have ability to construct and interpret new knowledge. Choose the correct option :,Both (A) and (R) are true and (R) is the correct explanation of (A)/(A),Both (A) and (R) are true but (R) is not the correct explanation of (A)/(A),(A) is true but (R) is false (A),Both (A) and (R) are false (A),0,CTET 2022-12 Q21,1,2022-12
ctet1,cdp,CTET विगत वर्ष,2,,22,,,,वर्षीय माया एक युवा चित्रकार के वीडियो यूट्यूब पर देखकर पेन्टिंग करना सीखती है। वह इस बात में विश्वास करती है कि वह पेन्टिंग करने की क्षमता रखती है और सचेतता के साथ प्रक्रियाओं का अनुसरण करती है। माया के अधिगम को क्या संज्ञा दी जा सकती है?,सहयोगात्मक अधिगम,निष्क्रिय अनुकरण,अवलोकनात्मक अधिगम,metacognition/परासंज्ञान,"Maya, a 14-year-old girl, learns to paint by watching Youtube videos of a young painter. she believes that she is capable of painting and follows the procedures diligently. Maya's learning can be termed as : 14",Collaborative learning,Passive imitation,Observational learning,metacognition/परासंज्ञान,2,CTET 2022-12 Q22,1,2022-12
ctet1,cdp,CTET विगत वर्ष,2,,23,,,,अधिगम अधिक प्रभावशाली रूप से होता है अगर,कक्षाकक्ष का वातावरण भय मुक्त हो।,अध्यापक विद्यार्थियों के अधिगम संबंधित व्यक्तिगत अंतरों को अनदेखा कर दे।,पढ़ाई गई विषय-वस्तु बहुत जटिल और अमूर्त है।,विद्यार्थियों के मतों को संप्रत्यय की व्याख्या के दौरान ना अपनाया जाए।,Learning happens more effectively if :,Classroom environment is fearless,teacher ignores individual differneces related to learning among students,content taught is very complex and abstract,students opinions are not accounted in discussion of concept,0,CTET 2022-12 Q23,1,2022-12
ctet1,cdp,CTET विगत वर्ष,2,,24,,,,निम्नलिखित में से किसे विद्यार्थियों में समुन्नत करना चाहिए?,कंठस्थीकरण (रटने की प्रवृत्ति),समालोचनातमक चिन्तन,कार्यात्मक जड़ता,अभिसारी चिंतन,Which of the following should be promoted among students ?,Rote memorisation,Critical thinking,Functional fixedness,Convergent thinking,1,CTET 2022-12 Q24,1,2022-12
ctet1,cdp,CTET विगत वर्ष,2,,25,,,,वह कौन-सी समस्या – समाधान प्रक्रिया है जिसमें निर्धारित चरण-दर-चरण विधि का अनुसरण किया जाता है ?,Analogy/अनुरूपी सोच,Heuristics/अनुमानी,प्रयत्न एवं त्रुटि,Algorithm/कलन-विधि,A problem-solving procedure in which a prescribed step-by-step method should be followed is a/an :,Analogy/अनुरूपी सोच,Heuristics/अनुमानी,Trial and error,Algorithm/कलन-विधि,3,CTET 2022-12 Q25,1,2022-12
ctet1,cdp,CTET विगत वर्ष,2,,26,,,,निम्नलिखित में से कौन-से कथन अधिगम के लिए आकलन के संबंध में सही है? (i) All errors mjust be marked with red circles in the notebook to induce fear भय पैदा करने के लिए कॉपी में सभी त्रुटियों पर लाल स्याही से घेरा बना देना चाहिए। (ii) Errors should be used as opportunities to know about students' learning विद्यार्थी के अधिगम के बारे में जानने के लिए त्रुटियों को एक अवसर के रूप में लेना चाहिए। (iii) Peer assessment can be used as a way of feedback to each other सहपाठी आकलन का प्रयोग एक-दूसरे को प्रतिपुष्टि देने के लिए किया जा सकता है। (iv) Paterns in students' errors must be taken care by the teacher/विद्यार्थियों द्वारा की गई त्रुटियों के प्रतिरूपों के प्रति अध्यापक को सजग होना चाहिए।,(i) and (ii) only/केवल (i) और (ii),"केवल (i), (ii) और (iii)",केवल (iii) और (iv),"केवल (ii), (iii) और (iv)",Which of the following statements are true regarding assessment for learning?,(i) and (ii) only/केवल (i) और (ii),"(i), (ii) and (iii) only",(iii) and (iv) only,"(ii), (iii) and (iv) only",3,CTET 2022-12 Q26,1,2022-12
ctet1,cdp,CTET विगत वर्ष,2,,27,,,,अभिकथन (A) : विद्यालयों को सीखने की प्रक्रिया में भावनात्मक पहलू को ध्यान में रखना और पोषित करना चाहिए। तर्क (R) : भावनाएँ संज्ञान से पृथक नहीं है।,"और (R) दोनों सही हैं और (R), (A) की सही व्याख्या करता है।","और (R) दोनों सही हैं लेकिन (R), (A) की सही व्याख्या नहीं है।",सही है लेकिन (R) गलत है,और (R) दोनों गलत है।,Assertion (A) : Schools should consider and cater to the emotional side of learning. Reason (R) : Emotions are inseparable from cognition. Choose the correct option :,Both (A) and (R) are true and (R) is the correct explanation of (A)/(A),Both (A) and (R) are true but (R) is not the correct explanation of (A)/(A),(A) is true but (R) is false (A),Both (A) and (R) are false (A),0,CTET 2022-12 Q27,1,2022-12
ctet1,cdp,CTET विगत वर्ष,2,,28,,,,निम्नलिखित में से कौन-सा कारक अधिगम हेतु आंतरिक अभिप्रेरणा को संचालित करता है/अग्रता प्रदान करता है ?,Rewards/पुरस्कार,Punishment/दण्ड,Interest/रूचि,Praise/प्रशंसा,Which of the following factor leads to intrinsic motivation to learn ?,Rewards/पुरस्कार,Punishment/दण्ड,Interest/रूचि,Praise/प्रशंसा,2,CTET 2022-12 Q28,1,2022-12
ctet1,cdp,CTET विगत वर्ष,2,,29,,,,निम्नलिखित में से कौन-से अधिगम को प्रभावित करने वाले परिवेशीय कारक हैं और व्यक्तिगत कारक नहीं है?,समझ का स्तर,भावात्मक लब्धि,शिक्षण-अधिगम सामग्री,सीखने के लिए आन्तरिक अभिप्रेरणा,Which of the following is an environmental factor and not a personal factor influencing learning ?,Level of understanding,Emotional Quotient,Teaching-learning materials,Intrinsic motivation to learn,2,CTET 2022-12 Q29,1,2022-12
ctet1,cdp,CTET विगत वर्ष,2,,30,,,,निम्नलिखित में से कौन-सा अधिगम के लिए बाधक बन सकता है ?,लचीली पाठ्यचर्या,अधिगम के लिए बहुसंवेदी उपागम,विद्यार्थियों का एक समान योग्यता के आधार पर समूहीकरण,अध्यापक द्वारा रचनावादी शिक्षणशास्त्रीय प्रविधियों का प्रयोग,Which of the following is likely to become a barrier for learning ?,Flexible curriculum,Multiple sensory approach of learning,Same ability groping of students,Constructivist pedagogy by teacher,2,CTET 2022-12 Q30,1,2022-12
ctet1,math,CTET विगत वर्ष,2,,31,,,,तीन अंकों की अधिकतम और न्यूनतम संख्याओं का अंतर है:,,,,,The difference between the greatest and smallest numbers of three digits is:,,,,,1,CTET 2022-12 Q31,1,2022-12
ctet1,math,CTET विगत वर्ष,2,,32,,,,को 1 2 से भाग दीजिए तथा फिर इसमें 30 जोड़िए। इस परिणाम में से 35 घटाइए। आप क्या प्राप्त करते हैं।,,,,,"Divide 26 by 1 2 and add 30 to it. From the result, subtract 35. What do you get? 26",,,,,2,CTET 2022-12 Q32,1,2022-12
ctet1,math,CTET विगत वर्ष,2,,33,,,,"यदि 4579 + x + 3895 = 9090 है, तो x का मान है :",,,,,"If 4579 + x + 3895 = 9090, then value of x is :",,,,,3,CTET 2022-12 Q33,1,2022-12
ctet1,math,CTET विगत वर्ष,2,,34,,,,और 100 के बीच कितने अभाज्य युग्म हैं?,,,,,How many twin primes are there between 51 and 100 ? 51,,,,,1,CTET 2022-12 Q34,1,2022-12
ctet1,math,CTET विगत वर्ष,2,,35,,,,दो संख्याओं का LCM उनके HCF का २० गुना है तथा LCM + HCF = 2520 है। LCM और HCF का अंतर क्या है?,,,,,The LCM of two numbers is 20 times of their HCF and LCM + HCF = 2520. What will be the difference of LCM and HCF ?,,,,,3,CTET 2022-12 Q35,1,2022-12
ctet1,math,CTET विगत वर्ष,2,,36,,,,"अंकों 8, 1 और 7 के उपयोग से बनाई जा सकने वाली चार अंकों की सबसे बड़ी संख्या, जबकि इन अंकों में से कोई एक अंक दो बार प्रकट हो सकता है, निम्न है :",,,,,"The largest four digit number that can be formed using digits 8, 1 and 7, in which any one of these digits can appear twice, is :",,,,,1,CTET 2022-12 Q36,1,2022-12
ctet1,math,CTET विगत वर्ष,2,,37,,,,सभी दिशाओं में अनंतत: विस्तृत एक सपाट पृष्ठ निम्न रूप में जाना जाता है।,Point/बिन्दु,Plane/समतल,Line/रेखा,Line segment/रेखाखंड,A flat surface which extends indefinitely in all the directions is known as :,Point/बिन्दु,Plane/समतल,Line/रेखा,Line segment/रेखाखंड,1,CTET 2022-12 Q37,1,2022-12
ctet1,math,CTET विगत वर्ष,2,,38,,,,किसी त्रिभुजीय आधार के प्रिज्म में कितने शीर्ष होते हैं?,,,,,How many vertices does a triangular prism have ?,,,,,1,CTET 2022-12 Q38,1,2022-12
ctet1,math,CTET विगत वर्ष,2,,39,,,,किसी शंकु का पार्श्व-दृश्य निम्न रूप का प्रकट होता है:,Triangle/त्रिभुज,Circle/वृत्त,square/वर्ग,Rectangle/आयत,The side-view of a cone appears as :,Triangle/त्रिभुज,Circle/वृत्त,square/वर्ग,Rectangle/आयत,0,CTET 2022-12 Q39,1,2022-12
ctet1,math,CTET विगत वर्ष,2,,40,,,,"किसी पात्र में 35 L 560 mL तेल है। यदि इसमें 875 mL तेल और मिला दिया जाता है, तो अब मिश्रण की कुल मात्रा होगी :",36 L 435 mL,32 L 345 mL,28 L 435 mL,34 L 685 mL,"A container has 35 L 560 mL oil. If 875 mL more oil was mixed into it, then total amount of mixture will be now :",36 L 435 mL,32 L 345 mL,28 L 435 mL,34 L 685 mL,0,CTET 2022-12 Q40,1,2022-12
ctet1,math,CTET विगत वर्ष,2,,41,,,,किसी स्कूल में अध्ययन 9:15 am पर प्रारंभ हुआ तथा मध्यावकाश 12:55 pm पर हुआ। मध्यावकाश तक अध्ययन समय कितना रहा?,३ घंटे ३५ मिनट,३ घंटे ४० मिनट,४ घंटे ३५ मिनट,३ घंटे २५ मिनट,"In a school, the studies started at 9:15 am and recess was at 12:55 pm. What was the study time upto recess ?",3 hours 35 minutes,3 hours 40 minutes,4 hours 35 minutes,3 hours 25 minutes,1,CTET 2022-12 Q41,1,2022-12
ctet1,math,CTET विगत वर्ष,2,,42,,,,"सोने के गले के एक हार का भार 7 g 6 dg 3 cg 8 mg है। यदि इसमें 3 dg 1 cg 3mg भार के मोती हैं, तो इस हार में सोने का भार क्या है?",6 g 9 dg 5 cg 4 mg,7 g 3 dg 2 cg 5 mg,7 g 3 dg 3 cg 5 mg,6 g 5 dg 2 cg 5 mg,"A necklace of gold weights 7 g 6 dg 3 cg 8 mg. If it has pearls of weight 3 dg 1 cg 3 mg in it, then what is the weight of the gold in the necklace ?",6 g 9 dg 5 cg 4 mg,7 g 3 dg 2 cg 5 mg,7 g 3 dg 3 cg 5 mg,6 g 5 dg 2 cg 5 mg,1,CTET 2022-12 Q42,1,2022-12
ctet1,math,CTET विगत वर्ष,2,,43,,,,"नीचे दिए गए पैटर्न में, निम्न में से क्रमश: कौन-सी संख्याएँ रिक्त स्थानों में आएँगी। 11 × 13 = 122 – 1 15 × 17 = 162 – 1 30 × 32 = 312 – 1 ......... × 46 = ....... –1","43, 442","43, 452","45, 472","44, 452",Which of the following numbers respectively will come in the blank spaces in the pattern given below ?,"43, 442","43, 452","45, 472","44, 452",3,CTET 2022-12 Q43,1,2022-12
ctet1,math,CTET विगत वर्ष,2,,44,,,,प्रथम दस विषम अभाज्य संख्याओं का माध्य है :,12.9,15.8,17.8,16.8,The mean of first ten odd prime numbers is :,12.9,15.8,17.8,16.8,1,CTET 2022-12 Q44,1,2022-12
ctet1,math,CTET विगत वर्ष,2,,45,,,,"गणित के एक टेस्ट में 30 विद्यार्थियों द्वारा प्राप्त किए गए अंक नीचे दिए गए हैं : 7, 1, 3, 6, 5, 5, 5, 0, 7, 8, 1, 9, 0, 5, 8, 3, 1, 8, 10, 10, 4, 3, 8, 6, 8, 9, 2, 1, 0, 4 । 5 से अधिक या उसके बराबर अंक प्राप्त करने वाले विद्यार्थियों की संख्या है :",17,16,15,13,"The marks obtained by 30 students in a mathematics test are as shown below : 7, 1, 3, 6, 5, 5, 5, 0, 7, 8, 1, 9, 0, 5, 8, 3, 1, 8, 10, 10, 4, 3, 8, 6, 8, 9, 2, 1, 0, 4. The number of students obtaining more than or equal to 5 marks is :",17,16,15,13,0,CTET 2022-12 Q45,1,2022-12
ctet1,math,CTET विगत वर्ष,2,,46,,,,8,,,,,,,,,,3,CTET 2022-12 Q46,1,2022-12
ctet1,math,CTET विगत वर्ष,2,,47,,,,"के गुणन पहाड़े का शिक्षण करते हुए एक शिक्षक ने ‘2’ के पहाड़े का निम्न प्रकार से उपयोग किया : चार बार 2, 2 बार 2 का दुगुना है। चार बार 3, 2 बार 3 का दुगुना है और इसी प्रकार शिक्षक का उद्देश्य है :",अपनी गणितीय योगयता दर्शाना,दुगुने की अवधारणा का परिचय देना,पहाड़े शीघ्र सीखने के लिए गणितीय युक्तियों का उपयोग करने के लिए विद्यार्थियों को प्रोत्साहित करना,विद्यार्थियों के पूर्व ज्ञान का उपयोग कर नवीन अवधारणाओं के विकास हेतु प्रतिमानों और संबंधों का उपयोग करना,While teaching multiplication table for '4' a teacher has used the multiplication table for '2' in the following way : 4 times 2 is double of 2 times 2. 4 times 3 is double of 2 times 3 and so on. The objective of the teacher is to : ‘4’,Show his/her mathematical competency,introduce the concept of double,encourage the students to use mathematical tricks to learn the tables quickly,use patterns and relationship to develop new concept using the previous knowledge of students,3,CTET 2022-12 Q47,1,2022-12
ctet1,math,CTET विगत वर्ष,2,,48,,,,एक छात्र के पास भिन्न की अवधारणा है। वह परिमेय संख्या की अवधारणा को भिन्न से जोड़कर आसानी से समझ सकता है। पियाजे के अनुसार कौन-सी संज्ञानात्मक प्रक्रिया इसके लिए उत्तरदायी है ?,Scaffolding/मचान (स्क़ेफोल्डिंग),Assimilation/आत्मसात करना (ऐसिमिलेशन),Decomposition/अपघटन (डीकम्पोजिशन),Decentration/डीसेंट्रेशन,"A student has the concept of fraction. He/she can easily understand the concept of rational number, by linking it with fraction. According to Piaget which cognitive process is responsible for this ?",Scaffolding/मचान (स्क़ेफोल्डिंग),Assimilation/आत्मसात करना (ऐसिमिलेशन),Decomposition/अपघटन (डीकम्पोजिशन),Decentration/डीसेंट्रेशन,1,CTET 2022-12 Q48,1,2022-12
ctet1,math,CTET विगत वर्ष,2,,49,,,,कक्षा IV का एक विद्यार्थी दो अंकों की संख्याओं को गुणा करने में सक्षम नहीं है। शिक्षक/शिक्षिका का कौन-सा तरीका/युक्ति बच्चे को दो अंकों की संख्याओं की गुणा सिखाने के लिए सर्वोत्तम होगा?,उसे विद्यार्थी को पहले गुणन सारणी/पहाड़े याद करवाने चाहिए।,दो संख्याओं को गुणा करने के लिए उसे विद्यार्थी को केल्कुलेटर (गणन यंत्र) का उपयोग करने के लिए कहना चाहिए।,वह पहले एक अंकीय संख्या की गुणा करने में विद्यार्थी की मदद करें तत्पश्चात दो अंकीय संख्याओं की गुणा सीखने में ह्यूरिस्टिक्स का उपयोग करें,वह गुणा करने की कलन-विधि की श्यामपट्ट पर पुनरावृत्ति करें तथा विद्यार्थी को सिखायी गई कलन-विधि के अनुसार समरूप समस्याओं को हल करने के लिए कहे,grade IV student is unable to do multiplication involving two digit numbers. Which of the following can be best adopted by the teacher to help the child learn multiplication of two digit numbers ?,He/She should make the students memorize multiplication tables first,He/She should tell the student to use calculator to multiply two numbers,He/She can first help the student with multiplication of single digit number and then use heuristics for two digit numbers,He/She can perform the multiplication algorithm repeatedly on the black board and ask the student to solve similar problems using the algorithm taught,2,CTET 2022-12 Q49,1,2022-12
ctet1,math,CTET विगत वर्ष,2,,50,,,,बस संख्या 75 सेंट्रल मार्केट जाती है।’’ यहाँ संख्या का ........ उपयोग है।,Cardinal/गणन (कार्डिनल),Nominal/अभिहित (अंकित),Ordinal/क्रमसूचक,Serial/क्रमिक,"'Bus number 75 goes to the Central market'. Here, the use of number is ......... ‘",Cardinal/गणन (कार्डिनल),Nominal/अभिहित (अंकित),Ordinal/क्रमसूचक,Serial/क्रमिक,1,CTET 2022-12 Q50,1,2022-12
ctet1,math,CTET विगत वर्ष,2,,51,,,,कक्षा V के एक विद्यार्थी को जब चार सौ दो लिखने के लिए कहा जाता है। तो वह 4002 लिखता है। उसी प्रकार छ: सौ आठ को 6008 लिखता है/लिखती है। इस भ्रांति का सर्वाधिक उपयुक्त स्पष्टीकरण क्या है?,बच्चा साधारणतया लापरवाह है।,साधारणतया बच्चा वही लिखता है जैसा वह सुनता है।,बच्चे को स्थानीय मान प्रणाली की पूर्ण समझ नहंी है।,बच्चे में बुद्धि एवं गणितीय ज्ञान की कमी है।,"When asked to numerically represent the number four hundred and two, a fifth grade student writes it as 4002. Similarly, for six hundred eight he/she writes 6008. What is the most appropriate explanation of this misconcenption ?",The child is simply careless,The child is simply writing the number as he/she hears it,The child has not fully understood the place value system,The child lacks intelligence and mathematical knowledge,2,CTET 2022-12 Q51,1,2022-12
ctet1,math,CTET विगत वर्ष,2,,52,,,,शिक्षक एक आयत का क्षेत्रफल ज्ञात करने के लिए सूत्र देता है और बच्चों को भिन्न-भिन्न आयताकार कट-आऊट का क्षेत्रफल ज्ञात करने के लिए कहता है। शिक्षक उपयोग कर रहा है।,आगमनात्मक विधि,निगमनात्मक विधि,अवलोकन विधि,प्रयोगशाला विधि,A teacher gives the formula to find the area of a rectangle and asked the children to find the area of different rectangular cutouts. The teacher is using,Inductive method,Deductive method,Observation method,Laboratory method,1,CTET 2022-12 Q52,1,2022-12
ctet1,math,CTET विगत वर्ष,2,,53,,,,जेनेट अपनी कक्षा में बहुभुज के कई उदाहरण एवं गैर-उदाहरण देती हैं। वह गणितीय शब्दसंग्रह का उपयोग करती है और विद्यार्थियों को परिचर्चा में संलग्न रखती है। उनके पास बच्चों द्वारा की गई त्रुटियों और उनकी वैकल्पिक अवधारणाओं का भी ज्ञान है। निम्नलिखित में से कौन-सा एक गणित शिक्षिक के रूप में जेनेट के लिए सर्वाधिक उपयुक्त है?,उसे शिक्षाशास्त्रीय विषय-वस्तु का ज्ञान है।,उसे केवल विषय-वस्तु का ज्ञान है।,उसे गणितीय त्रुटियों की समझ है।,उसे पाठ्यक्रम का ज्ञान है।,Janet uses many examples and non-examples of polygons in her class. She uses mathematical vocabulary and engages the students in discussion. She has the knowledge of errors and alternate conceptions of children too. As a mathematics teacher which of the following is most appropriate for Janet?,She has pedagogical content knowledge,She has only subject matter knowledge,She has understanding of mathematical errors,She has curricular knowledge,0,CTET 2022-12 Q53,1,2022-12
ctet1,math,CTET विगत वर्ष,2,,54,,,,एक ‘‘संरचनावादी कक्षा’’ में गणित का एक शिक्षक शिक्षण एवं अधिगम प्रक्रिया में सुधार कर सकता है:,कक्षायी प्रक्रियाओं पर मनन कर,अभ्यास के लिए अधिक प्रश्न दे करना,केवल योगात्मक आकलन पर ध्यान केन्द्रित करना,होनहार विद्यार्थियों की पहचान कर और उन्हें प्रतियोगात्मक परीक्षाओं के लिए तैयार करके,"In a ""Constructivist classroom"", a mathematics teacher can improve the teaching and learning process by :",reflecting on classroom practices,giving more questions for practice,focusing only on summative assessment,identifying bright students and preparing them for competitive examinations,0,CTET 2022-12 Q54,1,2022-12
ctet1,math,CTET विगत वर्ष,2,,55,,,,"राष्ट्रीय पाठ्यचर्या रूपरेखा 2005 के अनुसार, प्राथमिक स्तर पर, गणित में, शिक्षण और अधिगम विधियाँ केन्द्रित होनी चाहिए। (A) explorations of various patterns in mathematics गणित में विभिन्न प्रतिमानों की खोज पर (B) developing the skills of estimation and approximation among learners शिक्षार्थियों में अनुमान एवं सन्निकटन के कौशलों के विकास पर (C) informal ways of learning like games, solving puzzles, etc/अधिगम की अनौपचारिक विधियों जैसे खेल, पहेली हल करने, इत्यादि पर (D) rigorous problem-solving परिशुद्ध समस्या-समाधान पर Choose the correct option : सही विकल्प का चयन कीजिए :","B, C and D/B, C और D","A, B and D/A, B और D","A, B and C/A, B और C",B and D/B और D,"According to National Curriculum Framework 2005, teaching and learning methods in mathematics at primary level should focus on:","B, C and D/B, C और D","A, B and D/A, B और D","A, B and C/A, B और C",B and D/B और D,2,CTET 2022-12 Q55,1,2022-12
ctet1,math,CTET विगत वर्ष,2,,56,,,,निम्नलिखित में से विभाजन की संकल्पना से संबद्धित विभिन्न (विविध) संरचनाएँ कौन-सी है? (A) Ordering/क्रमीकरण (B) Ratio/अनुपात (C) Equal-sharing/समान-समभागी (D) Re-arranging/पुन: व्यवस्थित करना सही विकल्प का चुनाव करें।,A and B/A और B,B and C/B और C,Only B/केवल B,A and D/A और D,Which of the following are the various structures associated with the concept of division?,A and B/A और B,B and C/B और C,Only B/केवल B,A and D/A और D,1,CTET 2022-12 Q56,1,2022-12
ctet1,math,CTET विगत वर्ष,2,,57,,,,संख्यायी कौशल के विकास का अर्थ नहीं होता :,संख्याओं और संख्या संक्रियाओं के बारे में ज्ञान,संख्याओं के साथ-साथ आकृतियों के बारे में समझ,संख्याओं को रट कर याद करना,वास्तविक जीवन में आँकड़ों के प्रबंधन के लिए आवश्यक कौशल,Development of numeracy skills does not imply:,Knowledge about numbers and number operations,Understanding about numbers as well as shapes,Rote memorisation of counting numbers,Skills required for handling data in real life,2,CTET 2022-12 Q57,1,2022-12
ctet1,math,CTET विगत वर्ष,2,,58,,,,"प्राथमिक स्तर के गणित में, पाठ्यपुस्तकें विविध कविताएँ, कहानियाँ और प्रतिमान संलग्न करती हैं। राष्ट्रीय पाठ्यचर्या रूपरेखा 2005 के अनुसार, इसके लिए निम्नलिखित में से सर्वाधिक उपयुक्त कारण कौन-सा है?",बच्चों के लिए गणित की कक्षा को कम उबाऊ बनाना,बच्चों की शब्दावली का विकास करना,गणित की कक्षा में कुछ फुरसत का समय निकालना,गणित को संदर्भित बनाना और बच्चों के जीवन के अनुभवों से जोड़ना,"At primary stage, mathematics textbooks include a variety of poems, stories and patterns. Which of the following describes the most appropriate reason for this as per the National Curriculum Framework 2005?",To make mathematics class less boring for the children,To develop the vocabulary of children,To get for some leisure time in the mathematics class,To make mathematics contextual and related to life experiences of children,3,CTET 2022-12 Q58,1,2022-12
ctet1,math,CTET विगत वर्ष,2,,59,,,,कक्षा ५ का एक विद्यार्थी दो अंकों की संख्या का गुणन इस प्रकार करता है : 17 × 26 = 17 × (20 + 6) = 340 + 102 = 442 शिक्षक/शिक्षिका को इस विद्यार्थी का मूल्यांकन कैसे करना चाहिए?,अध्यापक को इसे शून्य अंक देने चाहिए क्योंकि यह गलत विधि है।,विद्यार्थी ने एक अलग विधि का उपयोग किया है इसलिए उसकी प्रशंसा कर पूरे अंक देने चाहिए।,शिक्षक/शिक्षिका को कुछ अंक काटने चाहिए क्योंकि उसने एक अलग कलन-विधि (एल्गोरिथ्म) का उपयोग किया है।,शिक्षक/शिक्षिका विद्यार्थी को बताए कि उसे उसी विधि का उपयोग करना चाहिए जैसा कि कक्षा शिक्षण में किया गया था।,A student of class V performed multiplication of two digit numbers in the following way : 17 × 26 = 17 × (20 + 6) = 340 + 102 = 442 How should the teacher evaluate this student ?,The teacher should give her zero marks as this is incorrect method,The student has adopted a different method and hence should be praised and given full marks for this,The teacher should deduct some marks for adopting a different algorithm.,The teacher should tell the student to use the same method as taught in the class.,1,CTET 2022-12 Q59,1,2022-12
ctet1,math,CTET विगत वर्ष,2,,60,,,,"गणित पर राष्ट्रीय पाठ्यचर्या रूपरेखा 2005 के आधार पत्र के अनुसार ‘लोक कलन विधि’ की समृद्धता की प्रशंसा/सराहना, बच्चे की गणित के बोध को समृद्ध कर सकती है। ‘लोक कलन विधि’ से क्या अभिप्राय: है?",लोक गीतों को गाने के लिए कलन विधि का विकास,प्राचीन काल में उपयोग की गई कलन विधि,पारंपरिक सांस्कृतिक एवं सामाजिक गतिविधियाँ,जो लोग औपचारिक रूप से शिक्षित नहीं हैं उनके द्वारा प्रयुक्त की गई मानसिक गणना की विधि,As per National Curriculum Framework 2005 position paper on mathematics apprecicating the richness of 'folk algorithms' can enrich the child's perception of mathematics. What is meant by 'folk algorithms'?,An algorithm developed to recite folk songs,An algorithm used in ancient times,Traditional cultural and social activities,The mode of mental calculations used by people who are not formally educated,3,CTET 2022-12 Q60,1,2022-12
ctet1,evs,CTET विगत वर्ष,2,,61,,,,"जिस राज्य में ‘‘नेहरू इंस्टीट्यूट ऑफ माउंटेनियरिंग’’ स्थित है, उसका नाम है–",उत्तर प्रदेश,Uttarakhand/उत्तराखण्ड,हिमाचल प्रदेश,Jharkhand/झारखण्ड,"Name of state in which ""Nehru Institute of Mountaineering"" is located.",Uttar Pradesh,Uttarakhand/उत्तराखण्ड,Himachal Pradesh,Jharkhand/झारखण्ड,1,CTET 2022-12 Q61,1,2022-12
ctet1,evs,CTET विगत वर्ष,2,,62,,,,उस मादक द्रव्य की पहचान कीजिए जो एक भ्रान्तिजनक मादक द्रव्य का उदाहरण नहीं है।,LSD,Hashish/हशिश (भाँग),Cannabis/कैनाबिस,Penicillin/पेनिसिलिन,Identify the drug that is not an example of hallucinogenic drug :,LSD,Hashish/हशिश (भाँग),Cannabis/कैनाबिस,Penicillin/पेनिसिलिन,3,CTET 2022-12 Q62,1,2022-12
ctet1,evs,CTET विगत वर्ष,2,,63,,,,"जल संरक्षण में संलिप्त, अलवर जिले से, ‘भारत का जलपुरुष’ कहे जाने वाले, इस पर्यावरणवादी का नाम है :",Jadav Payeng/जादव पयंग,राजेन्द्र सिंह,Medha Patkar/मेधा पाटकर,Abid Surti/आबिद सुर्ति,"Referred to as'Waterman of India', this environmentalist from Alwar district is engaged in water conservation :",Jadav Payeng/जादव पयंग,Rajendra Singh,Medha Patkar/मेधा पाटकर,Abid Surti/आबिद सुर्ति,1,CTET 2022-12 Q63,1,2022-12
ctet1,evs,CTET विगत वर्ष,2,,64,,,,"वह प्रतिरूप जो कश्मीरी हाउसबोट पर चौखटी-आरा पहेली के जैसे दिखाता है, वह है–",Deoband/देवबन्द,Mehraab/मेहराब,Muqarnas/मुकरना,Khatamband/खत्मबंद,A pattern on Kashmiri Houseboats which appears like jigsaw puzzle is :,Deoband/देवबन्द,Mehraab/मेहराब,Muqarnas/मुकरना,Khatamband/खत्मबंद,3,CTET 2022-12 Q64,1,2022-12
ctet1,evs,CTET विगत वर्ष,2,,65,,,,"कक्षा V की पाठ्यपुस्तक में गोलकोण्डा के किले का मानचित्र छपा है। इस मानचित्र के दाहिने नीचे भाग में निम्नलिखित पैमाना छपा है : पैमाना 1 cm = 110 मीटर यदि इस मानचित्र पर फतेह दरवाजा और बंजारा दरवाजा के बीच की दूरी 13.7 cm है, तो इन दोनों स्थानों की वास्तविक दूरी है।",14.07 km/14.07 किलोमीटर,1.507 km/1.507 किलोमीटर,2.747 km/2.747 किलोमीटर,27.47 km/27.47 किलोमीटर,"In the textbook for class V a map of Golconda Fort is printed. On the righ bottom of this map following scale is printed : Scale 1 cm = 110 metre If on the map the distance between Fateh Darwaza and Banjara Darwaza is 13.7 cm, the actual distance between these two places is :",14.07 km/14.07 किलोमीटर,1.507 km/1.507 किलोमीटर,2.747 km/2.747 किलोमीटर,27.47 km/27.47 किलोमीटर,1,CTET 2022-12 Q65,1,2022-12
ctet1,evs,CTET विगत वर्ष,2,,66,,,,एक पारिस्थितिक वातावरण के पिरामिड में तीसरा पोषण स्तर है :,Decomposers/अपघटक,Producers/उत्पादक,Herbivores/शाकाहारी,Carnivores/मांसाहारी,"In an ecological pyramid, the third trophic level is :",Decomposers/अपघटक,Producers/उत्पादक,Herbivores/शाकाहारी,Carnivores/मांसाहारी,3,CTET 2022-12 Q66,1,2022-12
ctet1,evs,CTET विगत वर्ष,2,,67,,,,"दिल्ली से मुंबई यात्रा करते हुए गौरव, जानी निम्नलिखित राज्यों में से किन छोटे-बड़े राज्यों से गुजरे?","महाराष्ट्र, राजस्थान, हरियाणा","गुजरात, महाराष्ट्र, राजस्थान","राजस्थान, मध्य प्रदेश, महाराष्ट्र","मध्य प्रदेश, छत्तीसगढ़",Gaurav Jaani on his way from Delhi to Mumbai travelled through small and big states of which of the following states ?,"Maharashtra, Rajasthan, Haryana","Gurajarat, Maharashtra, Rajasthan","Rajasthan, Madhya Pradesh, Maharasthra","Madhya Pradesh, Chhattisgarh",1,CTET 2022-12 Q67,1,2022-12
ctet1,evs,CTET विगत वर्ष,2,,68,,,,मनाली में चमेली किस प्रकार के आवास में रहती है?,प्रबल बाँस के खंभों से बने घर में,खपरैल के मिट्टी के घर में,पत्थर या लकड़ी से बने घर में,बहुमंजिला घर में,Chameli from Manali lives in which type of house ?,House made from strong bamboo pillars,Mud house with tiles,House made of stone or wood,Multi-storeyed house,2,CTET 2022-12 Q68,1,2022-12
ctet1,evs,CTET विगत वर्ष,2,,69,,,,गेहूँ से हम विविध प्रकार के खाद्य व्यंजन बना सकते हैं। निम्नलिखित में से कौन-से खाद्य पदार्थ गेहूँ द्वारा नहीं बनाए गए?,उत्तपम तथा डोसा,चपाती तथा केक,हलवा तथा पुरी,स्लाइस ब्रेड तथा पुआ,We can prepare a variety of food items from wheat. Which of the following food items is not prepared from wheat ?,Uttapam and Dosa,Chappati and Cake,Halwa and Poori,Slice bread and Pua,0,CTET 2022-12 Q69,1,2022-12
ctet1,evs,CTET विगत वर्ष,2,,70,,,,आहारी रेशों के विषय में निम्नलिखित में से कौन-सा सत्य नहीं है?,हमारे शरीर को पोषण देना,रूक्षांश भी कहा जाता है।,हमारे शरीर को अपाचित भोजन से छुटकारा पाने में मदद करते हैं,मुख्यत: पौधों द्वारा प्रदान किए जाते हैं,Which one of the following is not true about dietary fibre ?,Provide nutrient to our body,Also known as roughage,Help our body get rid of undigested food,Mainly provided by the plants,0,CTET 2022-12 Q70,1,2022-12
ctet1,evs,CTET विगत वर्ष,2,,71,,,,"पाठ ‘अमृता की कहानी’, में ग्राम खेजड़ली को उसका नाम मिला :",Ancestors/पूर्वजों से,वहाँ निकास करने वाले बच्चों से,वहाँ उगने वाले वृक्षों से,पंचायत के सदस्यों से,"In the chapter, 'The Story of Amrita' the village Khejadli got its name from :",Ancestors/पूर्वजों से,Children living there,Trees that grow there,Panchayat members,2,CTET 2022-12 Q71,1,2022-12
ctet1,evs,CTET विगत वर्ष,2,,72,,,,बंगाल की खाड़ी के तीन तटवर्ती प्रदेश (राज्य) हैं,"केरल, कर्नाटक, तमिलनाडु","तमिलनाडु, आंध्र प्रदेश, ओडिशा","गुजरात, महाराष्ट्र, ओडिशा","पश्चिम बंगाल, ओडिशा, केरल",Three States having coast on the Bay of Bengal are :,"Kerala, Karnataka, Tamil Nadu","Tamil Nadu, Andhra Pradesh, Odisha","Gujarat, Maharashtra, Odisha","West Bengal, Odisha, Kerala",1,CTET 2022-12 Q72,1,2022-12
ctet1,evs,CTET विगत वर्ष,2,,73,,,,वर्षा जल संग्रहण का अर्थ है :,वर्षा के जल का भंडारण सतही या अधो सतही जलभृत में होता है।,वर्षा के जल को छतों के ऊपर से तथा पार्कों से बह जाने दिया जाता है,सतही वर्षा जल से मिट्टी/गंदगी हटाना,सतही वर्षा जल से लवण हटाना,Rainwater harvesting means :,Rainwater is stored in surface or sub surface aquifers,"Rainwater is allowed to runoff from roof tops, parks, etc.",Removing dirt from the surface rainwater,Removing salt from the surface rainwater,0,CTET 2022-12 Q73,1,2022-12
ctet1,evs,CTET विगत वर्ष,2,,74,,,,स्वच्छ भारत अभियान कब आरंभ किया गया था ?,महात्मा गाँधी के १५० वें जन्म दिवस पर,महात्मा गाँधी के १००वें जन्मदिवस पर,सुभाष चंद्र बोस के १००वें जन्मदिवस पर,सुभाषा चंद्र बोस के १२५वें जन्मदिवस पर,When was Swachh Bharat Abhiyan launched ?,Mahatma Gandhi's 150th Birthday,Mahatma Gandhi's 100th Birthday,Subhash Chandra Bose's 100th Birthday,Subhash Chandra Bose's 125th Birthday,0,CTET 2022-12 Q74,1,2022-12
ctet1,evs,CTET विगत वर्ष,2,,75,,,,"अरक्तता जिसकी कमी से उत्पन्न होती है, वह है :",Vitamin D/विटामिन D,Calcium/कैल्शियम,lodine/आयोडीन,Iron/आयरन,Anemia is caused by shortage of :,Vitamin D/विटामिन D,Calcium/कैल्शियम,lodine/आयोडीन,Iron/आयरन,3,CTET 2022-12 Q75,1,2022-12
ctet1,evs,CTET विगत वर्ष,2,,76,,,,"कक्षा III की एक EVS शिक्षिका प्रीति, ‘संप्रेषण’ (यात्रा थीम के लिए) को रचनात्मक पद्धति का प्रयोग करके पढ़ाना चाहती है। इसके लिए वह :",संप्रेषण से संबंधित भूमिका निभाने को प्रोत्साहित करेगी,विवादास्पद विषयों से संबंधित विचार- विमर्श को प्रोत्साहित करेगी,किसी नज़दीकी डाक-घर पर जाने के लिए क्षेत्र भ्रमण की योजना बनाएगी,श्याम-पट्ट को एक प्रभावी शिक्षण साधन के रूप में प्रयोग करेगी,Preeti an EVS teacher of class III wants to teach concept of 'communication' (of the theme Travel) using constructivist approach. For this she can,encourage role play related to communication,promote discussion on controversial issues related to it,plan a field visit to a nearby post office,use blackboard as an effective teaching aid,2,CTET 2022-12 Q76,1,2022-12
ctet1,evs,CTET विगत वर्ष,2,,77,,,,लोककथाएँ पर्यावरण अध्ययन शिक्षण के लिए एक महत्वपूर्ण संसाधन है। निम्नलिखित में से कौन-से कथन इस तथ्य की उपयुक्त व्याख्या प्रदान करते हैं? (A) Folklores develop children's imagination/ लोककथाएँ बच्चों की कल्पना का विकास करती है। (B) Folklores connect children with their environemnt./लोककथाएँ बच्चों को अपने परिवेश से जोड़ती हैं। (C) Folklores provide moral message to children about environment लोककथाएँ बच्चों को पर्यावरण के बारे में नैतिक संदेश देती हैं। (D) Folklores develop interest among children/ लोककथाएँ बच्चों में रूचि का विकास करती है। (E) Folklores develop creativity among children./लोककथाएँ बच्चों में सृजनात्मकता का विकास करती है।,"A, B and C/A, B और C","B, C and E/B, C और E","A, B and E/A, B और E","C, D and E/C, D और E",Folklores are important resource for teaching Environmental Studies. Which of the following statements provide suitable explanation of this fact ?,"A, B and C/A, B और C","B, C and E/B, C और E","A, B and E/A, B और E","C, D and E/C, D और E",2,CTET 2022-12 Q77,1,2022-12
ctet1,evs,CTET विगत वर्ष,2,,78,,,,प्राथमिक स्तर पर पर्यावरण अध्ययन के शिक्षण- अधिगम में सामूहिक क्रियाकलाप :,असमान शिक्षार्थियों को सीखने की प्रक्रिया में सम्मिलित करने के लिए सहायक होते हैं।,शिक्षक को सरलता से छात्रों का मूल्यांकन करने देते हैं।,सभी छात्रों में प्रतिस्पर्धा को प्रोत्साहित करते हैं,विस्तृत प्रकार के प्रत्ययों एवं कौशलों को सम्मिलित करने में सहायक होते हैं।,Group activities in teaching - learning of EVS at primary level,helps to include diverse learners in the process of learning,allows a teacher to assess students easily,encourages competition among all students,helps in covering wide range of concepts and skills,0,CTET 2022-12 Q78,1,2022-12
ctet1,evs,CTET विगत वर्ष,2,,79,,,,रचनात्मक मूल्यांकन के प्राथमिक उपकरणों/साधनों में हैं :,वार्षिक अथवा अर्द्धवार्षिक परीक्षाएँ,सामूहिक परियोजनाओं/ नियत कार्यों पर कार्य करना।,छात्रों के प्रदर्शन के बारे में अंतिम निर्णय लेना,पास अथवा फेल होने वाले छात्रों की संख्या के आधार पर छात्रों की सफलता का निर्धारण करना।,The primary tools for formative assessment include :,Annual or semester examinations,Working on group projects/assignments,Final judgement about students' performance,Determining students' success based on the number of passing or failing students,1,CTET 2022-12 Q79,1,2022-12
ctet1,evs,CTET विगत वर्ष,2,,80,,,,"कक्षा 5 का विद्यार्थी, अनिल अपने शिक्षक कृष्णन से पूछता है कि ऐसा क्यों है कि पत्थर पानी में डूब जाता है लेकिन कागज नहीं। कृष्णन को क्या करना चाहिए?",ठोस की अवधारणा के बारे में समझाइए।,पत्थर भारी है और कागज हल्का इसकी व्याख्या करें।,अनिल से कहे कि यह पता लगाए कि कौन-सी दूसरी चीजें पानी में डूब जाती हैं और यह कहे कि चीज़ें पानी में क्यों डूब जाती हैं आप अपनी अन्य बड़ी कक्षाओं में पढ़ेंगे।,अनिल से कहे कि पत्थर और कागज की तुलना करें और उत्तर ढूँढें।,"Anil, student of class 5, asks his teacher Krishnan why it is so that stone sinks in water but paper does not. What should Krishnan do?",Explain the concept of solid,Explain that stone is heavy and paper is light,Ask Anil to explore which other objects sink in water and tell him that you will learn in your higher classes why things sink in water,Ask Anil to compare stone and paper and find the answer,2,CTET 2022-12 Q80,1,2022-12
ctet1,evs,CTET विगत वर्ष,2,,81,,,,जल’ के विषय पर एक इकाई पढ़ाते समय एक कक्षा IV की पर्यावरण अध्ययन की शिक्षिका बच्चों को स्वच्छ एवं सुरक्षित पेय जल की उपलब्धता पर उनके पड़ोस के सर्वेक्षण के लिए भेजने की योजना बनाती है। शिक्षिका प्रयास करती है।,विभिन्न क्षेत्रों में जल सुविधाओं के बारे में रिपोर्ट तैयार करने की,सामाजिक पहलुओं को पर्यावरणीय कारकों के साथ एकीकृत करने की,छात्रों की सहायता करने की जिससे वे अपने पड़ोस की जल संबंध समस्याओं के बारे में सीखें,अध्याय को पढ़ाने के अपने स्वयं के बोझ को कम करने का,While teaching a unit on 'Water' an EVS teacher of grade 4 plans to send children to survey their neighbourhood about availability of clean and safe drinking water. The teacher is trying to : ‘,Make a report about water facilities in different areas,Integrate social aspects with environmental factors,Help students learn about water problems in their neighbourhood,Lesson her/his burden for teaching the chapter,1,CTET 2022-12 Q81,1,2022-12
ctet1,evs,CTET विगत वर्ष,2,,82,,,,"तानी ने एक कहानी पढ़ी जिसमें एक लोमड़ी आलूबुखारा खाना चाहती है, पर वो एक ऊँचे पेड़ पर लगे आलूबुखारा तक नहंी पहुँच पाती है। लोमड़ी यह कहते हुए चली जाती है कि आलूबुखारा खट्टा है। तानी ने पहले कभी आलूबुखारे का फल नहंी देखा लेकिन कहानी पढ़ने के बाद वह यह जानती है कि आलूबुखारा एक फल है। यह घटना निम्नलिखित में से किस अधिगम सिद्धान्त की पुष्टि करती है?",बच्चे इन्द्रियगत अनुभवों से सीखते हैं।,बच्चे संदर्भ से सीखते हैं।,बच्चे अनुमान लगाकर सीखते हैं।,बच्चे ज्ञान की संरचना से सीखते हैं।,Tani read a story in which a fox wants to eat plum but could not reach a plum on a tall tree. Fox goes away saying that the plum is sour. Tani had never seen a plum fruit but after reading the story she known that is a fruit. The incidence confirms which of the following learning principes ?,Children learn from sensory experiences,Children learn from context,Children learn from prediction,Children learn from structuring knowledge,1,CTET 2022-12 Q82,1,2022-12
ctet1,evs,CTET विगत वर्ष,2,,83,,,,में ‘कर के सीखने’ के प्रत्यय का अर्थ है :,कक्षा में बहुत सी शिक्षण सामग्रियों/साधनों का उपयोग,पढ़ाते समय बहुत से प्रश्नों को शामिल करना,विभिन्न प्रकार के व्याख्यानाों तथा स्पष्टीकरणों का प्रयोग,भूमिका निभाना तथा परियोजना कार्य सम्मिलित करना,The concept of 'Learning by doing' in EVS means : EVS,using lots of teaching aids in class,including lots of questions while teaching,using different types of lectures and explanations,including role play and project work,3,CTET 2022-12 Q83,1,2022-12
ctet1,evs,CTET विगत वर्ष,2,,84,,,,"मनोरमा अपने विद्यार्थियों से पूछती हैं कि उनके आस पास रहने वाले जीवों में कितने पैर है ? एक पर्यावरण अध्ययन अध्यापक के रूप में, इस गतिविधि के पीछे के सबसे उपयुक्त उद्देश्य कौन-से होने चाहिए? (A) To acquaint students about different body parts of animals/विद्यार्थियों को जानवरों के विभिन्न शरीर अंगों से अवगत कराना (B) To enable the students to appreciate the diversity of animal world/विद्यार्थियों में जंतु जगत की विभिन्नता के प्रति सराहना विकसित करना (C) To nurture the natural curiosity of the students विद्यार्थियों की स्वाभाविक जिज्ञासा को पोषित करना (D) To provide students an opportunity of observation and exploration/विद्यार्थियों को अवलोकन एवं खोज के अवसर प्रदान करना","B, C and D/B, C और D","A, C and D/A, C और D",C and D only/केवल C और D,B and D only/केवल B और D,"Manorama asks her students how many legs does the animals around them have ? As an EVS teacher, what should be the most appropriate objectives behind this activity ?","B, C and D/B, C और D","A, C and D/A, C और D",C and D only/केवल C और D,B and D only/केवल B और D,0,CTET 2022-12 Q84,1,2022-12
ctet1,evs,CTET विगत वर्ष,2,,85,,,,रोहन शिक्षक से शिकायत करता है कि सैम को एक कीड़े ने काट लिया है और वह उसे कुचल रहा है। शिक्षण शास्त्र के संबंध में शिक्षक का सबसे उपयुक्त व्यवहार क्या होना चाहिए?,सैम से बात करके उसे कीड़े को कुचलने से मना करेंगे।,"प्राथमिक उपचार करके, सैम को डॉक्टर के पास ले जाएँगे।",सैम से कहेंगे कि जीवों को मारना क्रूरता है और उसे दंड देंगे।,"सैम से पूछेंगे कि अगर सभी कीड़ों को मार दिया जाए, तो क्या होगा।",Rohan complains to teacher that Sam has been bitten by an insect and is crushing that insect. In relation to pedagogy what should be the most appropriate behaviour of a teacher ?,Talk to Sam and forbid him from crushing the insect,Apply first aid and take Sam to the doctor,Tell Sam that killing animals is cruelty and punish him,Ash Sam what will happen if all insects are killed,3,CTET 2022-12 Q85,1,2022-12
ctet1,evs,CTET विगत वर्ष,2,,86,,,,प्राथमिक स्तर पर EVS पढ़ाने की समस्या-समाधान विधि में .......... वांछनीय है।,बच्चों की पढ़ने एवं लिखने के कौशलों को विकसित करने के लिए,चार्ट एवं चित्रों के महत्व को उजागर करने के लिए,छात्रों को स्वतंत्र रूप से कार्य करने के लिए प्रोत्साहित करने के लिए,जटिल सामाजिक समस्याओं को उजागर करने के लिए,Problem-solving method to teach EVS at primary level should :,develop reading and writing skills of children,highlight the importance of charts and picures,encourage children to work independently,highlight difficult social problems,2,CTET 2022-12 Q86,1,2022-12
ctet1,evs,CTET विगत वर्ष,2,,87,,,,"प्राथमिक स्तर पर, एन.सी.ई.आर.टी. द्वारा अनुशंसित पर्यावरण अध्ययन पाठ्यचर्या है : A. Prescriptive/निर्देशात्मक B. Suggestive/सुझावात्मक C. Declarative/घोषणात्मक D. Explorative/अन्वेषणात्मक",A and D/A और D,B and C/B और C,B and D/B और D,A and C/A और C,"At primary level, the EVS curriculum recommended by NCERT is :",A and D/A और D,B and C/B और C,B and D/B और D,A and C/A और C,2,CTET 2022-12 Q87,1,2022-12
ctet1,evs,CTET विगत वर्ष,2,,88,,,,"जैसे-जैसे बच्चा कक्षा III से कक्षा V में जाता है, पर्यावरण अध्ययन पाठ्यचर्या बच्चे की दुनिया के बारे में समझ को निम्नलिखित क्रम में विस्तारित करती है :",देश → शहर → मोहल्ला → माता-पिता → स्वयं,देश → शहर → मोहल्ला → स्वयं → माता-पिता,स्वयं → माता-पिता → मोहल्ला → शहर → देश,माता-पिता → स्वयं → मोहल्ला → शहर → देश,"As the child moves from class III to class V, the EVS curriculum extends the child's understanding of the world in the following order :",Country → City → Colony → Parents → self,Country → City → Colony → Self → Parents,Self → Parents → Colony → City → Country,Parents → Self → Colony → City → Country,2,CTET 2022-12 Q88,1,2022-12
ctet1,evs,CTET विगत वर्ष,2,,89,,,,प्राथमिक कक्षा के छात्रों को ‘परिवार’ थीम पढ़ाते समय एक उचित क्रियाकलाप में शामिल हो सकता है:,बच्चों को प्राकृतिक पैदल सैर के लिए ले जाना,बच्चों से कहना कि वे अपने परिवार के सदस्यों की रुचियों के बारे में लिखें,परिवार में लड़कों एवं लड़कियों की संख्या की गिनती करना,उनसे अपने प्रिय अध्यापक के बारे में बात करने के लिए कहना,An appropriate activity while teaching the theme 'Family' to primary students can include:,Taking children for nature walk,Asking children to write about hobbies of their family members,Counting number of boys and girls in the family,Making them talk about their favourite teacher,1,CTET 2022-12 Q89,1,2022-12
ctet1,evs,CTET विगत वर्ष,2,,90,,,,"कक्षा तीसरी की अध्यापक अभिभावक मीटिंग में, सलमा कक्षा अध्यापक से अखिल की शिकायत करती है कि वह लंच नहीं करता है और अधिकतर भोजन को कचरा-पेटी में फेंक देता है। एक पर्यावरण अध्ययन के शिक्षक के रूप में, आप अपनी कक्षा के विद्यार्थियों के साथ क्या चर्चा करेंगे? (A) Children should appreciate the efforts of person cooking food/बच्चों को खाना बनाने वाले व्यक्ति के प्रयासों की सराहना करना चाहिए। (B) Children should talk openly with their parents about their food preferences./बच्चों को अपने माता-पिता से नि:संकोच अपने भोजन की प्राथमिकताओं (पसंद) के बारे में बात करनी चाहिए। (C) Children should finish their lunch since many children are starving and do not get food/बच्चों को अपना लंच करना चाहिए क्योंकि कई बच्चों को खाना नहीं मिल पा रहा है। (D) Children should finish their lunch since the farmer faces lot of hardships to grow food/बच्चों को अपना लंच खत्म करना चाहिए क्योंकि किसान को भोजन उगाने के लिए बहुत-सी कठिनाइयों का सामना करना पड़ता है।","A, B, C and D/A, B, C और D","B, C and D/B, C और D","A, C and D/A, C और D","A, B and D/A, B और D","In Parents Teachers' Meeting of class III, Salma complains to the class teacher that Akhil does not eat lunch and he mostly throws it in the dustbin. As an EVS teacher, what will you discuss in your class with students ?","A, B, C and D/A, B, C और D","B, C and D/B, C और D","A, C and D/A, C और D","A, B and D/A, B और D",2,CTET 2022-12 Q90,1,2022-12
ctet1,hindi,CTET विगत वर्ष,2,,91,,,,गुरु-शिष्य परंपरा में।,,,,,गुरु-शिष्य परंपरा में।,गुरू के साथ शिष्य का नाम पहले आता है।,शिष्य के साथ गुरू का नाम पहले आता है।,शिष्य और गुरु दोनों का नाम एक साथ आता है।,गुरू का नाम शिष्य के बाद आता है।,1,CTET 2022-12 Q91,1,2022-12
ctet1,hindi,CTET विगत वर्ष,2,,92,,,,‘‘गुरू अपने एक-एक शब्द से शिष्य में अवतरित होता है।’’ वाक्य से तात्पर्य है।,,,,,‘‘गुरू अपने एक-एक शब्द से शिष्य में अवतरित होता है।’’ वाक्य से तात्पर्य है।,गुरू शब्दों द्वारा शिष्य को पढ़ाता है।,गुरू अपने शिष्य का अवतार लेते हैं।,गुरू की शिक्षा शिष्य में प्रतिबिंबित होती है।,गुरू अपने शिष्य से प्रेम करता है।,2,CTET 2022-12 Q92,1,2022-12
ctet1,hindi,CTET विगत वर्ष,2,,93,,,,‘‘शिष्य गुरु की आराधना और उपासना करते -करते गुरुमय हो जाता है।’’ का आशय है।,,,,,‘‘शिष्य गुरु की आराधना और उपासना करते -करते गुरुमय हो जाता है।’’ का आशय है।,शिष्य के व्यक्तित्व में गुरू का प्रतिबिंब दिखाई देता है।,शिष्य के व्यक्तित्व पर गुरु का थोड़ा-थोड़ा प्रभाव दिखने लगता है।,शिष्य गुरू की शिक्षाओं को आत्मसात करके उसी राह पर चलता है।,शिष्य स्वयं गुरु बन जाता है।,2,CTET 2022-12 Q93,1,2022-12
ctet1,hindi,CTET विगत वर्ष,2,,94,,,,किस प्रकार के शिष्य पर गुरू का प्रभाव अधिक दिखाई देता है?,,,,,किस प्रकार के शिष्य पर गुरू का प्रभाव अधिक दिखाई देता है?,पूर्णत: समर्पित,बुद्धिमान,विद्वान,परिश्रमी,0,CTET 2022-12 Q94,1,2022-12
ctet1,hindi,CTET विगत वर्ष,2,,95,,,,ईश्वर अवतरित होने से पहले किसकी खोज करते हैं?,,,,,ईश्वर अवतरित होने से पहले किसकी खोज करते हैं?,सुयोग्य शिष्य,सुयोग्य भाई,सुयोग्य मित्र,सुयोग्य माता-पिता,3,CTET 2022-12 Q95,1,2022-12
ctet1,hindi,CTET विगत वर्ष,2,,96,,,,गद्यांश के अनुसार गुरू में अपने शिष्य के प्रति ........ का भाव होता है।,,,,,गद्यांश के अनुसार गुरू में अपने शिष्य के प्रति ........ का भाव होता है।,गुरुत्व,स्त्रीत्व,ममत्व,पुरुषत्व,2,CTET 2022-12 Q96,1,2022-12
ctet1,hindi,CTET विगत वर्ष,2,,97,,,,‘सदगुरु’ का संधि-विच्छेद है।,,,,,‘सदगुरु’ का संधि-विच्छेद है।,सत् + गुरु,सद् + गुरु,सत + गुरु,सु + गुरु,0,CTET 2022-12 Q97,1,2022-12
ctet1,hindi,CTET विगत वर्ष,2,,98,,,,‘समर्पित’ में प्रत्यय है–,,,,,‘समर्पित’ में प्रत्यय है–,र्पित,त,इत,पित,2,CTET 2022-12 Q98,1,2022-12
ctet1,hindi,CTET विगत वर्ष,2,,99,,,,‘समय’ का पर्यायवाची शब्द नहीं है।,,,,,‘समय’ का पर्यायवाची शब्द नहीं है।,बेला,काल,घड़ियाँ,घड़ी,2,CTET 2022-12 Q99,1,2022-12
ctet1,hindi,CTET विगत वर्ष,2,,100,,,,लेखक ने दुष्कर्म किसे कहा है?,,,,,लेखक ने दुष्कर्म किसे कहा है?,दुनिया को भूलना,पेड़ों को काटना,जहर बेचना,मनुष्यों को बाँटना,1,CTET 2022-12 Q100,1,2022-12
ctet1,hindi,CTET विगत वर्ष,2,,101,,,,पेड़ों को कटने पर चिड़ियों को क्यों रोना पड़ेगा?,,,,,पेड़ों को कटने पर चिड़ियों को क्यों रोना पड़ेगा?,चिड़ियाँ पेड़ों को बहुत प्यार करती हैं,चिड़ियाँ पेड़ों को बहुत समय से जानती हैं,पेड़ों के कटने पर चिड़ियाँ घोंसला नहीं बना पाएँगी,पेड़ों के कटने पर चिड़ियाँ बच्चों को नहीं झुला पाएँगी,2,CTET 2022-12 Q101,1,2022-12
ctet1,hindi,CTET विगत वर्ष,2,,102,,,,कविता में ‘सहन’ से क्या आशय है?,,,,,कविता में ‘सहन’ से क्या आशय है?,झेलना,पिंजरा,डाल,आँगन,3,CTET 2022-12 Q102,1,2022-12
ctet1,hindi,CTET विगत वर्ष,2,,103,,,,लेखक ने कविता में .......... की विनती की है।,,,,,लेखक ने कविता में .......... की विनती की है।,खूब सारे बच्चे पैदा करने,धरती को हरा-भरा रखने,सभ्यता को शिक्षित करने,एकता के साथ रहने,1,CTET 2022-12 Q103,1,2022-12
ctet1,hindi,CTET विगत वर्ष,2,,104,,,,कविता में ‘चौपाए’ से आशय है–,,,,,कविता में ‘चौपाए’ से आशय है–,चारपाई,चपरासी,चौकीदार,जानवर,3,CTET 2022-12 Q104,1,2022-12
ctet1,hindi,CTET विगत वर्ष,2,,105,,,,‘पेड़’ का पर्यायवाची शब्द नहंी है–,,,,,‘पेड़’ का पर्यायवाची शब्द नहंी है–,पर्ण,तरु,वृक्ष,पादप,0,CTET 2022-12 Q105,1,2022-12
ctet1,hindi,CTET विगत वर्ष,2,,106,,,,"अनुच्छेद लेखन के दौरान व्याकरण, विरामचिन्ह - विधान और वर्तनी की जाँच करना लेखन प्रक्रिया का कौन-सा चरण है?",,,,,"अनुच्छेद लेखन के दौरान व्याकरण, विरामचिन्ह - विधान और वर्तनी की जाँच करना लेखन प्रक्रिया का कौन-सा चरण है?",संपादन,प्रारूपण,विचारमंथन,प्रतिपुष्टि,0,CTET 2022-12 Q106,1,2022-12
ctet1,hindi,CTET विगत वर्ष,2,,107,,,,एक विद्यालय निरीक्षक ने विद्यालय का दौरा किया और कक्षा एक के उन विभिन्न अनुभागों का अवलोकन किया जहाँ भाषा का अध्यापन किया जा रहा था। आप किस अध्यापक को भाषा अध्यापन के लिए सर्वाधिक रूप से उपयुक्त और आदर्श मानते हैं?,,,,,एक विद्यालय निरीक्षक ने विद्यालय का दौरा किया और कक्षा एक के उन विभिन्न अनुभागों का अवलोकन किया जहाँ भाषा का अध्यापन किया जा रहा था। आप किस अध्यापक को भाषा अध्यापन के लिए सर्वाधिक रूप से उपयुक्त और आदर्श मानते हैं?,एक अध्यापक श्यामपट्ट पर वर्णमाला के अक्षर लिख रही थी।,दूसरी अध्यापक शिशुगीत गा रही थी फिर कहानी सुना रही थी,तीसरी अध्यापक उदाहरण देकर व्याकरण पढ़ा रही थी।,चौथी अध्यापक शब्दों की वर्तनी पढ़ाकर फिर श्रुतलेख करवा रही थी।,1,CTET 2022-12 Q107,1,2022-12
ctet1,hindi,CTET विगत वर्ष,2,,108,,,,निम्नलिखित में से कौन-सा ‘निपुन भारत’ के अनुसार बुनियादी साक्षरता व गणित बोध का विकासात्मक उद्देश्य है?,,,,,निम्नलिखित में से कौन-सा ‘निपुन भारत’ के अनुसार बुनियादी साक्षरता व गणित बोध का विकासात्मक उद्देश्य है?,बच्चे प्रभावशाली पाठक बनें।,बच्चे प्रभावशाली सम्प्रेषक बने।,बच्चे प्रभावशाली लेखक बनें।,बच्चे ध्यान से सुनने वाले श्रोता बने।,1,CTET 2022-12 Q108,1,2022-12
ctet1,hindi,CTET विगत वर्ष,2,,109,,,,राष्ट्रीय शिक्षा नीति 2020 बहुत पुरजोर तरीके से तीन माह की स्कूली तैयारी के माड्यूल की अनुशंसा करती है जिससे कि बच्चे ......... स्तर में पढ़ने के लिए तैयार हो सकें।,,,,,राष्ट्रीय शिक्षा नीति 2020 बहुत पुरजोर तरीके से तीन माह की स्कूली तैयारी के माड्यूल की अनुशंसा करती है जिससे कि बच्चे ......... स्तर में पढ़ने के लिए तैयार हो सकें।,पूर्व विद्यालय,बाल वाटिका,ग्रेड-१,ग्रेड-२,2,CTET 2022-12 Q109,1,2022-12
ctet1,hindi,CTET विगत वर्ष,2,,110,,,,अभिकथन (A) : बनाने की योग्यता है। कारण (R) : भाषायी निपुणता सुविधा और प्रवाह के साथ भाषा के इस्तेमाल करने की योग्यता है।,,,,,अभिकथन (A) : बनाने की योग्यता है। कारण (R) : भाषायी निपुणता सुविधा और प्रवाह के साथ भाषा के इस्तेमाल करने की योग्यता है।,"(A) और (R) दोनों सत्य हैं और (R), (A) की सही व्याख्या है।","(A) और (R) दोनों सत्य हैं, लेकिन (R), (A) की सही व्याख्या नहीं है।","(A) सत्य है, लेकिन (R) असत्य है।","(A) असत्य है, लेकिन (R) सत्य है।",3,CTET 2022-12 Q110,1,2022-12
ctet1,hindi,CTET विगत वर्ष,2,,111,,,,निम्नलिखित में से कौन-सा पाठ्यपुस्तक के बारे में सही नहीं है ?,,,,,निम्नलिखित में से कौन-सा पाठ्यपुस्तक के बारे में सही नहीं है ?,यह पाठ्यक्रम लागू करने का मुख्य क्रियान्वयन उपकरण है।,यह साहित्य की विभिन्न विधाएँ प्रस्तुत करता है।,यह पाठ्यक्रम के उद्देश्य प्राप्त करने में मदद करती है।,यह शैक्षिक गतिविधियों की योजना है।,3,CTET 2022-12 Q111,1,2022-12
ctet1,hindi,CTET विगत वर्ष,2,,112,,,,एक अध्यापक का यह मत है कि अभिभावक महत्वपूर्ण भागीदार है और उन्हें नियमित रूप से संलग्न करना व सम्प्रेषित करते रहना चाहिए। यह किस प्रकार से हो सकता है ?,,,,,एक अध्यापक का यह मत है कि अभिभावक महत्वपूर्ण भागीदार है और उन्हें नियमित रूप से संलग्न करना व सम्प्रेषित करते रहना चाहिए। यह किस प्रकार से हो सकता है ?,अभिभावकों को यह सूचित करके कि उनके बच्चे अच्छा प्रदर्शन नहीं कर रहे हैं।,नियमित आधार पर अभिभावकों के साथ बच्चों के पोर्टफोलियो पर चर्चा करके।,अभिभावकों को अकादमिक के स्थान पर सह अकादमिक क्षेत्रों में आमंत्रित करके।,अभिभावकों को अधिगम संबंधी सिद्धान्त पढ़ाकर।,1,CTET 2022-12 Q112,1,2022-12
ctet1,hindi,CTET विगत वर्ष,2,,113,,,,तीन से नौ वर्ष वाले आयु समूह के लिए राष्ट्रीय शिक्षा नीति 2020 ने किस शिक्षणशास्त्रीय उपागम पर अधिक बल और ध्यान केन्द्रित किया है?,,,,,तीन से नौ वर्ष वाले आयु समूह के लिए राष्ट्रीय शिक्षा नीति 2020 ने किस शिक्षणशास्त्रीय उपागम पर अधिक बल और ध्यान केन्द्रित किया है?,घटना आधारित शिक्षणशास्त्र,भिन्न-भिन्न पाठ्यचर्यक विषयों में आवाजाही संबंधी उपागम,खिलौना आधारित शिक्षणशास्त्र,विशिष्ट निर्देशात्मक अभ्यास शिक्षणशास्त्र,2,CTET 2022-12 Q113,1,2022-12
ctet1,hindi,CTET विगत वर्ष,2,,114,,,,"आमतौर पर पूर्व विद्यालयी अध्यापक अपनी कक्षा में शुरूआती दौर में अपने शिक्षार्थियों को चित्रात्मक पुस्तकें देते हैं, बजाय कि वर्णमाला पढ़ाने के। चित्रात्मक पुस्तकें देने का उद्देश्य है–",,,,,"आमतौर पर पूर्व विद्यालयी अध्यापक अपनी कक्षा में शुरूआती दौर में अपने शिक्षार्थियों को चित्रात्मक पुस्तकें देते हैं, बजाय कि वर्णमाला पढ़ाने के। चित्रात्मक पुस्तकें देने का उद्देश्य है–",अपनी व्यस्तता के समय शिक्षार्थियों को व्यस्त रखना और विभिन्न रंगों का परिचय देना।,बच्चे भविष्य में इस तरह के चित्र बना सकें।,बच्चों को पठन से परिचित करवाना और उनके भाषा विकास की शुरूआत करना।,उनके उन बुनियादी कौशलों का आकलन करना जो विद्यालय में प्रवेश के समय उनके पास थे।,2,CTET 2022-12 Q114,1,2022-12
ctet1,hindi,CTET विगत वर्ष,2,,115,,,,निम्नलिखित में से कौन-सी कक्षायी प्रक्रियाएँ बुनियादी उम्र के बच्चों के लिए विकासात्मक रूप से उपयुक्त है?,,,,,निम्नलिखित में से कौन-सी कक्षायी प्रक्रियाएँ बुनियादी उम्र के बच्चों के लिए विकासात्मक रूप से उपयुक्त है?,प्रतिदिन पाँच कठिन शब्दों से परिचत करवाना,प्रत्येक दिन की शुरूआत आधे घण्टे के घेरा टाइम (सर्कल टाइम) से करना,धीरे-धीरे नयी अवधारणाओं का परिचय देना,रूटीन में नियमित रूप से बदलाव लाना,2,CTET 2022-12 Q115,1,2022-12
ctet1,hindi,CTET विगत वर्ष,2,,116,,,,"अभिकथन (A) : प्राथमिक स्तर की शिक्षा में ‘समूची पाठ्यचर्या में भाषा’ दृष्टिकोण महत्त्वपूर्ण है। कारण (R) : भाषा विभिन्न अर्थ-निर्माण संबंधी संदर्भों से बेहतर तरीके से अर्जित की जाती है, इसलिए हर प्रकार का शिक्षण एक प्रकार से भाषा शिक्षण है। निम्नलिखित कोड में से सही उत्तर का चयन कीजिए :",,,,,"अभिकथन (A) : प्राथमिक स्तर की शिक्षा में ‘समूची पाठ्यचर्या में भाषा’ दृष्टिकोण महत्त्वपूर्ण है। कारण (R) : भाषा विभिन्न अर्थ-निर्माण संबंधी संदर्भों से बेहतर तरीके से अर्जित की जाती है, इसलिए हर प्रकार का शिक्षण एक प्रकार से भाषा शिक्षण है। निम्नलिखित कोड में से सही उत्तर का चयन कीजिए :","(A) और (R) दोनों सत्य हैं, और (R), (A) की सही व्याख्या है।","(A) और (R) दोनों सत्य हैं, लेकिन (R), (A) की सही व्याख्या नहीं है।",(A) सत्य है लेकिन (R) असत्य है।,(A) असत्य है लेकिन (R) सत्य है।,0,CTET 2022-12 Q116,1,2022-12
ctet1,hindi,CTET विगत वर्ष,2,,117,,,,एक बालक के घर की भाषा और विद्यालय में निर्देश की भाषा एक ही है। यह अध्यापक के लिए एक बहुत बड़ा संसाधन है क्योंकि –,,,,,एक बालक के घर की भाषा और विद्यालय में निर्देश की भाषा एक ही है। यह अध्यापक के लिए एक बहुत बड़ा संसाधन है क्योंकि –,इससे वह बहुभाषिक बनेगा।,वह बच्चों में सामाजिक भाषा का विकास कर सकती है।,वह बच्चों के साथ उस भाषा विशेष में चिन्तन और तर्क की उच्च स्तरीय संज्ञानात्मक गतिविधियों का आयोजन कर सकती है।,बच्चे के लिए पठन और लेखन का अध्यापन अभिभावकों द्वारा किया जा सकता है।,2,CTET 2022-12 Q117,1,2022-12
ctet1,hindi,CTET विगत वर्ष,2,,118,,,,"भाषा की अध्यापक अपनी डायरी में कुछ टिप्पणियाँ लिख रही हैं, ये टिप्पणियाँ सटीक रूप से यह वर्णित करती हैं कि विद्यार्थी कक्षा के बाद क्या कर पाएँगे। यह टिप्पणियाँ क्या है?",,,,,"भाषा की अध्यापक अपनी डायरी में कुछ टिप्पणियाँ लिख रही हैं, ये टिप्पणियाँ सटीक रूप से यह वर्णित करती हैं कि विद्यार्थी कक्षा के बाद क्या कर पाएँगे। यह टिप्पणियाँ क्या है?",सीखने के प्रतिफल,भाषायी दक्षता,भाषा शिक्षा के उद्देश्य,सीखने के स्तर,0,CTET 2022-12 Q118,1,2022-12
ctet1,hindi,CTET विगत वर्ष,2,,119,,,,बहुभाषावाद ऐसी युक्ति है जिसका अर्थ है–,,,,,बहुभाषावाद ऐसी युक्ति है जिसका अर्थ है–,विद्यालय में बहुत-सी भाषाओं का अध्यापन।,सभी शिक्षार्थियों को मातृभाषा का शिक्षण-अधिगम।,शिक्षार्थियों की भाषाओं का इस्तेमाल करना।,शिक्षार्थियों को विदेशी भाषाएँ सीखने के लिए सहायता प्रदान करना।,2,CTET 2022-12 Q119,1,2022-12
ctet1,hindi,CTET विगत वर्ष,2,,120,,,,"एक बालिका विद्यालय आते-जाते साइनबोर्ड, प्लेकार्ड, लेबल, रैपर्स आदि देखती है और इस तरह से मुद्रित सामग्री के कई प्रकारों से अन्त: क्रिया करती है। उसका इस प्रकार से अवलोकन व अन्त: क्रिया करना अध्यापक को कौन-से कौशल पोषित करने में मददगार है?",,,,,"एक बालिका विद्यालय आते-जाते साइनबोर्ड, प्लेकार्ड, लेबल, रैपर्स आदि देखती है और इस तरह से मुद्रित सामग्री के कई प्रकारों से अन्त: क्रिया करती है। उसका इस प्रकार से अवलोकन व अन्त: क्रिया करना अध्यापक को कौन-से कौशल पोषित करने में मददगार है?",चित्रकारी,पठन,श्रवण,पेन्टिंग,1,CTET 2022-12 Q120,1,2022-12
ctet1,cdp,CTET विगत वर्ष,2,,1,,,,"लेव वायगोत्स्की के अनुसार, ______ बच्चों के संकल्पनात्मक योग्यताओं के विकास में महत्त्वपूर्ण भूमिका निभाता है।",मानकीकृत पाठ्यक्रम,मूर्त पुरस्कार,सहकर्मी सहयोग,सामाजिक अलगाव,"As per Lev Vygotsky, ______ plays a significant role in the development of conceptual abilities among children.",Standardized curriculum,Tangible rewards,Peer collaboration,Social isolation,2,CTET 2023-08 Q1,1,2023-08
ctet1,cdp,CTET विगत वर्ष,2,,2,,,,"चार वर्ष की अपर्णा कहती है कि एक बटन जिंदा है क्योंकि यह उसकी शर्ट को एक साथ बाँधने में मदद करता है। जीन पियाज़े के अनुसार, उसकी सोच की विशेषता है :",परिकल्पित-निगमनात्मक चिंतन,पारगमनात्मक तर्क,जीववादी चिंतन,Centration/केंद्रीयन,"Four-year-old Aparna says that a button is alive because it helps tie her shirt together. According to Jean, her thinking is characterized by :",Hypothetical-deductive thinking,Transductive reasoning,Animistic thinking,Centration/केंद्रीयन,2,CTET 2023-08 Q2,1,2023-08
ctet1,cdp,CTET विगत वर्ष,2,,3,,,,"लेव वायगोत्स्की के सिद्धांत के अनुसार, आंतरिक वाक्:",बच्चों के लिए अपनी सोंच को नियंत्रित करने का एक तरीका है।,बच्चों के लिए एक काल्पनिक दोस्त के साथ संप्रेषण करने का एक तरीका है।,संज्ञानात्मक अपरिपक्वता का प्रतीक है।,विकासात्मक देरी का संकेत है।,"According to Lev Vygotsky's theory, inner speech :",is a way for children to regulate their own thinking,is a way for children to communicate with an imaginary friend,is a sign of cognitive immaturity,is a sign of developmental delay,0,CTET 2023-08 Q3,1,2023-08
ctet1,cdp,CTET विगत वर्ष,2,,4,,,,"हावर्ड गार्डनर के अनुसार, एक दर्शनशास्त्री के पास ______ प्रकार की बुद्धि और मूर्तिकार के पास ______ प्रकार की बुद्धि की मात्रा अधिक होती है।",अंतर्वैयक्तिक; भाषिक,भाषिक; अंतर्वैयक्तिक,दिक्स्थान: अंत:व्यक्ति,अंत:व्यक्ति; दिक्स्थान,"According to Howard Gardner, a philosopher has ______ type of intelligence and a sculptor has more ______ type of intelligence.",interpersonal; linguistic,linguistic; interpersonal,Spatial; intrapersonal,intrapersonal; spatial,3,CTET 2023-08 Q4,1,2023-08
ctet1,cdp,CTET विगत वर्ष,2,,5,,,,निम्नलिखित में से कौन-सा विफलता के लिए आंतरिक आरोपण का एक उदाहरण है?,मैं परीक्षा में फेल हो गया क्योंकि मेके दोस्त मेरा ध्यान भटका रहे थे।,"मुझे निम्न ग्रेड प्राप्त हुआ क्योंकि शिक्षक कठोर तरीके से आँकते हैं। (परीक्षा तिथि : 20 अगस्त, 2023)",मैं परीक्षा में फेल हो गया क्योंकि मैंने पर्याप्त पढ़ाई नहीं की।,शिक्षक के पक्षपाती होने के कारण मुझे अच्छे अंक नहीं मिले।,Which of the following is an example of an internal attribution for failure?,I failed the test because my friends were distracting me,I received a low grade because the teacher is a tough grader,I failed the test because I didn't study enough,I didn't get good marks because the teacher was biased,2,CTET 2023-08 Q5,1,2023-08
ctet1,cdp,CTET विगत वर्ष,2,,6,,,,निम्नलिखित में से कौन-सा एक ऐसे प्रश्न का उदाहरण है जिसमें विद्यार्थियों को अपनी सोच पर विचार करने की आवश्यकता होती है?,कक्षा की शुरुआत से क्रियाओं के उपयोग के बारे में आपकी समझ कैसे बदली है?,वाक्य में संज्ञा और क्रिया के बीच क्या संबंध है?,क्रिया की परिभाषा क्या है?,आप क्रिया को वर्तमान काल में कैसे बदल सकते हैं?,Which of the following is a example of a question that requires students to reflect on their own thinking?,How has your thinking about the use of verbs changed since the beginning of the class?,What is the relationship between nouns and verbs in a sentence?,What is the definition of a verb?,How do you change a verb to the present tense?,0,CTET 2023-08 Q6,1,2023-08
ctet1,cdp,CTET विगत वर्ष,2,,7,,,,"निम्नलिखित कथनों को पढ़िए तथा सही विकल्प का चयन कीजिए : अभिकथन (A) : बहुत कम उम्र में, दुनिया भर में अधिकांश संस्कृतियों में लड़कियाँ गुड़िया को खिलौने के रूप में चुनती हैं, जबकि लड़के कारों के साथ खेलना पसंद करते हैं। कारण (R) : बच्चे किसी विशेष संस्कृति की अपेक्षाओं के आधार एक लड़के बारे में जानकारी व्यवस्थित करते हैं और उसके अनुसार व्यवहार करते हैं।","सही है, परन्तु (R) गलत है।",और (R) दोनों गलत हैं।,"और (R) दोनों सही हैं तथा (R), (A) सही व्याख्या है।","और (R) दोनों सही हैं, परन्तु (R), (A) की सही व्याख्या नहीं है।","Read the following statements and choose the correct option: Assertion (A) : At a very early age, girls in most cultures across the world choose the dolls as toys while boys prefer to play with cars. Reason (R) : Children organize information about what is considered appropriate for a boy or a girl on the basis of what a particular culture expects and behave accordingly.","(A) is true, but (R) is false (A)",Both (A) and (R) are false (A),Both (A) and (R) are true and (R) is the correct explanation of (A)/(A),"Both (A) and (R) are true, but (R) is not the correct explanation of (A)/(A)",2,CTET 2023-08 Q7,1,2023-08
ctet1,cdp,CTET विगत वर्ष,2,,8,,,,"निम्नलिखित कथनों को पढ़िए तथा सही विकल्प का चयन कीजिए : अभिकथन (A) : शिक्षकों और साथियों जैसे अधिक जानकार अन्य लोगों के साथ बातचीत, शिक्षार्थियों को उनकी समझ और कौशल विकसित करने में मदद करने के लिए आवश्यक समर्थन और मार्गदर्शन प्रदान कर सकती है। कारण (R) : सामाजिक संपर्क सीखने और विकास का एक प्रमुख घटक है।","सही है, परन्तु (R) गलत है।",और (R) दोनों गलत है।,"और (R) दोनों सही हैं तथा (R), (A) की सही व्याख्या है।","और (R) दोनों सही हैं तथा (R), (A) की सही व्याख्या है।","Read the following statements and choose the correct option: Assertion (A) : Interaction with more knowledgeable others, such as teachers and peers, can provide the necessary support and guidance to help learners develop their understanding and skills. Reason (R) : Social interaction is a key component of learning and development.","(A) is the true, but (R) is false (A)",Both (A) and (R) are false (A),Both (A) and (R) are true and (R) is the correct explanation of (A)/(A),Both (A) and (R) are true and (R) is the correct explanation of (R)/(A),2,CTET 2023-08 Q8,1,2023-08
ctet1,cdp,CTET विगत वर्ष,2,,9,,,,लेव वायगोत्स्की के अनुसार:,"भाषा विकास, संज्ञानात्मक विकास को सुगम बनाता है।","सामाजिक कारक भाषा विकास को प्रभावित करते हैं, परंतु संज्ञानात्मक विकास को नहीं।","संज्ञानात्मक विकास, भाषा विकास को सुगम बनाता है।",भाषा विकास और संज्ञानात्मक विकास एक-दूसरे से स्वतंत्र रूप से विकसित होते हैं।,According to Lev vygotsky:,Language development facilitates cognitive development,"Social factors influence language development, but not cognitive development",Cognitive development facilitates language development,Language development and cognitive development advance independent from each other,0,CTET 2023-08 Q9,1,2023-08
ctet1,cdp,CTET विगत वर्ष,2,,10,,,,"लॉरेंस कोह्लबर्ग के नैतिक तर्क के किस स्तर पर, बच्चे आमतौर पर मानते हैं कि लोगों को समाज की अपेक्षाओं पर खरा उतराना चाहिए और ‘‘अच्छे’’ तरीकों से व्यवहार करना चाहिए?",पूर्व-संक्रियात्मक स्तर,उत्तर-संक्रियात्मक स्तर,पूर्व-पारंपरिक स्तर,पारंपरिक स्तर,"At which level of Lawrence Kohlberg's moral reasoning, do children typically believe that people should live up to the expectations of the society and behave in ""good"" ways?",Pre-Operational level,Post-operational level,Pre-conventional level,Conventional level,3,CTET 2023-08 Q10,1,2023-08
ctet1,cdp,CTET विगत वर्ष,2,,11,,,,बच्चों में समस्या-समाधान कौशल को बढ़ाने के लिए निम्नलिखित में से कौन-सा प्रभावी तरीका है?,उन्हें बुद्धि मंथन करने और सहज अनुमान लगाने के अवसर देना,स्वतंत्र चिंतन को हतोत्साहित करना और घोषणात्मक ज्ञान पर ध्यान केंद्रित करना,कठिन समस्याओं से बचने के लिए उन्हें प्रोत्साहित करना,उन्हें समस्याओं का तैयार समाधान उपलब्ध कराना,Which of the following is an effective method to enhance problem-solving skills in children?,Giving them opportunities to brainstorm and make intuitive guesses,Discouraging independent thinking and focusing on declarative knowledge,Encouraging them to avoid difficult problems,Encouraging them to avoid difficult problems,0,CTET 2023-08 Q11,1,2023-08
ctet1,cdp,CTET विगत वर्ष,2,,12,,,,अनुभवात्मक अधिगम किस पर बल देता है?,एक प्रक्रिया के बजाए अधिगम को एक उत्पाद के रूप में देखने पर,बच्चों के अधिगम पर शिक्षक के नियंत्रण पर,सीखने में पुनर्बलन की भूमिका पर,आलोचनात्मक प्रतिबिंबन के महत्व पर,Experiential learning stresses on:,Learning as a product rather than a process,Control of teacher on the learning of children,The role of reinforcement in learning,Importance of critical refection,3,CTET 2023-08 Q12,1,2023-08
ctet1,cdp,CTET विगत वर्ष,2,,13,,,,निम्नलिखित कथनों के पढ़िए तथा सही विकल्प का चयन कीजिए : अभिकथन (A) : शिक्षक को सार्थक वातावरण बनाना चाहिए जिसमें सभी बच्चों की सक्रिय भागीदारी और संलग्नता हो। कारण (R) : सभी बच्चें आंतरिक रूप से सीखने के लिए प्रेरित होते हैं और सीखने में सक्षम होते हैं।,और (R) दोनों गलत है।,और (R) दोनों गलत हैं।,"और (R) दोनों सही हैं तथा (R), (A) की सही व्याख्या है।","और (R) दोनों सही हैं, परन्तु (R), (A) की सही व्याख्या नहीं है।",Read the following statements and choose the correct option: Assertion (A) : Teachers should create a meaningful environment which seeks active participation and engagement of all children. Reason (R) : All children are intrinsically motivated to learn and are capable of learning.,"(A) is true, but (R) are false (A)",Both (A) and (R) are false (A),Both (A) and (R) are true and (R) is the correct explanation of (A)/(A),"Both (A) and (R) are true, but (R) is not the correct explanation of (A)/(A)",2,CTET 2023-08 Q13,1,2023-08
ctet1,cdp,CTET विगत वर्ष,2,,14,,,,निम्नलिखित मे से कौन-सी प्रक्रिया अधिगम के दौरान योगदान नहीं देती है?,Decontextualization/गैर-प्रासंगीकरण,Organinzation/संगठन,Categorization/वर्गीकरण,Conceptualization/वैचारिकता,Which of the following process does not contribute to the course of learning?,Decontextualization/गैर-प्रासंगीकरण,Organinzation/संगठन,Categorization/वर्गीकरण,Conceptualization/वैचारिकता,0,CTET 2023-08 Q14,1,2023-08
ctet1,cdp,CTET विगत वर्ष,2,,15,,,,निम्नलिखित में से कौन-सा स्थूल गतिक कौशल है?,एक कागज पर एक बड़े आयत को रूपरेखा के अनुसार काटना,Knitting/बुनाई,Swimming/तैरना,एक कागज पर वृत्त को रूपरेखा के अनुसार काटना,Which of the following is a gross motor skill?,Cutting along the outline of a big rectangle on a paper,Knitting/बुनाई,Swimming/तैरना,Cutting along the outline of a circle on a paper,2,CTET 2023-08 Q15,1,2023-08
ctet1,cdp,CTET विगत वर्ष,2,,16,,,,"भौतिक वृद्धि और विकास, विकास के ______ और ______ सिद्धांतों का पालन करते हैं।",विभेदीकरण (सरल से जटिल); एकीकरण (जटिल से सरल),एकीकरण (सरल से जटिल); विभेदीकरण (जटिल से सरल),शीर्षगामी (अवरोही); समीपस्थ (आंतरिक से बाहरी),समीपस्थ (अवरोही); शीर्षगामी (आंतरिक से बाहरी),Physical growth and development follow the _______ and ______ principles of development.,Differentiation (simple to complex); integration (complex to simple),Integration (simple to complex); differentiation (complex to simple),Cephalocaudal (top-down); proximodistal (inner to outer),Proximodistal (top-down); cephalocaudal (inner to outer),2,CTET 2023-08 Q16,1,2023-08
ctet1,cdp,CTET विगत वर्ष,2,,17,,,,"प्रारंभिक बाल्यावस्था में वृद्धि _______ और सोच _______ है, जबकि मध्य बाल्यावस्था में वृद्धि _______ और सोच _______ है।","धीमी, तार्किक; स्थिर है, आत्मकेंद्रित","धीमी, कुछ हद तक आत्मकेंद्रित; स्थिर है, तार्किक","स्थिर है, कुछ हद तक आत्मकेंद्रित; धीमी, तार्किक","स्थिर है, तार्किक; धीमा, आत्मकेंद्रित","In early childhood, growth _______ and thinking is _______, while in middle childhood, growth _______ and thinking is _______.","Slows, logical; is steady, egocentric","Slows, somewhat egocentric; is steady, logical","is steady, somewhat egocentric; slows; logical","Is steady, logical; slows, egocentric",2,CTET 2023-08 Q17,1,2023-08
ctet1,cdp,CTET विगत वर्ष,2,,18,,,,जीन पियाज़े के अनुसार पूर्व-संक्रियात्मक चिंतन की मुख्य विशेषताओं में से एक _______ है जो किसी स्थिति के एक पहलू पर ध्यान केंद्रित करने और दूसरों की उपेक्षा करने की प्रवृति को संदर्भित करता है।,Transduction/पारगमन,Causation कारण-परिणाम का विश्लेषण (कारण कार्य संबंध),Centration/केंद्रीयन,Decentration/विकेंद्रीयन,One of the main characteristics of pre- operational thought according to Jeans Piaget is ______ which refers to the tendency to focus on one aspect of a situation and neglect others.,Transduction/पारगमन,Causation कारण-परिणाम का विश्लेषण (कारण कार्य संबंध),Centration/केंद्रीयन,Decentration/विकेंद्रीयन,2,CTET 2023-08 Q18,1,2023-08
ctet1,cdp,CTET विगत वर्ष,2,,19,,,,अधिगम के लिए आकलन’ का मुख्य लक्ष्य क्या है?,विद्यार्थी के प्रदर्शन की तुलना एक मानक या तय पैमाने से करना,उन विद्यार्थियों की पहचान करना जिन्हें ‘धीमें सीखने वालों’ के रूप में वर्गीकृत किया जा सकता है,विद्यार्थी के प्रदर्शन का मूल्यांकन करना और ग्रेड देना,विद्याथियों को प्रतिपुष्टि प्रदान करना जिसका उपयोग उनके अधिगम में सुधार के लिए किया जा सकता है।,What is the main goal of 'assessment for learning'? ‘,To compare student performance to a standard or benchmark,To identify students who can be categorised as 'slow learners',To evaluate student performance and assign grades,To provide feedback to students that can be used to improve their learning,3,CTET 2023-08 Q19,1,2023-08
ctet1,cdp,CTET विगत वर्ष,2,,20,,,,किस आयु में बच्चे शब्दों के खेल में शामिल हो सकते हैं और ऐसे चुटकुलों और पहेलियों को पसंद कर सकते हैं। जिनमें शब्दों का खेल शामिल हो?,Seven years/सात वर्ष,Twelve year/बारह वर्ष,One year/एक वर्ष,Three years/तीन वर्ष,At which age can children engage in word play and like jokes and riddles that involve a play on words?,Seven years/सात वर्ष,Twelve year/बारह वर्ष,One year/एक वर्ष,Three years/तीन वर्ष,0,CTET 2023-08 Q20,1,2023-08
ctet1,cdp,CTET विगत वर्ष,2,,21,,,,कैरल गिलिगन ने कोह्लबर्ग के नैतिक विकास के सिद्धांत की आलोचना की है :,केस अध्ययन को अनुसंधान पद्धति के रूप में उपयोग करने के लिए।,सामाजिक संज्ञानात्मक दृष्टिकोण से।,नारीवादी दृष्टिकोण से।,आनुवंशिक कारकों को पर्याप्त महत्व न देने पर।,Earol Gilligan has critiqued Kohlberg's theory of moral development :,For using case study as the research method,From a social cognitive perspective,From a feminist perspective,For not giving adequate importance to genetic factors,2,CTET 2023-08 Q21,1,2023-08
ctet1,cdp,CTET विगत वर्ष,2,,22,,,,"शैशवावस्था में समाजीकरण की _______ संस्थाएँ प्रमुख रूप से महत्त्वपूर्ण हैं, जबकि प्रारंभिक बाल्यावस्था में समाजीकरण की _______ संस्थाएँ भी महत्त्वूपर्ण हो जाती हैं।",माध्यमिक; तृतीयक,तृतीयक; माध्यमिक,प्राथमिक; माध्यमिक,माध्यमिक; प्राथमिक,"While ______ agencies of socialisation are predominantly important in infancy, _______ agencies of socialization also become important in early childhood.",Secondary; tertiary,Tertiary; secondary,Primary; secondary,Secondary; primary,2,CTET 2023-08 Q22,1,2023-08
ctet1,cdp,CTET विगत वर्ष,2,,23,,,,डिस्ग्राफिया:,एक मनोवैज्ञानिक विकार है जिसकी विशेषता ध्यान का अभाव और आवेगशील व्यवहार है।,एक भाषण विकार है जिसकी विशेषता हकलाना और उच्चारण में त्रुटियाँ करना है।,एक गतियुक्त विकार है जिसकी विशेषता स्थूल पेशीय बाधिता है।,एक तंत्रिकीय विकार है जिसकी विशेषता अक्षरों और आकारों को बनाने में कठिनाई है।,Dysgraphia is a :,Psychological disorder characterized by lack of attention and impulsive behaviour,Speech disorder characterized by stuttering and errors in articulation,Locomotor disorder characterized by gross motor impairment,Neurological disorder characterized by trouble in forming letters and shapes,3,CTET 2023-08 Q23,1,2023-08
ctet1,cdp,CTET विगत वर्ष,2,,24,,,,"प्रतिभावान बच्चों को शिक्षित करने का उपागम जो उन्हें असामान्य रूप से तीव्र गति से पाठ्यचर्या के माध्यम से आगे बढ़ाता है, क्या कहलाता है?",Immersion/विसर्जन,विभेदित निर्देशन,Enrichment/संवर्धन,Acceleration/त्वरण (गतिवर्द्धन),The approach to education gifted children which moves them through curriculum at an unusually rapid pace is known as:,Immersion/विसर्जन,Differentiated instruction,Enrichment/संवर्धन,Acceleration/त्वरण (गतिवर्द्धन),3,CTET 2023-08 Q24,1,2023-08
ctet1,cdp,CTET विगत वर्ष,2,,25,,,,निम्नलिखित में स्वलीनता वाले विद्यार्थियों की विशिष्ट विशेषता कौन-सी है?,संवाद कौशलों का उच्च स्तर,कल्पना को तथ्य से अलग करने की श्रेष्ठ क्षमता,उन्नत सामाजिक-भावनात्मक पारस्परिकता,बार-बार दोहराव ओर आवर्ती व्यवहार,Which of the following is a typical characteristic of students having autism?,Higher level of communication skills,Superior ability of differentiating fiction from fact,Advanced socio-emotional reciprocity,Frequent repetitive and recurring behaviour,3,CTET 2023-08 Q25,1,2023-08
ctet1,cdp,CTET विगत वर्ष,2,,26,,,,"शिक्षक जो समावेशी कक्षाओं की दिशा में काम कर रहे हैं, उन्हें चाहिए कि वे : (i) Create curriculum adaptations पाठ्यचर्या में अनुकूलन करें (ii) Incorporate diverse perspectives विविध दृष्टिकोणों को शामिल करें (iii) Examine their own implicit bias अपने स्वयं के अंतर्निहित पूर्वाग्रहों की जाँच करें (iv) See diversity as an obstacle विविधता को एक बाधा के रूप में देखें Which of the above are correct? उपर्युक्त में से कौन-से सही हैं?","(ii), (iii), (iv)","(i), (ii), (iii), (iv)","(i), (ii), (iii)","(i), (iii), (iv)",Teachers who are working towards inclusive classrooms :,"(ii), (iii), (iv)","(i), (ii), (iii), (iv)","(i), (ii), (iii)","(i), (iii), (iv)",2,CTET 2023-08 Q26,1,2023-08
ctet1,cdp,CTET विगत वर्ष,2,,27,,,,विद्यार्थियों की सीखने की शैलियों में विविधता:,को शिक्षण-अधिगम प्रक्रिया में बाधा और अवरोध के रूप में देखा जाना चाहिए।,को महत्व दिया जाना चाहिए और मानव विविधता के प्रतिबिंब के रूप में देखा जाना चाहिए।,की उपेक्षा की जानी चाहिए और सीखने की शैलियों में एकरूपा लाने का प्रयास किया जाना चाहिए।,को शिक्षण-अधिगम प्रक्रिया के दौरान ध्यान में नहीं रखा जाना चाहिए।,Variability in learning styles of students:,Should be seen as a barrier and hindrance to teaching-learning process,Should be valued and seen as a reflection of human diversity,Should be ignored and attempts should be made to bring uniformity in learning styles,Should not be taken into consideration during teaching-learning process,1,CTET 2023-08 Q27,1,2023-08
ctet1,cdp,CTET विगत वर्ष,2,,28,,,,"निम्नलिखित कथनों को पढ़िए तथा सही विकल्प का चयन कीजिए : अभिकथन (A) : शिक्षार्थियों के बीच समालोचनात्मक चिंतन को सुगम बनाने के लिए, शिक्षकों के उन्हें विविध परिस्थितियों और विभिन्न दृष्टिकोणों से अवगत कराना चाहिए। कारण (R) : जब विद्यार्थी विविध मतभेदों के बीच बातचीत में संलग्न होते हैं तो वे समालोचनात्मक और रचनात्मक रूप से सोचने की अपनी क्षमताओं को सीखते और समृद्ध करते हैं।","सही है, परन्तु (R) गलत है।","और (R) दोनों सही हैं तथा (R), (A) की सही व्याख्या है।","और (R) दोनों सही हैं, तथा (R), (A) की सही व्याख्या है।","और (R) दोनों सही हैं, परन्तु (R), (A) की सही वयाख्या नहीं है।","Read the following statements and choose the correct option: Assertion (A) : To facilitate critical thinking among learners, teachers sholud expose them to diverse situations and differing perspectives. Reason (R) : Students learn and enrich their abilities to think critically and creatively as they engage in conversations across differences.","(A) is true, but (R) is false (A)",Both (A) and (R) are false/(A),Both (A) and (R) are false and (R) is the correct explanation of (A)/(A),"Both (A) and (R) are true, but (R) is not the correct explanation of (A)/(A)",2,CTET 2023-08 Q28,1,2023-08
ctet1,cdp,CTET विगत वर्ष,2,,29,,,,निम्नलिखित में से अधिगम का प्राथमिक लक्ष्य कौन- सा होना चाहिए?,समालोचनात्मक चिंतन का विकास,तथ्यों को रटना,यंत्रवत् याद करने के पूर्वाभ्यास में उत्कृष्ट बनना,समकक्षियों के साथ प्रतिस्पर्धा,The primary goal of learning should be:,Development of critical thinking,Memorization of facts,Becoming excellent at rote rehearsal,Competing with peers,0,CTET 2023-08 Q29,1,2023-08
ctet1,cdp,CTET विगत वर्ष,2,,30,,,,बच्चे सबसे प्रभावी ढंग से तब सीखते हैं यदि कोई अवधारणा-,तर्कसंगत से अनुभवजन्य की ओर बढ़ती है।,सामान्य से विशिष्ट की ओर बढ़ती है।,अमूर्त से मूर्त की ओर बढ़ती है।,जटिल से सरल की ओर बढ़ती है।,Children learn more effectively if a concept proceeds from :,Rational to Empirical,Generic to Specific,Abstract to Concrete,Complex to simple,1,CTET 2023-08 Q30,1,2023-08
ctet1,math,CTET विगत वर्ष,2,,31,,,,निम्नलिखित समूहों में से किसमें सभी त्रि-आयामी आकृतियाँ हैं?,"घन, घनाभ, गोला, बेलन","घन, घनाभ, अर्ध-वृत्त, शंकु","घन, घनाभ, वृत्त, शंकु","घन, घनाभ, वृत्त, त्रिभुज",Which one of the following groups have all 3- dimensional shapes?,"Cube, Cuboid, Sphere, Cylinder","Cube, Cuboid, Semi-circle, Cone","Cube, Cuboid, Circle, Cone","Cube, Cuboid, Circle, Triangle",0,CTET 2023-08 Q31,1,2023-08
ctet1,math,CTET विगत वर्ष,2,,32,,,,निम्नलिखित में से कौन-सा कथन सत्य नहीं है?,"यदि एक समांतर चतुर्भुज के सभी कोण बराबर हों, तो वह एक आयत बन जाता है।","यदि एक पतंग के सम्मुख कोण बराबर हों, तो सह एक आयत बन जाती है।","यदि एक आयत की सभी भुजाएँ बराबर हों, तो वह एक वर्ग बन जाता है।","यदि एक समचतुर्भुज के सभी कोण बराबर हों, तो वह एक वर्ग बन जाता है।",Which of the following statements is not true?,A parallelogram becomes a rectangle is all its angles are equal,A kite becomes a rectangle if its opposite angles are equal,A rectangle becomes a square if all its sides are equal,A rhombus becomes a square if all its angles are equal,1,CTET 2023-08 Q32,1,2023-08
ctet1,math,CTET विगत वर्ष,2,,33,,,,निम्नलिखित तालिका को पढ़िए: Blood Group Number of students - - - AB - Total - What is the ratio of the most common and rarest blood groups?/सबसे अधिक और सबसे कम पाए जाने वाले रक्त समूहों का अनुपात क्या है?,3:1,1:4,1:3,4:1,Read the following table:,3:1,1:4,1:3,4:1,3,CTET 2023-08 Q33,1,2023-08
ctet1,math,CTET विगत वर्ष,2,,34,,,,"नीचे दिए गए पैटर्न में लुप्त संख्या क्या है? 1, 6, 15, _____, 45, 66, 91",25,36,28,32,What is the missing number in the pattern given below?,25,36,28,32,2,CTET 2023-08 Q34,1,2023-08
ctet1,math,CTET विगत वर्ष,2,,35,,,,अम्मिनी 36 सर्वसम वर्गों को अलग-अलग प्रकार के आयतों में व्यवस्थित कर रही हैं। वह इन वर्गों द्वारा अलग-अलग प्रकार के कितने आयत बना सकती है?,Six/छ:,Eight/आठ,Four/चार,Five/पाँच,Ammini is arranging 36 identical squares in the form of different rectangles. How many different types of rectangles can she make these there squares?,Six/छ:,Eight/आठ,Four/चार,Five/पाँच,3,CTET 2023-08 Q35,1,2023-08
ctet1,math,CTET विगत वर्ष,2,,36,,,,में एक पूर्ण संख्या जोड़ी जाती है और फिर वही संख्या 100 में से घटा दी जाती है। इस प्रकार प्राप्त हुई दोनों संख्याओं का योगफल है:,100,200,0,50,A whole number is added to 100 and the same number is subtracted from 100. The sum of the two resulting numbers so obtained is: 100,100,200,0,50,1,CTET 2023-08 Q36,1,2023-08
ctet1,math,CTET विगत वर्ष,2,,37,,,,के विषम संख्या पदों का योगफल है :,5,15,0,–5,"The sum of 5 – 5 + 5 – 5 + 5 – 5 ........, to odd number of terms is :/5 – 5 + 5 – 5 + 5 – 5 ........,",5,15,0,–5,0,CTET 2023-08 Q37,1,2023-08
ctet1,math,CTET विगत वर्ष,2,,38,,,,निम्नलिखित में से कौन-सी व्यवस्था संख्याओं को अवरोही क्रम में निरूपित करती है?,"10.5, 1.50, 1.05, 1.055, 1.005, 0.155","10.5, 1.50, 1.055, 1.05, 1.055, 0.155","1.05, 1.005, 1.50, 1.055, 10.5, 0.155","10.5, 1.05, 1.055, 1.50, 1.005, 0.155",Which of the following arrangements represents a descending order of numbers?,"10.5, 1.50, 1.05, 1.055, 1.005, 0.155","10.5, 1.50, 1.055, 1.05, 1.055, 0.155","1.05, 1.005, 1.50, 1.055, 10.5, 0.155","10.5, 1.05, 1.055, 1.50, 1.005, 0.155",1,CTET 2023-08 Q38,1,2023-08
ctet1,math,CTET विगत वर्ष,2,,39,,,,निम्नलिखित में से कौन-सा 3630 का एक गुणनखण्ड नही हैं?,9,11,3,5,Which of the following is not a factor of 3630?,9,11,3,5,0,CTET 2023-08 Q39,1,2023-08
ctet1,math,CTET विगत वर्ष,2,,40,,,,एक सौ लाख’ को निम्नलिखित रूप में भी जाना जाता है :,One million/एक मिलियन,One billion/एक बिलियन,Ten crore/दस करोड़,One crore/एक करोड़,'One hundred lakh' is also known as : ‘,One million/एक मिलियन,One billion/एक बिलियन,Ten crore/दस करोड़,One crore/एक करोड़,3,CTET 2023-08 Q40,1,2023-08
ctet1,math,CTET विगत वर्ष,2,,41,,,,"प्रियदर्शिनी ने 4.8kg बादाम, 2500g किशमिश और 3.5kg काजू को मिला दिया तथा इस मिश्रण के बराबर-बराबर तीन दर्जन पैकेट बना दिए। प्रत्येक पैकेट का भार क्या है?",500g,650g,250g,300g,"Priyadarshini mixed 4.8kg of almonds, 2500 g of raisin and 3.5 kg of cashews and packed the mixture equally into three dozen packets. What is the weight of each packet?",500g,650g,250g,300g,3,CTET 2023-08 Q41,1,2023-08
ctet1,math,CTET विगत वर्ष,2,,42,,,,"एक वर्ग की भुजा 5cm है। यदि इस वर्ग की भुजा दुगुनी कर दी जाए, तो नया क्षेत्रफल कितने गुना हो जाएगा?",4 times/4 गुना,8 times/8 गुना,2 times/2 गुना,3 times/3 गुना,"The side of a square is 5cm. How many times will the new area become, if the side of the square is doubled?",4 times/4 गुना,8 times/8 गुना,2 times/2 गुना,3 times/3 गुना,0,CTET 2023-08 Q42,1,2023-08
ctet1,math,CTET विगत वर्ष,2,,43,,,,बढ़तें हुए क्रम में भिन्नों के समूह का चयन कीजिए:,1,1,1,1,Select the group of fractions in an ascending order:,1,1,1,1,1,CTET 2023-08 Q43,1,2023-08
ctet1,math,CTET विगत वर्ष,2,,44,,,,"संगीता एक साबुन खरीदना चाहती है, जिसका मूल्य `10 है। उसके पास एक पाँच रुपए का सिक्का, 2 एक रुपए के सिक्के और 5 पचास पैसे के सिक्के हैं। उसे साबुन खरीदने के लिए और कितनी धनराशि की जरूरत है?",`2.00,`2.50,`0.50,`1.50,"Sangeeta wants to buy a soap that costs `10. She has a five-rupee coin, 2 one-rupee coins and 5 fifty-paise coins. How much more money does she need to by the soap?",`2.00,`2.50,`0.50,`1.50,2,CTET 2023-08 Q44,1,2023-08
ctet1,math,CTET विगत वर्ष,2,,45,,,,रूबीना के कार से 16:50 बजे अपनी यात्रा शुरू की और उसी दिन 21:15 बजे समाप्त की। यात्रा पूरा करने में लिया गया समय है:,घंटे 35 मिनट,घंटे 35 मिनट,घंटे 25 मिनट,घंटे 25 मिनट,Rubina started her journey by car at 16:50 hours and finished at 24:15 hours on the same day. The time taken in completing the journey is :,3 hours 35 minutes/3,4 hours 35 minutes/4,3 hours 25 minutes /3,4 hours 25 minutes /4,3,CTET 2023-08 Q45,1,2023-08
ctet1,math,CTET विगत वर्ष,2,,46,,,,"बच्चों मे गणितीय अभिरुचि को विकसित करने के लिए, एक अध्यापिका निम्नलिखित गतिविधियाँ अपनी कक्षा में करवाती है। इनमें से वह चुनिए जो उसके उद्देश्य को पूरा करने में प्रभावी नहीं है।",उन्होंने अपनी कक्षा में एक गतिणतीय कोना बनाया है जहाँ पर पर विद्यार्थी विभिन्न गणितीय गतिविधियाँ कर सकते हैं।,वह हमेशा उस विद्यार्थी की प्रशंसा करती है जो कक्षा में सत्रान्त परीक्षा में सबसे अधिक अंक प्राप्त करता/करती है।,वह बच्चों को भारतीय गतिणज्ञों और उनके योगदानों के वीडियों दिखाती है।,वह कक्षा मे गणितीय पहेलियाँ औरजादुई वर्ग हल करने के लिए देती है।,"To develop appreciation for mathematics among children, a teacher performs the following activities in the class. Choose the one which is not effective to achieve her objective.",She establishes a mathematics corner in her class where-students can perform various mathematical activities,She always praises the student who achieves highest marks in the class in the term-end examination,She shows to children the videos on Indian mathematicians and their contributions,She gives mathematical puzzles and magic squares to be solved in the class,1,CTET 2023-08 Q46,1,2023-08
ctet1,math,CTET विगत वर्ष,2,,47,,,,निम्नलिखित में कौन-से कथन गणित की प्रकृति के बारे मे सबसे उपयुक्त हैं? (A) It helps the child to be creative यह बच्चे को सृजनात्मक बनने में सहायता करता है। (B) It helps in nurturing the child's imagination/यह बच्चे की कल्पना को पोषित करने में सहायता करता है। (C) It is based on deductive reasoning यह निगमनात्मक विवेचन (तर्क) पर आधारित है। (D) It is always convergent/यह हमेशा अभिसारी होता है। Choose the correct option:/सही विकल्प चुनिए:,A and B/A और B,"A, B and C/A, B और C",B and C/ B और C,A and C/ A और C,Which of the following statements about nature of mathematics are most appropriate?,A and B/A और B,"A, B and C/A, B और C",B and C/ B और C,A and C/ A और C,1,CTET 2023-08 Q47,1,2023-08
ctet1,math,CTET विगत वर्ष,2,,48,,,,निम्नलिखित मे से किसने गणितीय खगोल-विज्ञान के क्षेत्र में काम किया है?,Mahavira/महावीर,Aryabhatta /आर्यभट्ट,Bhaskara I/भास्कर I,Ramanujan/रामानुजन,Who among the following has worked in the field of mathematical astronomy?,Mahavira/महावीर,Aryabhatta /आर्यभट्ट,Bhaskara I/भास्कर I,Ramanujan/रामानुजन,1,CTET 2023-08 Q48,1,2023-08
ctet1,math,CTET विगत वर्ष,2,,49,,,,निम्नलिखित में से कौन-सी परिस्थिति यह दर्शाती है कि बच्चे ज्ञान का निर्माण स्वयं कर रहे हैं?,शिक्षिका ने श्यामपट्ट पर अधूरे पहाड़े लिखे हैं और बच्चे उन पहाड़ों को श्यामपट्ट पर लिखकर पूरा कर रहे हैं।,कक्षा का सर्वोत्तम छात्र/छात्रा पहाड़ों को ऊँचे स्वर में पढ़ रहा/रही है और बाकी के विद्यार्थी उसके पीछे-पीछे दोहरा रहे हैं।,बच्चे एक साथ पहाड़ों का कविता-पाठ कर रहे हैं।,"बच्चों को हस्तकौशल सामग्री जैसे संख्याओं के ग्रिड, आयताकार सारणियों में व्यवस्थित गीटियाँ दी गई हैं और वे इनका प्रयोग कर गुणन के पैटर्न खोज रहे हैं।",Which of the following depicts a situation where children are constructing knowledge on their own?,Teacher has written incomplete multiplication tables on blackboard and children are completing the tables by writing them on blackboard,The best student in class reads aloud the multiplication tables and rest of the students repeat after him/her,Children are reciting multiplication tables in a chorus,"Children are given manipulative like number grids, tokens arranged in rectangular arrays and they are exploring multiplication patterns using them",3,CTET 2023-08 Q49,1,2023-08
ctet1,math,CTET विगत वर्ष,2,,50,,,,एक सब्जी बेचने वाला पालक ` 60 प्रति किग्रा बेच रहा था। सोनू ने 350 ग्राम पालक लिया जिसके लिए सब्जी बेचने वाले से सोनू से ` 21(`6+`6+`6+`3) लिए। सब्जी बेचने वाले द्वारा प्रयोग में लाए गए इस गतिणीय कौशल के सम्बन्ध में निम्नलिाति में से कौन- सा/से कथन सत्य है/हैं? (A) This mathematical skill is ambiguous यह गणितीय कौशल अस्पष्ट है। (B) The skill is not useful to solve mathematical problems in class/यह कौशल कक्षा में गणितीय प्रशनों को हल करने के लिए लाभदायक नहीं है। (C) Such skills help indeveloping alternate strategies for solving mathematical problems ऐसे कौशल गणितीय प्रश्नों को हल करने के वैकल्पिक तरीकों को विकसित करने में सहायक होते हैं। Chosse the correct option:/सही विकल्प चुनिए :,Only C/केवल C,A and B/A और B,Only A/केवल A,Only B/केवल B,A vegetable seller was selling spinach for ` 60 per kg. Sonu purchased 350g of spinach for which the vegetable seller took `21 (`6+`6+`6+`3) from Sonu. Which of the following statements is/are true regarding the mathematical skills used by the vegetable seller?,Only C/केवल C,A and B/A और B,Only A/केवल A,Only B/केवल B,0,CTET 2023-08 Q50,1,2023-08
ctet1,math,CTET विगत वर्ष,2,,51,,,,निम्नलिखित कथनों में से कौन-सा सही नही है?,विद्यार्थियों की त्रुटियों को अनदेखा कर देना चाहिए क्योंकि त्रुटियों की ओर इशारा उनको प्रेरणाहीन करेगा।,विद्यार्थियों की त्रुटियाँ उनके सीखने की प्रक्रिया (चिंतन) के बारे में जानकारी देती हैं।,गणित में त्रुटियाँ अधिगम का हिस्सा होती हैं।,गणित में त्रुटियाँ शिक्षकों को उनके पाठ की योजना बनाने में मदद करती हैं।,Which of the following statements is not correct?,Errors of the students should be overlooked as pointing errors will demotivate them,Errors of the students given information about their thought process,Errors in mathematics are part of learning,Errors in mathematics help teachers in planning their lessons,0,CTET 2023-08 Q51,1,2023-08
ctet1,math,CTET विगत वर्ष,2,,52,,,,आकलन के बारे में निम्नलिखित मे से कौन-सा कथन सही नहीं है?,मानक-संदर्भित आकलन हमें बताता है कि एक विद्यार्थी अपने प्रदर्शन में अन्य विद्याथियों की तुलना में कहाँ खड़ा/खड़ी है।,मानक-संदर्भित आकलन नैदानिक परीक्षण और उपचारात्मक शिक्षण में उपयोगी है।,मानदंड-संदर्भित आकलन विद्यार्थियों की अधिगम में निपुणता का मूल्यांकन करना हैं।,मानदंड-संदर्भित आकलन नैदानिक परीक्षण और उपचारात्मक शिक्षण में उपयोगी है।,Which of the following statements is not correct about assessment?,Norm-referenced assessment tells us where a student stands as compared to other students in his/her performance,Norm-referenced assessment is useful in diagnostic testing and remedial teaching,Criterion-referenced assessment is to evaluate the mastery learning of the students,Criterion-referenced assessment is useful in diagnostic testing and remedial teaching,1,CTET 2023-08 Q52,1,2023-08
ctet1,math,CTET विगत वर्ष,2,,53,,,,"अधिक-कम, लम्बा-छोटा, दूर- समीप, बड़ा-छोटा, आदि अवधारणाएँ:",महत्त्वपूर्ण पूर्व-संख्या (प्री-नम्बर) अवधारणाएँ हैं।,तुलना के लिए अस्पष्ट शब्द हैं।,"विलोम शब्द हैं, जो गणित सीखने के लिए आवश्यक नहीं हैं।",सीधे शब्दों में अंग्रेजी भाषा विशेषण हैं।,"Concepts like more-less, long-short, far-near, big-small, etc. are :",Important pre-number concepts,Vague terms for comparison,"Antonyms, not necessary for learning mathematics",Simply English language adjectives,0,CTET 2023-08 Q53,1,2023-08
ctet1,math,CTET विगत वर्ष,2,,54,,,,गणितीय अधिगम सामग्री: (A) Helps teachers in demonstrating the formulae सूत्र के प्रदर्शन में शिक्षकों की मदद करती है। (B) Helps students in self-learining स्वत: अधिगम में विद्यार्थियों की मदद करती है। (C) Helps teachers in providing instructions निर्देश देने में शिक्षकों की मदद करती है। (D) Develops learning environment in the class कक्षा में अधिगम वातावरण का निर्माण करने मे मदद करती है।,B and C/ B और C,C and D/C और D,A and B/A और B,B and D/B और D,Mathematical learning material:,B and C/ B और C,C and D/C और D,A and B/A और B,B and D/B और D,3,CTET 2023-08 Q54,1,2023-08
ctet1,math,CTET विगत वर्ष,2,,55,,,,निम्नलिखित में से कौन-सा प्राथमिक विद्यालय के शिक्षार्थी को भिन्न 2/3 और 4/6 के बीच तुल्यता की कल्पना करने में मदद करने का सबसे उपयुक्त तरीका है?,कैल्कुलेटरों क्रा उपयोग,विभाजन (भाग) विधि का उपयोग,लघुतम समापवर्त्य विधिक का उपयोग,भिन्न डिस्क का उपयोग,Which of the following is the most appropriate way to help a primary school learner visualize the equivalence between the fractions 2/3 and 4/6?,Using Calculators,Using Division method,Using LCM (Least Common Multiple method),Using Fraction Discs,3,CTET 2023-08 Q55,1,2023-08
ctet1,math,CTET विगत वर्ष,2,,56,,,,एक शिक्षिका गणित कक्षा में रोल प्ले (भूमिका निर्वाह) विधि का उपयोग करती है। उसका उद्देश्य है:,अनुशासन बनाए रखना।,बच्चों को व्यस्त रखना।,विचारों का बहिर्वेशन।,बच्चों का मनोंरजन।,teacher uses role play method in mathematics class. Her aim is:,Maintaining discipline,Keeping children busy,Projecting children busy,Entertaining children,2,CTET 2023-08 Q56,1,2023-08
ctet1,math,CTET विगत वर्ष,2,,57,,,,संख्या बोध विकसित करने मे उपकरना (सबिटाइजिंग) एक महत्त्वपूर्ण भूमिका निभाती है। निम्नलिखित में से कौन-सा उदाहरण है जो विद्यार्थी में उपकरना के कौशल का प्रदर्शन करता है?,विद्यार्थी संख्या 5 की पहचान 4 के परवर्ती के रूप में करता है।,विद्यार्थी संख्या 5 की पहचान 4 के परवर्ती के रूप में करता है।,विद्यार्थी एक पासा उछालता है और बिना बिन्दुओं (डॉट्स) को गिने यह बताने में सक्षम है कि यह चार है।,विद्यार्थी संख्या 4 की पहचान 5 में से 1 निकालने के रूप में करता है।,Subitizing plays an important role in developing the number sense. Which of the following is an example of a student demonstrating the skill of subitizing?,Student recognizes the number 5 as the successor of 4,Student recognizes the number 6 as 1 added to 5,Student rolls a die and is able to say it is four without actually counting the dots,Student recognizes the number 4 as the number with 1 taken away from 5,2,CTET 2023-08 Q57,1,2023-08
ctet1,math,CTET विगत वर्ष,2,,58,,,,"राष्ट्रीय पाठ्यचर्या रूपरेखा, 2005 के अनुसार, कक्षाओं के ऊपर किए गए शोध बताते हैं कि लड़कियों को गण्ति में ‘विशेषज्ञता’ के योग्य न मानकर उनका काफी व्यवस्थित अवमूल्यन होता है जबकि वे गणित में अच्छा प्रदर्शन करती है। इसका सबसे उपयुक्त कारण क्या है?",लड़कों में गणितीय क्षमताएँ जन्मजात हैं।,गणित में लड़कियों का खराब प्रदर्शन उनके गणित के प्रति प्रचलित भय के कारण होता है।,"गणित, अपनी प्रकृति द्वारा ही, पुरुष-प्रधान विषय है।",समाज की लिंग संबंधी धारणाएँ इस मान्यता की ओर ले जाती है। कि लड़के समस्या-समाधान की ज्यादा नवीन कार्यविधियाँ उपयोग करते हैं और इसलिए उन्हें बेहतर अवधारणात्मक समझ होती है।,"According to the National Curriculum Framework, 2005, Classroom researches have indicated a fairly systematic devaluation of girls as incapable of mastering mathematics even when they perform well in mathematics. What is the most appropriate reason for this?",The mathematical abilities in boys are innate,Poor performance of girls in mathematics is due to the fear of mathematics prevalent in them,"Mathematics, by its nature, is a male- dominated subject.",Gendered constructs of society have led to the belief that boys use more innovative strategies for problem-sowing and thus hove better conceptual understanding.,3,CTET 2023-08 Q58,1,2023-08
ctet1,math,CTET विगत वर्ष,2,,59,,,,"कक्षायी शोध यह दर्शाते हैं कि अधिकांश विद्यार्थी गणित को उसी कक्षा में जो अन्य विषय वे पढ़ते हैं, उनसे अधिक कठिन समझते हैं। गणित की प्रकृति का निम्नलिखित में से कौन-सा पहलू इस भय को बढ़ाता है?",गणित में प्राथमिक अवधारणाओं की अमूर्त प्रकृति,गणित का विस्तृत ज्ञान-भंडार,गणित में दिए गए प्रश्न के अनेक उत्तर होने की व्यापकता,गणित में किसी समस्या का समाधान करने के लिए कई अलग-अलग प्रणालियों की व्यापकता,Classroom researches have shown that most of the students find mathematics more difficult than the other subject they study in the same class. Which of the following aspects of the nature of mathematics adds to this fear?,The abstract nature of primary concepts in mathematics,The vast knowledge base of mathematics,The scope multiple answers to a given question in mathematics,The scope of a number of different methods to solve a problem in mathematics,0,CTET 2023-08 Q59,1,2023-08
ctet1,math,CTET विगत वर्ष,2,,60,,,,"राष्ट्रीय शिक्षा नीति (NEP) 2020 के अनुसार, देश-भर में विभिन्न विषयों मे ओलिंपियाड और प्रतियोगिताएँ _______ होंगी।",Reduced/कम,Made easier/सरल,Strengthened/मज़बूत,Discouraged/हतोत्साहित,"According to the National Education Policy (NEP) 2020, olympiads and competitions in various subjects will be _______ across the country.",Reduced/कम,Made easier/सरल,Strengthened/मज़बूत,Discouraged/हतोत्साहित,2,CTET 2023-08 Q60,1,2023-08
ctet1,evs,CTET विगत वर्ष,2,,61,,,,रामा प्रत्येक शाम को अपने दोस्तों के साथ क्रिकेट खेलता है। वह क्रिकेट खेलने में कौन-सी ऊर्जा का उपयोग करता है?,Sound energy/ध्वनि ऊर्जा,Light energy/प्रकाश ऊर्जा,रासायनिक ऊर्जा,मांसपेशियों की ऊर्जा,Rama plays cricket with his friends every evening. Which energy does he use to play cricket?,Sound energy/ध्वनि ऊर्जा,Light energy/प्रकाश ऊर्जा,Chemical energy,Muscular energy,3,CTET 2023-08 Q61,1,2023-08
ctet1,evs,CTET विगत वर्ष,2,,62,,,,निम्नलिखित में से कौन-सी असम में खाए जाने वाले चावलों की एक सामान्य किस्म है जो पकने के बाद चिपचिपे (स्टिकी) हो जाते हैं?,Ponni rice/पोन्नी चावल,Bora rice/बोरा चावल,Arborio rice/अरबोरीयों चावल,Bomba rice/बोम्बा चावल,Which one of the following is 'sticky rice' and is a common variety of rice in Assam?,Ponni rice/पोन्नी चावल,Bora rice/बोरा चावल,Arborio rice/अरबोरीयों चावल,Bomba rice/बोम्बा चावल,1,CTET 2023-08 Q62,1,2023-08
ctet1,evs,CTET विगत वर्ष,2,,63,,,,जब हम ईंधन जलाते हैं तो हमें प्राप्त होती है/होते है:,प्रकाश एवं ध्वनि ऊर्जा,केवल प्रकाश ऊर्जा,ऊष्मा एवं प्रकाश ऊर्जा,यांत्रिक एवं प्रकाश ऊर्जा,When we burn fuels we get:,Light and sound energy,Only light energy,Heat and light energy,Mechanical and light energy,2,CTET 2023-08 Q63,1,2023-08
ctet1,evs,CTET विगत वर्ष,2,,64,,,,साँपों के बारे मे निम्नलिखित कथनों पर विचार कीजिए तथा निम्नलिखित में से गलत कथन को चिह्नित कीजिए:,वे अपने शिकार को चबाकर खाते हैं।,वे अपने भोजन (शिकार) को पूरा निगल जाते है।,साँपों के दाँत नुकीले होते हैं।,जहरीले साँपों के डसने वाले दाँत होते हैं।,Consider the following statements about snakes and identify the incorrect one from the following :,They chew up their prey,They swallow their food whole,Snakes have sharp teeth,Poisons snakes have fangs,0,CTET 2023-08 Q64,1,2023-08
ctet1,evs,CTET विगत वर्ष,2,,65,,,,"गुजरात के सापेक्ष, उत्तर प्रदेश और आंध्र प्रदेश की क्रमश: स्थितियाँ है:",उत्तर-पश्चिम; दक्षिण-पूर्व,उत्तर-पश्चिम; दक्षिण-पश्चिम,उत्तर-पूर्व; दक्षिण-पश्चिम,उत्तर-पूर्व; दक्षिण-पूर्व,"With respect to Gujarat, the locations of Uttar Pradesh and Andhra Pradesh, respectively, are :",North-West; South-East,North-West; South-West,North-East; South-West,North-East; South-East,3,CTET 2023-08 Q65,1,2023-08
ctet1,evs,CTET विगत वर्ष,2,,66,,,,स्तम्भ A और स्तम्भ B का मिलान कीजिए : स्तम्भ A स्तम्भ B A. जीरा I. कील की तरह दिखता है B. केसर II. दक्षिणी अमेरिका से उत्पत्ति C. मिर्च III. पीले रंग का D. लौंग IV. छोटा परन्तु खुशबूदार,"A-IV, B-I, C-III, D-II","A-I, B-III, C-II, D-IV","A-IV, B-III, C-II, D-I","A-III, B-IV, C-I, D-II",Match Column A and Column B: Column A Column B A. Cumin I. Appears like a nail B. Saffron II. Originated in South America C. Chillies III. Yellow in colour D. Clove IV. Small but fragrant,"A-IV, B-I, C-III, D-II","A-I, B-III, C-II, D-IV","A-IV, B-III, C-II, D-I","A-III, B-IV, C-I, D-II",2,CTET 2023-08 Q66,1,2023-08
ctet1,evs,CTET विगत वर्ष,2,,67,,,,बंगाल की खाड़ी का तटवर्ती राज्य/केन्द्र शासित प्रदेश है :,Telangana/तेलंगाना,Odisha/ओडिशा,Karnataka/कर्नाटक,Kerala/केरल,The coastal State/Union Territory of Bay of Bengal is :,Telangana/तेलंगाना,Odisha/ओडिशा,Karnataka/कर्नाटक,Kerala/केरल,1,CTET 2023-08 Q67,1,2023-08
ctet1,evs,CTET विगत वर्ष,2,,68,,,,"जंगलों के बारे में निम्नलिखित कथनों पर विचार कीजिए: (A) 'Torang' means forest in Kuduk language कुड़ुक भाषा में ‘तोरांग’ का मतलब जंगल है। (B) The village Council (Panchayat) in Jharkhand decides which family will get how much land for farming, by lottery/झारखंड में, ग्राम परिषद् (पंचायत) लॉटरी के माध्यम से यह तय करती है कि किस परिवार को कृषि के लिए कितनी भूमि मिलेगी। (C) The Right to Forest Act, 2007 gives the rights to people who have been living in the forest for at least 15 years/जंगल अधिकार कानून, 2007 उन लोगों को अधिकार दिलाता है जो कम-से-कम 15 वर्षों से जंगलों में रहे है। (D) About three-fourth people in Mizoram are linked to the forests/मिज़ोरम मे लगभग तीन-चौथाई लोग जंगलों से जुड़े हुए है। The correct statements are:/इनमें सही कथन है:",A and D/A और D,B and C/B और C,A and C/A और C,A and B/A और B,Consider the following statements about forests :,A and D/A और D,B and C/B और C,A and C/A और C,A and B/A और B,0,CTET 2023-08 Q68,1,2023-08
ctet1,evs,CTET विगत वर्ष,2,,69,,,,घनत्व और 6mL आयतन वाली वस्तु का द्रव्यमान क्या होगा?,144g,146g,142g,143g,What is the mass of an object with a density of 24 g/mL and a volume of 6 mL? 24 g/mL,144g,146g,142g,143g,0,CTET 2023-08 Q69,1,2023-08
ctet1,evs,CTET विगत वर्ष,2,,70,,,,काँसा (ब्राँज़) एक मिश्रधातु है जिसे निम्नलिखित में से किन्हें पिघलाकर बनाया जाता है?,Zinc and tin/ज़िंक और टिन,टिन और कॉपर,कॉपर और ज़िंक,ऐलुमिनियम और ज़िंक,Bronze is an alloy made by melting the following :,Zinc and tin/ज़िंक और टिन,Tin and copper,Copper and zinc,Aluminium and zinc,1,CTET 2023-08 Q70,1,2023-08
ctet1,evs,CTET विगत वर्ष,2,,71,,,,निम्नलिखित में से हाथियों के बारे में सही कथन चुनिए : / हाथी कीचड़ और पानी से खेलना पसन्द करते है।,तीन महीने के हाथी के बच्चे का वज़न सामान्यत: लगभग 100 किलोग्राम होता है। / C and D/C और D,वयस्क हाथी एक दिन में 200 किलोग्राम से अधिक पत्तियों और झाड़ियों को खा सकता है। / B and D/B और D,हाथी बहुत अधिक आराम नहीं करते है: वे दिन में दो से चार घण्टे ही सोते हैं। / A and B/A और B,Elephants like to play with mud and water / A and C/A और C,Select the correct statements about elephants from the following:,A three-month-old baby elephant generally weighs about 100kg,An adult elephant can eat more than 200kg of leaves and twigs in one day,Elephants to not rest very much; they sleep for only two to four hours in a day,Elephants like to play with mud and water / A and C/A और C,0,CTET 2023-08 Q71,1,2023-08
ctet1,evs,CTET विगत वर्ष,2,,72,,,,बिहार राज्य के लोगों के लिए निम्नलिखित मे मधुमक्खी-पालन कार्यक्रम आरम्भ करने के वर्ष की सर्वश्रेष्ठ अवधि चुनिए:,अगस्त से अक्टूबर,अक्टूबर से दिसम्बर,फरवरी से अप्रैल,April to June/अप्रैल से जून,Select from the following the best period of the year for the people of Bihar to start a bee- keeping programme:,August to October,October to December,February to April,April to June/अप्रैल से जून,1,CTET 2023-08 Q72,1,2023-08
ctet1,evs,CTET विगत वर्ष,2,,73,,,,"निम्नलिखित कथनो को पढ़िए तथा सही विकल्प का चयन कीजिए: अभिकथन (A) : दाब लगाने पर, गैस को आसानी से संपीडित किया जा सकता है। कारण (R) : जब हम किसी गैस पर दबाव लगाते हैं, तो गैसीय कणों के बीच अंतराअणुक स्थान कम हो जाता है और यह आसानी से संपीडित हो जाती है।","सही है, परन्तु (R) गलत है।","गलत है, परन्तु (R) सही है।","और (R) दोनों सही हैं तथा (R), (A) की सही व्याख्या है।","और (R) दोनों सही हैं तथा (R), (A) की सही व्याख्या है।","Read the following statements and choose the correct option: Assertion (A) : On applying pressure, gas can be compressed easily. Reason (R) : When we apply pressure to a gas, the intermolecular space between gaseous particles decreases and it gets compressed.","(A) is true, but (R) is false (A)","(A) is false, but (R) is true (A)",Both (A) and (R) are true and (R) is the correct explanation of (A)/(A),"Both (A) and (R) are true, but (R) is not the correct explanation of (A)/(A)",2,CTET 2023-08 Q73,1,2023-08
ctet1,evs,CTET विगत वर्ष,2,,74,,,,"निम्नलिखित कथनों A और B पर विचार कीजिए: कथन A : मनाली में, ढालू छतों वाले मज़बूत बाँसों के खम्भों पर बने ऊँचे उठे हुए लकड़ी के घर बनाए जाते हैं। कथन B : मनाली मे, बारिश बहुत होती है और बर्फ भी पड़ती है। सही विकल्प चुनिए:","नही है, परन्तु B गलत है","गलत है, B सही है",और B दोनों सही हैं,और B दोनों गलत है,"Consider the following statements A and B: Statement : In Manali, houses are constructed with wood, slanting roofs and elevated on strong bamboo pillars. Statements B : Manali receives a lot of rain and snowfall. Choose the correct option:","A is correct, but B is incorrect A","A is incorrect, but B is correct A",Both A and B are correct/ A,Both A and B are incorrect/A,1,CTET 2023-08 Q74,1,2023-08
ctet1,evs,CTET विगत वर्ष,2,,75,,,,पौधों के निम्नलिखित मुख्य कार्यों पर विचार कीजिए: A. To produce and store food भोजन का उत्पादन और भंडारण करना B. To given strength and support to the plant पौधे को शक्ति और सहारा देना C. To transport water and minerals from roots to other parts of plant/पौधे के अन्य भागों को जड़ों से जल और खनिज का स्थानांतरण करना D. The main function (s) of the stem is/are: तने का/के मुख्य कार्य है/है:,"A, B and C/ A, B और C",Only B and C/ केवल B और C,Only B/केवल B,Only A and B/केवल A और B,Consider the following main functions of plants :,"A, B and C/ A, B और C",Only B and C/ केवल B और C,Only B/केवल B,Only A and B/केवल A और B,1,CTET 2023-08 Q75,1,2023-08
ctet1,evs,CTET विगत वर्ष,2,,76,,,,"निम्नलिखित कथनों को पढ़िए तथा सही विकल्प का चयन कीजिए: अभिकथन (A) : ईवीएस के सीखने को अवलोकन, पहचान, वर्गीकरण, आदि से संबंधित प्रक्रिया कौशल के लिए उन्मुख होने की आवश्यकता है। कारण (R) : विभिन्न प्रक्रिया कौशल प्राप्त करने के माध्यम से, ईवीएस के सीखने के परिणामों को हासिल करने की संभावना होती है।",सही है परन्तु (R) गलत है।,"गलत है, परन्तु (R) सही है।","और (R) दोनों सही हैं तथा (R), (A) की सही व्याख्या है।","और (R) दोनों सही हैं, परन्तु (R), (A) की सही व्याख्या नहीं है।","Read the following statements and choose the correct option: Assertion (A) : Learning of EVS needs to be oriented to process skills relating to observation, identification, classification, etc. Reason (R) : Through acquiring various process skill, the learning outcomes of EVS learning are expected to be achieved.","(A) is true, but (R) is false (A)","(A) is false, but (R) is true (A)",Both (A) and (R) are true and (R) is the correct explanation of (A)/(A),"Both (A) and (R) are true, but (R) is not the correct explanation of (A)/(A)",2,CTET 2023-08 Q76,1,2023-08
ctet1,evs,CTET विगत वर्ष,2,,77,,,,"एक ईवीएस शिक्षक कक्षा में एक प्रयोग प्रदर्शित करता है जिसमें एक अंडा पानी के गिलास में डूब जाता है, लेकिन पानी में नमक मिलाने पर तैरता है। विद्यार्थियों की पूछताछ के लिए वह निम्नलिखित में से कौन-सी सबसे उपयुक्त व्याख्या दे सकती है?",अलग-अलग मात्रा में नमक के साथ प्रयोग करें और उसका अवलोकन करें।,प्रत्येक विद्यार्थी को पानी में विभिन्न वस्तुएँ डालकर स्वयं निष्कर्ष निकालने दें।,पानी के घनत्व के कारण अंडा तैरता है।,आप उच्च कक्षाओं में सही कारण सीखेंगे।,"An EVS teacher demonstrates an experiment in class in which an egg sinks in a tumbler with water, but floats upon adding salt to the water. Which of the following is the most appropriate explanation she can give to students' enquiry?",Conduct and observe the experiment with different amounts of salt,Allow each student to conclude on their own by adding different items in water,The egg floats due to density of water,You will learn the current reason in higher classes,0,CTET 2023-08 Q77,1,2023-08
ctet1,evs,CTET विगत वर्ष,2,,78,,,,एक ईवीएस शिक्षक को योगात्मक मूल्यांकन के लिए प्रश्न पत्र तैयार करते समय ______ पर ज़ोर देना चाहिए।,प्रश्न पत्र की लंबाई और कुल अंक,प्रश्न पत्र की लंबाई और उद्देश्य,प्रश्न पत्र की सामग्री कवरेज और उद्देश्य,प्रश्न पत्र के कुल अंक और समाग्री कवरेज,An EVS teacher should lay emphasis on ______ while preparing question paper for summative assessment,Length and total marks of the question paper,Length and objectives of the question paper,Content coverage and objectives of the question paper,Total marks and content coverage of the question paper,2,CTET 2023-08 Q78,1,2023-08
ctet1,evs,CTET विगत वर्ष,2,,79,,,,ईवीएस के लिए रचनात्मक आकलन ______ है। (A) Assessment for learning/सीखने के लिए आकलन (B) Assessment of learning/सीखने का आकलन (C) Assessment as learning अधिगम के रूप में आकलन (D) Assessment about learning सीखने के बारे में आकलन Choose the correct option:/सही विकल्प चुनिए:,B and C/B और C,C and D/C और D,A and B/A और B,A and C/A और C,Formative assessment of EVS is ________.,B and C/B और C,C and D/C और D,A and B/A और B,A and C/A और C,3,CTET 2023-08 Q79,1,2023-08
ctet1,evs,CTET विगत वर्ष,2,,80,,,,आप ईवीएस के विद्यार्थियों के लिए व्यावहारिक गतिविधियों को प्रोत्साहित करना चाहते हैं। निम्नलिखित में से कौन-सी क्रिया सबसे उपयुक्त है?,एक चार्ट पर विभिन्न पौधों के भागों का चित्र बनाना,ग्लोब से नक्शा पढ़ना,विभिन्न देशों के सिक्के एकत्रित करना,उपलब्ध सामग्री से ईवीएस किट विकसित करना,You want to encourage hands-on activites for students of EVS. Which of the following is the most appropriate activity?,Drawing parts of different plants on a chart,Map reading from a globe,Collecting coins of different countries,Developing an EVS kit from availble material,3,CTET 2023-08 Q80,1,2023-08
ctet1,evs,CTET विगत वर्ष,2,,81,,,,"निम्नलिखित कथनों को पढ़िए तथा सही विकल्प का चयन कीजिए : अभिकथन (A) : ईवीएस में क्षेत्र भ्रमण प्रभावी शिक्षणशास्त्रीय रणनीति हैं। कारण (R) : क्षेत्र भ्रमण वस्तुओं, घटनाओं और स्थानों की याददाश्त को बढ़ावा देती हैं।","सही है, परन्तु (R) गलत है।","गलत है, परन्तु (R) सही है।","और (R) दोनों सही हैं तथा (A), (R) की सही व्याख्या है।","और (R) दोनों सही हैं, परन्तु (R), (A) की सही व्याख्या नहीं है।","Read the following statements and choose the correct option : Assertion (A) : Field trips are an effective pedagogical strategy in EVS. Reason (R) : Field trips promote memorisation of objects, events and places.","(A) is true, but (R) is false (A)","(A) is false, but (R) is true (A)",Both (A) and (R) are true and (R) is the correct explanation of (A)/ (A),"Both (A) and (R) are true, but (R) is not the correct explanation of (A)/(A)",0,CTET 2023-08 Q81,1,2023-08
ctet1,evs,CTET विगत वर्ष,2,,82,,,,"यदि थीम यात्रा रेलवे स्टेशन ईवीएस में एक सामुदायिक संसाधन के उपयोग को दर्शाता है, तो निम्नलिखित में से कौन पूरा करेगा- थीम भोजन _____ ?",Farmer/किसान,कृषि फार्म,Forest/जंगल,Shopkeeper/दुकानदार,"If theme Travel : Railway Station depicts utilisation of a community resource in EVS, which of the following will complete theme Food : ______?",Farmer/किसान,Agricultural farm,Forest/जंगल,Shopkeeper/दुकानदार,1,CTET 2023-08 Q82,1,2023-08
ctet1,evs,CTET विगत वर्ष,2,,83,,,,"ईवीएस शिक्षण के दौरान, एक शिक्षक का बयान/प्रश्न जो विद्यार्थियों को स्वयं या अपने साथियों की प्रतिक्रियाओं से उत्तर को विस्तृत करने के लिए प्रोत्साहित करता है:",परीक्षण और त्रुटि,Probing/खोजपूर्ण प्रश्न,Conditioning/कंडीशनिंग,Chaining/चेनिंग,"While teaching EVS, a teacher's statement/ question, which encourages students or elaborate on an answer either on their own of from the response of their peers, is:",Trial and error,Probing/खोजपूर्ण प्रश्न,Conditioning/कंडीशनिंग,Chaining/चेनिंग,1,CTET 2023-08 Q83,1,2023-08
ctet1,evs,CTET विगत वर्ष,2,,84,,,,एक शिक्षिका ईवीएस शिक्षण के लिए अपने विद्यार्थियों के साथ तुल्यकालिक (सिन्क्रोनस) सम्प्रेषण का चयन करना चाहती हैं। वह निम्नलिखित में से किसे चुनेगी?,"वीडियों कॉन्फ्रेंसिंग, ऑनलाइन चैट सत्र, फोन कॉल","फोन कॉल, प्री-रिकॉर्डेड वीडियों, टेली-कॉन्फ्रेंसिंग","ई-मेल, सोशल मीडिया पोस्ट, फोन कॉल","त्वरित संदेश, ब्लॉग, टेली-कॉन्फ्रेंसिंग",teacher wants to select synchronous communication with her students for teaching EVS. Which of the following will she choose?,"Video conferencing, online chat sessions, phone calls","Phone calls, pre-recoded videos, tele- conferencing","E-mail, social media posts, phone calls","Instant messaging, blogs, tele-conferencing",0,CTET 2023-08 Q84,1,2023-08
ctet1,evs,CTET विगत वर्ष,2,,85,,,,आपकों कक्षा III से V तक के अपने विद्यार्थियों के लिए ईवीएस पाठ्य-पुस्तकों का चयन करना है। इस उद्देश्य के लिए निम्नलिखित में से कौन- सा मानदंड सबसे उपयुक्त है?,"पाठ्य-पुस्तक बालक-उन्मुख होनी चाहिए तथा लिंग जाति, वर्ग और धर्म के आधार पर किसी भी रूढ़िवादिता या अपमानजनक व्यवहार से रहित होनी चाहिए।",पुस्तक मे चित्र बड़ें और रंगीन होने चाहिए।,भाषा सरल और विद्यार्थियों के मानसिक स्तर के अनुसार होनी चाहिए।,पाठ्य-पुस्तक को सचित्र और विद्यार्थियों के लिए आकर्षक होना चाहिए।,You have to select EVS textbooks for your students of classes III to V. Which of the following criteria is most appropriate for this purpose?,"The textbook should be child-oriented and devoid of any stereotypes or derogatory attitudes based on gender, caste, class and religion",Pictures in the book should be being and colourful,The language should be simple and according to the mental level of students,The textbook should be illustrated and appealing to students,0,CTET 2023-08 Q85,1,2023-08
ctet1,evs,CTET विगत वर्ष,2,,86,,,,निम्नलिखित कथनों को पढ़िए तथा सही विकल्प का चयन कीजिए : अभिकथन (A) : प्राथमिक स्तर पर ईवीएस में विषयों के बजाय थीम हैं। कारण (R) : विषयों की तुलना में थीम-आधारित ईवीएस सीखना शिक्षकों और विद्यार्थियों के लिए आसान है।,"सही है, परन्तु (R) गलत है।","गलत है, परन्तु (R) सही है।","और (R) दोनो सही हैं तथा (R), (A) की सही व्याख्या है।","और (R) दोनों सही हैं, परन्तु (R), (A) की सही व्याख्या नहीं है।",Read the following statements and choose the correct option : Assertion (A) : At the primary level EVS has themes instead of topics. Reason (R) : Theme-based EVS learning is easy for teachers and students as compared to topics.,"(A) is true, but (R) is false (A)","(A) is false, but (R) is true (A)",Both (A) and (R) are true and (R) is the correct explanation of (A)/(A),"Both (A) and (R) are true, but (R) is not the correct explanation of (A)/(A)",3,CTET 2023-08 Q86,1,2023-08
ctet1,evs,CTET विगत वर्ष,2,,87,,,,कक्षा III के विद्यार्थियों के लिए ईवीएस में निम्नलिखित में से कौन-सा सीखने का परिणाम (अधिगम प्रतिफल) नहीं है?,कक्षा की दिशाओं की पहचान करना,अच्छे और बुरे स्पर्श पर अपनी राय व्यक्त करना,देखे गए/अनुभव किए गए मुद्दों पर आवाज़ उठाना और समाज की प्रथाओं से संबंधित करना जैसे संसाधनों के स्वामित्व में भेदभाव,"कुछ स्थानीय, इनडोर, आउटडोर खेलों नियमों का अवलोकन करना",Which of the following is not a learning outcome in EVS for students of class III?,Identifies directions of classroom,Voices opinion on good and bad touch,Voices opinion on issues observed/ experienced and relates to social practices such as discrimination in ownership of resources,"Observes rules in few local, indoor, outdoor games",2,CTET 2023-08 Q87,1,2023-08
ctet1,evs,CTET विगत वर्ष,2,,88,,,,निम्नलिखित में से कौन-सा विकल्प कक्षा I से V तक ईवीएस पढ़ाने का एक मुख्य उद्देश्य है?,शिक्षार्थियों को कक्षा के अधिगम को स्कूल के बाहर के जीवन से जोड़ने में मदद करना,स्वतंत्र रूप से व्यावहारिक क्रियाकलापों को करने के लिए कौशल प्राप्त करना,विद्यार्थियों को मिडिल स्तर पर विज्ञान पढ़ने के लिए तैयार करना,विषय की मूल अवधारणाओं की गहन समझ विकसित करना,Which of the following option is a major objective of teaching EVS from classes I to V?,Helping learners link classroom learning to life outside the school,Acquiring skills to carry out hands-on activities independently,Preparing students for studying science at the middle level,Developing in-depth understanding of the basic concepts of the subjects,0,CTET 2023-08 Q88,1,2023-08
ctet1,evs,CTET विगत वर्ष,2,,89,,,,अनीता परिवार थीम को पढ़ाने के लिए एक इकाई योजना तैयार करती है। निम्नलिखित में से कौन-सा उसकी इकाई योजना का शीर्षक होगा?,"परिवार : संबंध, लिंग भूमिकाएँ, व्यवसाय, बदलते समय में सामाजिक-सांस्कृतिक इकाई के रूप में",परिवार : घुमंतु परिवार,परिवार के प्रकार : एकल और संयुक्त,परिवार : एक परिवार के भीतर संबंध,Anita prepares a unit plan to teach the theme Family. Which of the following will be the title of her unit plan?,"Family : Relationships, Gender Roles, Occupations, as socio-cultural entity in changing times",Families : Migrating families,Types of Family : Nuclear and Joint,Family : Relationships within a Family,0,CTET 2023-08 Q89,1,2023-08
ctet1,evs,CTET विगत वर्ष,2,,90,,,,"श्रीमती शीतल ईवीएस की विभिन्न अवधारणाओं को समझाने के लिए प्राथमिक कक्षाओं मे कहानियों और कविताओं का उपयोग करना पसंद करती हैं। उनके द्वारा कहानियों और कविताओं के प्रयोग का सबसे उपयुक्त तर्क है: / पाठों को अधिक संवादात्मक, सुखद और दिलचस्प बनाना। Choose the correct option:/सही विकल्प चुनिए :","ईवीएस के पाठ्यक्रम को पूरा करना साथ ही साथ विद्यार्थियों का स्कूल में आने से पहले इनकों सुना होना। / A, C and D/A, C और D",विद्यार्थियों को अपनी कविताओं और कहानियों को लिखने के लिए प्रोत्साहित करना। / B and C/ B और C,विद्यार्थियों को भाषा और संस्कृति में विविधता के बारे में जागरूक बनाना। / A and B/ A और B,"Make the lessons more interactive, enjoyable and interesting/B, C and D/ B, C और D",Ms. Sheetal likes to use stories and poems in primary classes to explain various concepts of EVS. The most appropriate logic for her using stories and poems is to :,Complete the EVS syllabus as wells as students have heard them before coming to school,Encourage the students to write their own poems and stories,Make the students aware of diversity in language and culture,"Make the lessons more interactive, enjoyable and interesting/B, C and D/ B, C और D",3,CTET 2023-08 Q90,1,2023-08
ctet1,hindi,CTET विगत वर्ष,2,,91,,,,कविता का मुख्य स्वर है:,,,,,कविता का मुख्य स्वर है:,स्वतंत्रता,गौरव गाथा,युग-निर्माण,स्त्री-शक्ति,3,CTET 2023-08 Q91,1,2023-08
ctet1,hindi,CTET विगत वर्ष,2,,92,,,,कविता के अनुसार स्वतंत्रता-प्राप्ति में स्त्री की भूमिका ________ है।,,,,,कविता के अनुसार स्वतंत्रता-प्राप्ति में स्त्री की भूमिका ________ है।,अप्रासंगिक,औसत,संज्ञान योग्य,नगण्य,2,CTET 2023-08 Q92,1,2023-08
ctet1,hindi,CTET विगत वर्ष,2,,93,,,,स्त्री के लिए किस ‘विशेषण’ का प्रयोग नहीं किया गया है?,,,,,स्त्री के लिए किस ‘विशेषण’ का प्रयोग नहीं किया गया है?,गौरव,सबला,नींव,अबला,3,CTET 2023-08 Q93,1,2023-08
ctet1,hindi,CTET विगत वर्ष,2,,94,,,,स्त्री की निर्माणकारी शक्ति का भाव कविता की किस पंक्ति में निहित है?,,,,,स्त्री की निर्माणकारी शक्ति का भाव कविता की किस पंक्ति में निहित है?,कमज़ोर न समझो।,युग-निर्माण तुम्हें करना है।,आजादी की खुदी नींव।,जननी हो संपूण्र जगत की।,1,CTET 2023-08 Q94,1,2023-08
ctet1,hindi,CTET विगत वर्ष,2,,95,,,,कविता के अनुसार स्त्री को:,,,,,कविता के अनुसार स्त्री को:,जननी के रूप में ही रहना होगा।,गौरव-गान करते रहना होगा।,पत्थर भरने का कार्य ही करना होगा।,स्वयं की शक्ति को पहचानना होगा।,3,CTET 2023-08 Q95,1,2023-08
ctet1,hindi,CTET विगत वर्ष,2,,96,,,,‘जननी हो संपूर्ण जगत की ........।’ पंक्ति में कौन-सा अलंकार है?,,,,,‘जननी हो संपूर्ण जगत की ........।’ पंक्ति में कौन-सा अलंकार है?,यमक,अनुप्रास,उपमा,रूपक,1,CTET 2023-08 Q96,1,2023-08
ctet1,hindi,CTET विगत वर्ष,2,,97,,,,गद्यांश के अनुसार सबसे धन्यवाद कहने का कारण नहीं है :,,,,,गद्यांश के अनुसार सबसे धन्यवाद कहने का कारण नहीं है :,स्वभाव,दया,स्वार्थ,संस्कृति,1,CTET 2023-08 Q97,1,2023-08
ctet1,hindi,CTET विगत वर्ष,2,,98,,,,‘हर बुराई अज्ञान के अंधकार मे फैलती है।’ से तात्पर्य है :,,,,,‘हर बुराई अज्ञान के अंधकार मे फैलती है।’ से तात्पर्य है :,अज्ञानता के कारण बुराइयाँ फैलती हैं।,अज्ञानी व्यक्ति बुराइयाँ फैलाता है।,अँधेरा होते ही बुराइयाँ फैल जाती है।,अँधेरा सब बुराइयों की जड़ है।,0,CTET 2023-08 Q98,1,2023-08
ctet1,hindi,CTET विगत वर्ष,2,,99,,,,‘सुख-दुख’ का कारण है:,,,,,‘सुख-दुख’ का कारण है:,कर्म,प्रारब्ध,भाग्य,दुर्भाग्य,0,CTET 2023-08 Q99,1,2023-08
ctet1,hindi,CTET विगत वर्ष,2,,100,,,,गद्यांश के अनुसार प्रायश्चित के साथ-साथ मानव को क्या करना चाहिए?,,,,,गद्यांश के अनुसार प्रायश्चित के साथ-साथ मानव को क्या करना चाहिए?,दुख भोगना,सुख भोगना,सफाई करना,पुरुषार्थ,3,CTET 2023-08 Q100,1,2023-08
ctet1,hindi,CTET विगत वर्ष,2,,101,,,,"‘मन की कोठरी को स्वच्छ रखें’, से तात्पर्य है:",,,,,"‘मन की कोठरी को स्वच्छ रखें’, से तात्पर्य है:",मन के अनुसार कार्य करना,मन सब विकारों का कारण है,मन को नियंत्रण मे रखना,मन से बुरे भावों का निष्कासन,3,CTET 2023-08 Q101,1,2023-08
ctet1,hindi,CTET विगत वर्ष,2,,102,,,,जीवन का मुख्य लक्ष्य है:,,,,,जीवन का मुख्य लक्ष्य है:,ईर्ष्या से ऊपर उठना,ईश्वर के प्रति अनासक्ति,ईश्वर की भक्ति करना,ईश्वर के प्रति आभार प्रकट करना,3,CTET 2023-08 Q102,1,2023-08
ctet1,hindi,CTET विगत वर्ष,2,,103,,,,‘स्वार्थ’ का विलोम है:,,,,,‘स्वार्थ’ का विलोम है:,परोपकार,नि:स्वार्थ,प्रयोजन,स्वार्थपरायणता,1,CTET 2023-08 Q103,1,2023-08
ctet1,hindi,CTET विगत वर्ष,2,,104,,,,‘मानवीय’ शब्द में प्रत्यय है:,,,,,‘मानवीय’ शब्द में प्रत्यय है:,इय,य,वीय,ईय,3,CTET 2023-08 Q104,1,2023-08
ctet1,hindi,CTET विगत वर्ष,2,,105,,,,कौन-सा शब्द युग्म समूह से भिन्न है?,,,,,कौन-सा शब्द युग्म समूह से भिन्न है?,अंधकार-अँधेरा,शुद्ध-अशुद्ध,सुख-दुख,ज्ञान-अज्ञान,0,CTET 2023-08 Q105,1,2023-08
ctet1,hindi,CTET विगत वर्ष,2,,106,,,,"निम्नलिखित कथनों को पढ़िए तथा सही विकल्प का चयन कीजिए : अभिकथन (A) : ध्वन्यात्मक वर्तनी के प्रयोग से सही वर्तनी लिखना सीखने की योग्यता मंद पड़ जाती है। तर्क (R) : जब बच्चे पारंपरिक वर्तनी के स्थान पर अपनी ‘आविष्कृत’ वर्तनी का उपयोग करते हैं, तब यह सही वर्तनी लिखने की उनकी योग्यता को मंद नहीं करती हैं।",,,,,"निम्नलिखित कथनों को पढ़िए तथा सही विकल्प का चयन कीजिए : अभिकथन (A) : ध्वन्यात्मक वर्तनी के प्रयोग से सही वर्तनी लिखना सीखने की योग्यता मंद पड़ जाती है। तर्क (R) : जब बच्चे पारंपरिक वर्तनी के स्थान पर अपनी ‘आविष्कृत’ वर्तनी का उपयोग करते हैं, तब यह सही वर्तनी लिखने की उनकी योग्यता को मंद नहीं करती हैं।","(A) सही है, परन्तु (R) गलत है।","(A) गलत है, परन्तु (R) सही है।","(A) और (R) दोनों सही हैं तथा (R), (A) की सही व्याख्या है।","(A) और (R) दोनों सही हैं, परन्तु (R), (A) की सही व्याख्या नहीं है।",1,CTET 2023-08 Q106,1,2023-08
ctet1,hindi,CTET विगत वर्ष,2,,107,,,,"नई भाषा सीखते समय, बहुत से विद्यार्थी भाषा के अद्वितीय उच्चारण संबंधी नियमों के कारण भाषा बोलते समय प्राय: आत्मविश्वास की कमी का सामना करते हैं। इस समस्या को दूर करने का तरीका क्या है?",,,,,"नई भाषा सीखते समय, बहुत से विद्यार्थी भाषा के अद्वितीय उच्चारण संबंधी नियमों के कारण भाषा बोलते समय प्राय: आत्मविश्वास की कमी का सामना करते हैं। इस समस्या को दूर करने का तरीका क्या है?",काउन्सलर के साथ विशेष वाक् थेरेपी सत्र आयोजित किए जाएँ और ड्रिल के माध्यम से अभ्यास किया जाए।,"जब-जब उन्हें समस्या आए, उनकी गलती में सुधार किया जाए।",बच्चे कक्षा में सस्वर वाचन करें।,कक्षा में ऐसे खेलों जैसी गतिविधियों का प्रयोग किया जाए जिसमें मौखिक अन्त:क्रियाएँ अधिक हों।,3,CTET 2023-08 Q107,1,2023-08
ctet1,hindi,CTET विगत वर्ष,2,,108,,,,कक्षा III की अध्यापिका अपने शिक्षार्थियों को नई शब्दावली से परिचित करवा रही है। निम्नलिखित में से कौन-सा नई शब्दावली सिखाने का प्रभावशाली तरीका है?,,,,,कक्षा III की अध्यापिका अपने शिक्षार्थियों को नई शब्दावली से परिचित करवा रही है। निम्नलिखित में से कौन-सा नई शब्दावली सिखाने का प्रभावशाली तरीका है?,अध्यापिका स्थित विशेष के अनुसार उस शब्द का अर्थ समझाने की कोशिश करें।,अध्यापिका श्यामपट्ट पर शब्द का अर्थ लिखे और शिक्षार्थियों को उसे याद करने के लिए कहे।,अध्यापिका शब्दों के विलोम शब्द बताए और बच्चों की भाषा में उन शब्दों के अर्थ बताए।,अध्यापिका बच्चों को शब्दों की ठोस परिभाषा बताए।,0,CTET 2023-08 Q108,1,2023-08
ctet1,hindi,CTET विगत वर्ष,2,,109,,,,भाषा सीखना किससे संबंधित है?,,,,,भाषा सीखना किससे संबंधित है?,उत्पाद,कौशल,अर्जन,प्रक्रिया,1,CTET 2023-08 Q109,1,2023-08
ctet1,hindi,CTET विगत वर्ष,2,,110,,,,"पठन के तरीकों का, पाठक को क्या करना चाहिए, ये मिलान कीजिए : पठन के तरीके पाठक को क्या करना चाहिए A. अनुमान i. लेखक कैसे लिखते हैं, इसके आधार पर यह सुनिश्चित करना चाहिए कि लेखक क्या महसूस करते हैं। B. निष्कर्ष निकालना ii. अपरिचित शब्दों को समझने के लिए पाठ्य-सामग्री के कुछ हिस्सों से मदद लेनी चाहिए। C. संदर्भ से जोड़कर अर्थ निकालना iii. शीर्ष कथन या प्रस्तावना पर ध्यान देते हुए यह देखना चाहिए कि सूचनाएँ किस तरह से संरचित की गई हैं। D. गहन पठन iv. पाठ्य-पुस्तक में भाषा का किस तरह से प्रयोग किया गया है, इस पर ध्यान केन्द्रित करना चाहिए। E. पाठ्य-वस्तु के संयोजन की पहचान v. पाठ्य-सामग्री किस बारे में है, यह जानने के लिए शीर्षकों और चित्रों का प्रयोग करना चाहिए।",,,,,"पठन के तरीकों का, पाठक को क्या करना चाहिए, ये मिलान कीजिए : पठन के तरीके पाठक को क्या करना चाहिए A. अनुमान i. लेखक कैसे लिखते हैं, इसके आधार पर यह सुनिश्चित करना चाहिए कि लेखक क्या महसूस करते हैं। B. निष्कर्ष निकालना ii. अपरिचित शब्दों को समझने के लिए पाठ्य-सामग्री के कुछ हिस्सों से मदद लेनी चाहिए। C. संदर्भ से जोड़कर अर्थ निकालना iii. शीर्ष कथन या प्रस्तावना पर ध्यान देते हुए यह देखना चाहिए कि सूचनाएँ किस तरह से संरचित की गई हैं। D. गहन पठन iv. पाठ्य-पुस्तक में भाषा का किस तरह से प्रयोग किया गया है, इस पर ध्यान केन्द्रित करना चाहिए। E. पाठ्य-वस्तु के संयोजन की पहचान v. पाठ्य-सामग्री किस बारे में है, यह जानने के लिए शीर्षकों और चित्रों का प्रयोग करना चाहिए।","A-ii, B-i, C-iii, D-iv, E-v","A-iv, B-iii, C-ii, D-i, E-v","A-v, B-i, C-ii, D-iv, E-iii","A-i, B-iv, C-v, D-ii, E-iii",2,CTET 2023-08 Q110,1,2023-08
ctet1,hindi,CTET विगत वर्ष,2,,111,,,,"उस युक्ति का चयन कीजिए जो नीचे दिए गए उदाहरण से मेल खाती है। ‘मैं भाषा पर ध्यान केन्द्रित रखती हूँ, मैं इस बात का पूरा ध्यान रखती हूँ कि यह सही हो।’",,,,,"उस युक्ति का चयन कीजिए जो नीचे दिए गए उदाहरण से मेल खाती है। ‘मैं भाषा पर ध्यान केन्द्रित रखती हूँ, मैं इस बात का पूरा ध्यान रखती हूँ कि यह सही हो।’",स्व-निरीक्षण,पर-भाषा-व्यवहार (ट्रांस्लैंग्युजिंग),याद करना,पुनरावृत्ति करना (दोहराना),0,CTET 2023-08 Q111,1,2023-08
ctet1,hindi,CTET विगत वर्ष,2,,112,,,,"कक्षा II के विद्यार्थी एक कविता गा रहे हैं -‘‘यह मेरी नाक हैं, ये मेरे कान।’’ यह कविता गाते समय वे शरीर के जिस अंग का नाम लेते हैं, उस अंग को स्पर्श भी करते हैं। अध्यापिका किस विधि का प्रयोग कर उन्हें सिखा रही है?",,,,,"कक्षा II के विद्यार्थी एक कविता गा रहे हैं -‘‘यह मेरी नाक हैं, ये मेरे कान।’’ यह कविता गाते समय वे शरीर के जिस अंग का नाम लेते हैं, उस अंग को स्पर्श भी करते हैं। अध्यापिका किस विधि का प्रयोग कर उन्हें सिखा रही है?",समग्र भौतिक प्रतिक्रिया,विभिन्न दर्शन ग्राही,श्रव्य-भाषिक,सम्प्रेषणात्मक भाषा शिक्षण,0,CTET 2023-08 Q112,1,2023-08
ctet1,hindi,CTET विगत वर्ष,2,,113,,,,विद्यार्थी पिछली इकाई से शब्द लेकर पाँच प्रश्नों के उत्तर समूह में देने का काम कर रहे हैं। वे अपने सवालों को दूसरे समूहों के साथ अदला-बदली करते हैं और सवालों के उत्तर देने की कोशिश करते हैं। यह किसका उदाहरण हैं?,,,,,विद्यार्थी पिछली इकाई से शब्द लेकर पाँच प्रश्नों के उत्तर समूह में देने का काम कर रहे हैं। वे अपने सवालों को दूसरे समूहों के साथ अदला-बदली करते हैं और सवालों के उत्तर देने की कोशिश करते हैं। यह किसका उदाहरण हैं?,पठन आकलन,सहपाठी आकलन,स्व-आकलन,पृष्ठ-पोषण (फीडबैक),1,CTET 2023-08 Q113,1,2023-08
ctet1,hindi,CTET विगत वर्ष,2,,114,,,,"मुझे यह काम बहुत ही पसंद है-जब अध्यापिका मुझे एक कार्ड देती है, जिस पर कोई शब्द या वाक्य लिखा होता है। मैं उससे संबंधित अभिनय करती हूँ और समूची कक्षा उस शब्द/वाक्य के बारे में अनुमान लगाती है। शिक्षार्थी की प्राथमिकताओं के साथ शिक्षार्थी की टिप्पणी की पहचान कीजिए।",,,,,"मुझे यह काम बहुत ही पसंद है-जब अध्यापिका मुझे एक कार्ड देती है, जिस पर कोई शब्द या वाक्य लिखा होता है। मैं उससे संबंधित अभिनय करती हूँ और समूची कक्षा उस शब्द/वाक्य के बारे में अनुमान लगाती है। शिक्षार्थी की प्राथमिकताओं के साथ शिक्षार्थी की टिप्पणी की पहचान कीजिए।",जब मैं कार्ड से वाक्य को याद करती हूँ तो मुझे भाषा अच्छी तरह से याद रहती है।,जब मैं गति-बोधक तरीके से संलग्न रहती हूँ तो मुझे भाषा अच्छी तरह से याद रहती है।,जब मैं देखती हूँ तो मुझे भाषा अच्छी तरह से याद रहती है।,जब मैं सुनती हूँ तो मुझे भाषा अच्छी तरह से याद रहती है।,1,CTET 2023-08 Q114,1,2023-08
ctet1,hindi,CTET विगत वर्ष,2,,115,,,,निम्नलिखित कथनों को पढ़िए तथा सही विकल्प का चयन कीजिए : अभिकथन (A) : विद्यालय में प्रवेश करने वाले सभी बच्चे अपनी आयु अनुसार भाषा के सक्षम प्रयोगकर्ता होते हैं। तर्क (R) : भाषिक और सांस्कृतिक विविधता के कारण वे अपनी योग्यताओं का प्रदर्शन नहीं कर पाते हैं।,,,,,निम्नलिखित कथनों को पढ़िए तथा सही विकल्प का चयन कीजिए : अभिकथन (A) : विद्यालय में प्रवेश करने वाले सभी बच्चे अपनी आयु अनुसार भाषा के सक्षम प्रयोगकर्ता होते हैं। तर्क (R) : भाषिक और सांस्कृतिक विविधता के कारण वे अपनी योग्यताओं का प्रदर्शन नहीं कर पाते हैं।,"(A) सही है, परन्तु (R) गलत है।","(A) गलत है, परन्तु (R) सही है।","(A) और (R) दोनों सही है तथा (A), (R) की सही व्याख्या है।","(A) और (R) दोनों सही है तथा (A), (R) की सही व्याख्या नहीं है।",0,CTET 2023-08 Q115,1,2023-08
ctet1,hindi,CTET विगत वर्ष,2,,116,,,,"कक्षा V का मंजीत अपने अध्यापक से अलग शैली में बात करता है, अपने मित्रों से कुछ अलग तरह से और एक दो-वर्षीय बच्चे से कुछ अलग तरह से बात करता है। इसका तात्पर्य यह हुआ कि मंजीत जानता है कि सामाजिक स्थितियों में भाषा का प्रयोग किस तरह से करना है। भाषा के इस गुण को किस रूप में जाना जाता है?",,,,,"कक्षा V का मंजीत अपने अध्यापक से अलग शैली में बात करता है, अपने मित्रों से कुछ अलग तरह से और एक दो-वर्षीय बच्चे से कुछ अलग तरह से बात करता है। इसका तात्पर्य यह हुआ कि मंजीत जानता है कि सामाजिक स्थितियों में भाषा का प्रयोग किस तरह से करना है। भाषा के इस गुण को किस रूप में जाना जाता है?",उपयोगितावादी,वाक्गत,प्रकृतिवादी,अर्थगत,0,CTET 2023-08 Q116,1,2023-08
ctet1,hindi,CTET विगत वर्ष,2,,117,,,,"एक माँ ने इस बात की ओर ध्यान दिया कि उसकी बच्ची कभी-कभी ऐसे शब्द बोल जाती है जो न तो उसने कभी किसी वयस्क से सुने हैं और न ही अपने भाई-बहनों से सुने हैं। इस बात को लेकर वह भ्रमित है, क्योंकि उसका मानना है कि बच्चे अपने परिवार और आस-पास के परिवेश में लोगों का अनुकरण करके भाषा सीखते हैं। उसका यह मत किससे प्रतिध्वनित (मेल खाना) होता है?",,,,,"एक माँ ने इस बात की ओर ध्यान दिया कि उसकी बच्ची कभी-कभी ऐसे शब्द बोल जाती है जो न तो उसने कभी किसी वयस्क से सुने हैं और न ही अपने भाई-बहनों से सुने हैं। इस बात को लेकर वह भ्रमित है, क्योंकि उसका मानना है कि बच्चे अपने परिवार और आस-पास के परिवेश में लोगों का अनुकरण करके भाषा सीखते हैं। उसका यह मत किससे प्रतिध्वनित (मेल खाना) होता है?",रचनावाद,बहुभाषावाद,सहजवाद (प्राकृतवाद),व्यवहारवाद,3,CTET 2023-08 Q117,1,2023-08
ctet1,hindi,CTET विगत वर्ष,2,,118,,,,कौशलों के उस समूह को क्या कहेंगे जो बच्चे औपचारिक पठन निर्देश शुरू करने से पहले विकसित कर लेते हैं और जो बाद के अकादमिक कौशलों के लिए बुनियाद प्रदान करता है।,,,,,कौशलों के उस समूह को क्या कहेंगे जो बच्चे औपचारिक पठन निर्देश शुरू करने से पहले विकसित कर लेते हैं और जो बाद के अकादमिक कौशलों के लिए बुनियाद प्रदान करता है।,उदगामी गुणधर्म,उद्गामी साक्षरता,उद्गामी (इमरजेंट) समाधान,उद्गामी पाठ्यचर्या,1,CTET 2023-08 Q118,1,2023-08
ctet1,hindi,CTET विगत वर्ष,2,,119,,,,"एक दादी/नानी अपने घर में छोटे बच्चों को पुस्तकों से कहानियाँ पढ़कर सुनाना पसंद करती है। इस तरह से वह उन्हें पुस्तकों व नए विचारों से परिचित करवाती है, और बच्चे भी इस प्रक्रिया में सक्रिय रूप से संलग्न रहते हैं। इस तकनीक को किस रूप में जाना जाता है?",,,,,"एक दादी/नानी अपने घर में छोटे बच्चों को पुस्तकों से कहानियाँ पढ़कर सुनाना पसंद करती है। इस तरह से वह उन्हें पुस्तकों व नए विचारों से परिचित करवाती है, और बच्चे भी इस प्रक्रिया में सक्रिय रूप से संलग्न रहते हैं। इस तकनीक को किस रूप में जाना जाता है?",संभाषिक पठन,सस्वर पठन,मॉडल पठन,साझा पठन,0,CTET 2023-08 Q119,1,2023-08
ctet1,hindi,CTET विगत वर्ष,2,,120,,,,"पठन, सिखाने का वह उपागम जिसमें मूल तत्त्वों जैसे वर्णों और स्वनिम से शुरू किया जाता है और जिसमें बच्चों को यह सिखाया जाता है कि समग्र रूप से पठन सीखने से पहले स्वनिम को शब्दों से मिलाया जाता है, इस उपागम को क्या कहेंगे?",,,,,"पठन, सिखाने का वह उपागम जिसमें मूल तत्त्वों जैसे वर्णों और स्वनिम से शुरू किया जाता है और जिसमें बच्चों को यह सिखाया जाता है कि समग्र रूप से पठन सीखने से पहले स्वनिम को शब्दों से मिलाया जाता है, इस उपागम को क्या कहेंगे?",समग्र भाषा उपागम,संरचनात्मक उपागम,शीर्ष-अधोमुखी (टॉप-डाउन) उपागम,अधोमुखी (बॉटम-अप) उपागम,3,CTET 2023-08 Q120,1,2023-08
ctet1,english,CTET विगत वर्ष,2,,121,,,,A teacher can develop the listening skills of language learners by :,,,,,A teacher can develop the listening skills of language learners by :,creating opportunities for learners to listen to a variety of language sources and people and engaging in other listening activities.,making the learners listen to everything they hear passively,speaking continuously to learners both within the classroom and outside,focusing only on listening skills without associating them with other language skills.,0,CTET 2023-08 Q121,1,2023-08
ctet1,english,CTET विगत वर्ष,2,,122,,,,Read the following statements and choose the correct option : Assertion (A) : Accuracy in language is most important at the primary level. Reason (R) : Grammar is an integral part of the primary curriculum.,,,,,Read the following statements and choose the correct option : Assertion (A) : Accuracy in language is most important at the primary level. Reason (R) : Grammar is an integral part of the primary curriculum.,"(A) is true, but (R) is false.","(A) is false, but (R) is true.",Both (A) and (R) are true and (R) is the correct explanation of (A).,"Both (A) and (R) are true, but (R) is not the correct explanation of (A).",1,CTET 2023-08 Q122,1,2023-08
ctet1,english,CTET विगत वर्ष,2,,123,,,,"Theoretical positions and beliefs about the nature of language, the nature of language learning, and the applicability of both to pedagogical settings is :",,,,,"Theoretical positions and beliefs about the nature of language, the nature of language learning, and the applicability of both to pedagogical settings is :",Approach,Technique,Syllabus,Content,0,CTET 2023-08 Q123,1,2023-08
ctet1,english,CTET विगत वर्ष,2,,124,,,,Formative evaluation is :,,,,,Formative evaluation is :,carried out at a pre-specified or particular stage in the course.,not subected to change.,what is happening in the teaching-learning process.,related to ongoing development and improvement.,3,CTET 2023-08 Q124,1,2023-08
ctet1,english,CTET विगत वर्ष,2,,125,,,,"While planning lessons for young learners, the teacher decided to focus on the Total Physical Response (TPR) method. Which one of the following should be used to include TPR in the lesson?",,,,,"While planning lessons for young learners, the teacher decided to focus on the Total Physical Response (TPR) method. Which one of the following should be used to include TPR in the lesson?",Must add some listening activity in class.,Must keep activities aside and instead ask questions and motivate them to respond.,Must ensure to add some bodily activities in class.,Choose ativities that help them stay in their seats and work in pairs or groups.,2,CTET 2023-08 Q125,1,2023-08
ctet1,english,CTET विगत वर्ष,2,,126,,,,Which approach to grammar encourages the belief that learning a language is a mater of learning rules?,,,,,Which approach to grammar encourages the belief that learning a language is a mater of learning rules?,Communicative,Grammar Translation,Deductive,Inductive,2,CTET 2023-08 Q126,1,2023-08
ctet1,english,CTET विगत वर्ष,2,,127,,,,A teacher is planning to give a free writing task to learners in Class V. Which one of the following should be focused on most by the teacher?,,,,,A teacher is planning to give a free writing task to learners in Class V. Which one of the following should be focused on most by the teacher?,Both fluency and accuracy of the content,The handwriting of the learner,Accuracy of the content,Fluency of the content,3,CTET 2023-08 Q127,1,2023-08
ctet1,english,CTET विगत वर्ष,2,,128,,,,Top-down means 'attend to the overall meaning'. What does 'bottom-up' mean?,,,,,Top-down means 'attend to the overall meaning'. What does 'bottom-up' mean?,Focus on the words and phrases of the text,Focus on asking short answer type questions,Focus on the gist of the text and abstract ideas,Focus on pre-reading,0,CTET 2023-08 Q128,1,2023-08
ctet1,english,CTET विगत वर्ष,2,,129,,,,Which among these is the primary responsibility of the language teacher?,,,,,Which among these is the primary responsibility of the language teacher?,Grouping learners into different classes,Instructing the learners,Identifying the learner's communicative needs,Selecting suitable content for teaching,2,CTET 2023-08 Q129,1,2023-08
ctet1,english,CTET विगत वर्ष,2,,130,,,,"A young child picks up a book, holds it right side up, and turns the pages. These activities demonstrate :",,,,,"A young child picks up a book, holds it right side up, and turns the pages. These activities demonstrate :",emergent properties,emergent solution skills,emergent literacy skills,emergent curriculum,2,CTET 2023-08 Q130,1,2023-08
ctet1,english,CTET विगत वर्ष,2,,131,,,,Read the following statements and choose the correct option : Assertion (A) : Learners acquire languages since they are genetically predisposed to do so and the environment does not play any role in it. Reason (R) : The learner-centered classroom environment has a great impact on language acquisition.,,,,,Read the following statements and choose the correct option : Assertion (A) : Learners acquire languages since they are genetically predisposed to do so and the environment does not play any role in it. Reason (R) : The learner-centered classroom environment has a great impact on language acquisition.,"(A) is true, but (R) is false.","(A) is false, but (R) is true.",Both (A) and (R) are true and (R) is the correct explanation of (A).,"Both (A) and (R) are true, but (R) is not the correct explanation of (A).",1,CTET 2023-08 Q131,1,2023-08
ctet1,english,CTET विगत वर्ष,2,,132,,,,A way to teach reading that emphasises understanding the meaning of words from the context in which they appear is:,,,,,A way to teach reading that emphasises understanding the meaning of words from the context in which they appear is:,Whole language approach,Structural approach,Communicative approach,Bottom-up approach,0,CTET 2023-08 Q132,1,2023-08
ctet1,english,CTET विगत वर्ष,2,,133,,,,The ability to think and talk about language is :,,,,,The ability to think and talk about language is :,Emergent literacy,Metalinguistic ability,Phonological awareness,Proficiency,1,CTET 2023-08 Q133,1,2023-08
ctet1,english,CTET विगत वर्ष,2,,134,,,,A mother asked the teacher of Class II how it was possible for her child to Sometimes say things that she had never heard any adults or siblings say. How is it possible? Which one of the following is the apt answer to this question?,,,,,A mother asked the teacher of Class II how it was possible for her child to Sometimes say things that she had never heard any adults or siblings say. How is it possible? Which one of the following is the apt answer to this question?,A child learns language when we reinforce the development of the child's language.,"As per the constructivist approach, children can invent new languages",Children learn language only by imitating adults.,The human brain is innately wired to learn language.,3,CTET 2023-08 Q134,1,2023-08
ctet1,english,CTET विगत वर्ष,2,,135,,,,"A teachnique used to facilitate early literacy, which involves an adult and a child looking at a book together while the adult asks questions and encourages a dialogue, followed by switching roles so that the child asks questions to the adult, is called:",,,,,"A teachnique used to facilitate early literacy, which involves an adult and a child looking at a book together while the adult asks questions and encourages a dialogue, followed by switching roles so that the child asks questions to the adult, is called:",Dialogic reading,Storytelling,Model reading,Shared reading,0,CTET 2023-08 Q135,1,2023-08
ctet1,english,CTET विगत वर्ष,2,,136,,,,Which one of the following statements is true?,,,,,Which one of the following statements is true?,She lived in a small and shabby house.,Uncle Henry's house was freshly painted.,Dorothy's parents were rich farmers,Uncle Henry had a big farm.,0,CTET 2023-08 Q136,1,2023-08
ctet1,english,CTET विगत वर्ष,2,,137,,,,Which one of the following statements is true?,,,,,Which one of the following statements is true?,Dorothy slept in a big wooden bed.,There was not tall tree near the house.,The house was a comfortable brick house.,"It was made of wood, as wood was easily available.",1,CTET 2023-08 Q137,1,2023-08
ctet1,english,CTET विगत वर्ष,2,,138,,,,"Study the following statements: (A) In the vast grassland, Uncle Henry's was the only house. (B) There was sun-baked gray grass all around. (C) In the middle of the prairies was a green field ploughed by Uncle Henry. Choose the correct option :",,,,,"Study the following statements: (A) In the vast grassland, Uncle Henry's was the only house. (B) There was sun-baked gray grass all around. (C) In the middle of the prairies was a green field ploughed by Uncle Henry. Choose the correct option :","A and C are right, but B is wrong.","A and B are wrong, but C is right.","A and B are right, but C is wrong","B and C are right, but A is wrong.",2,CTET 2023-08 Q138,1,2023-08
ctet1,english,CTET विगत वर्ष,2,,139,,,,Study the following statements:,,,,,Study the following statements:,Uncle Henry had a tractor trolley in which wood was caried / Both A and B are right.,The wood for the house was carried from far away. Choose the correct option : / Both A and B are wrong.,A is right and B is wrong.,B is right and A is wrong.,3,CTET 2023-08 Q139,1,2023-08
ctet1,english,CTET विगत वर्ष,2,,140,,,,Which of the following statements are true (T) and which ones are false (F)? (1) The fear of a cyclone loomed large on the family (2) They hadbuilt a shelter for protection against wind and rain. (3) Around the house there was nothing to reduce the impact of a storm. (4) Their drawing room had only three or four chairs. Choose the correct option :,,,,,Which of the following statements are true (T) and which ones are false (F)? (1) The fear of a cyclone loomed large on the family (2) They hadbuilt a shelter for protection against wind and rain. (3) Around the house there was nothing to reduce the impact of a storm. (4) Their drawing room had only three or four chairs. Choose the correct option :,FFTT,TFTF,FTFT,TTTF,1,CTET 2023-08 Q140,1,2023-08
ctet1,english,CTET विगत वर्ष,2,,141,,,,"……. with Uncle Henry, who was a farmer.' The underlined word is aam ……. clause.",,,,,"……. with Uncle Henry, who was a farmer.' The underlined word is aam ……. clause.",Adective,Adverb,Principal,Noun,0,CTET 2023-08 Q141,1,2023-08
ctet1,english,CTET विगत वर्ष,2,,142,,,,'a cupboard for the dishes.' The underlined word is aan _________.,,,,,'a cupboard for the dishes.' The underlined word is aan _________.,Adverb,Article,Conunction,Preposition,3,CTET 2023-08 Q142,1,2023-08
ctet1,english,CTET विगत वर्ष,2,,143,,,,There was no garret at all. The underlined word nearly means the same as a ________.,,,,,There was no garret at all. The underlined word nearly means the same as a ________.,Toilet,Pantry,Loft,Study,2,CTET 2023-08 Q143,1,2023-08
ctet1,english,CTET विगत वर्ष,2,,144,,,,Father was very particular about dressing:,,,,,Father was very particular about dressing:,As be was rich enough to buy good clothes.,As he wanted to follow the proper dress code.,To impress the udges.,To impress his family.,1,CTET 2023-08 Q144,1,2023-08
ctet1,english,CTET विगत वर्ष,2,,145,,,,Which of the following statements are truefalse? A. Father avoided eating in the court canteen. B. He liked to drink hot tea during the day. C. He carried case files wrapped in a cloth. Choose the correct option:,,,,,Which of the following statements are truefalse? A. Father avoided eating in the court canteen. B. He liked to drink hot tea during the day. C. He carried case files wrapped in a cloth. Choose the correct option:,"C and A are true, but B is false.","A and B are false, but C is true.","A and B are true, but C is false.","B and C are true, but A is false.",0,CTET 2023-08 Q145,1,2023-08
ctet1,english,CTET विगत वर्ष,2,,146,,,,Which of the following statements is wrong?,,,,,Which of the following statements is wrong?,He argued his cases logically and persuasively.,He was the preferred lawyer of some clients.,Young advocates wanted to learn from him.,Only a few were ealous of his popularity.,3,CTET 2023-08 Q146,1,2023-08
ctet1,english,CTET विगत वर्ष,2,,147,,,,Which of the following statements are truefalse? A. Even the udges recognized his legal acumen. B. He preferred his legal obligations to family obligations. Choose the correct option:,,,,,Which of the following statements are truefalse? A. Even the udges recognized his legal acumen. B. He preferred his legal obligations to family obligations. Choose the correct option:,Both A and B are true.,Both A and B are false.,A is true and B is false.,B is true and A is false.,0,CTET 2023-08 Q147,1,2023-08
ctet1,english,CTET विगत वर्ष,2,,148,,,,"'His arguments were forceful, coherent, ………….' Choose the word similar in meaning to the underlined one.",,,,,"'His arguments were forceful, coherent, ………….' Choose the word similar in meaning to the underlined one.",witless,calculating,reasonable,crazy,2,CTET 2023-08 Q148,1,2023-08
ctet1,english,CTET विगत वर्ष,2,,149,,,,'………. a bundle countaining court papers.' The underlined word is aan:,,,,,'………. a bundle countaining court papers.' The underlined word is aan:,Adective,Adverb,Noun,Verb,3,CTET 2023-08 Q149,1,2023-08
ctet1,english,CTET विगत वर्ष,2,,150,,,,'One client was particular that my father ……' The underlined expression is an _________ clause.,,,,,'One client was particular that my father ……' The underlined expression is an _________ clause.,Adective,Adverb,Principal,Noun,2,CTET 2023-08 Q150,1,2023-08
ctet1,cdp,CTET विगत वर्ष,2,,1,,,,"परीक्षार्थी का नाम (बड़े अक्षरों में) : Roll Number (अनुक्रमांक) : in figures (अंकों में) ________________________________________________________________________________________________ : in words (शब्दों में) ________________________________________________________________________________________________ Centre of Examination (in Capital Letters) : _____________________________________________________________________________________________________ परीक्षा केन्द्र (बड़े अक्षरों में) : Candidate’s Signature : _______________________________________________ Invigilator’s Signature : _________________________________________________ परीक्षार्थी के हस्ताक्षर : निरीक्षक के हस्ताक्षर : Facsimile signature stamp of Centre Superintendent : ____________________________________________________________________________________________ परीक्षार्थियों के लिए निर्देश 1. OMR उत्तर पत्र इस परीक्षा पुस्तिका के अन्दर रखा है। जब आपको परीक्षा पुस्तिका खोलने को कहा जाए, तो उत्तर पत्र निकाल कर पृष्ठ-1 एवं पृष्ठ-2 पर ध्यान से केवल नीले/काले बॉल पॉइंट पेन से विवरण भरें। 2. परीक्षा की अवधि 2½ घंटे हैं एवं परीक्षा में 150 प्रश्न हैं। कोई ऋणात्मक अंकन नहीं है। 3. इस पृष्ठ पर विवरण अंकित करने एवं उत्तर पत्र पर निशान लगाने के लिए केवल नीले/काले बॉल पॉइंट पेन का प्रयोग करें। 4. इस पुस्तिका का कोड A है। यह सुनिश्चित कर लें कि इस पुस्तिका का कोड, उत्तर पत्र के पृष्ठ-2 पर छपे कोड से मिलता है। यह भी सुनिश्चित कर लें कि परीक्षा पुस्तिका संख्या और उत्तर पत्र संख्या मिलते हैं। अगर यह भिन्न हों तो परीक्षार्थी दूसरी परीक्षा पुस्तिका और उत्तर पत्र लेने के लिए निरीक्षक को तुरन्त अवगत कराएँ। 5. इस परीक्षा पुस्तिका में पाँच भाग I, II, III, IV और V हैं, जिनमें 150 वस्तुनिष्ठ प्रश्न हैं, तथा प्रत्येक 1 अंक का है : : बाल विकास व शिक्षाशास्त्र (प्रश्न सं. 1-30) : गणित (प्रश्न सं. 31-60) (प्रश्न सं. 61-90) (प्रश्न सं. 91-120) (प्रश्न सं. 121-150) 6. भाग-IV में भाषा-I के लिए 30 प्रश्न और भाग-V में भाषा-II के लिए 30 प्रश्न दिए गए हैं। इस परीक्षा पुस्तिका में केवल अंग्रेज़ी व हिन्दी भाषा से संबंधित प्रश्न दिए गए हैं। यदि भाषा-I और/या भाषा-II में आपके द्वारा चुनी गई भाषा(एँ) अंग्रेज़ी या हिन्दी के अलावा है/हैं तो कृपया A कोड वाली उस भाषा वाली परिशिष्ट (भाषा) परीक्षा पुस्तिका माँग लीजिए। जिन भाषाओं के प्रश्नों के उत्तर आप दे रहे हैं वह आवेदन पत्र में चुनी गई भाषाओं से अवश्य मेल खानी चाहिए। भाषाओं का परिवर्तन अनुमन्य नहीं है। 7. परीक्षार्थी भाषा-II (भाग-V) के लिए, भाषा सूची से ऐसी भाषा चुनें जो उनके द्वारा भाषा-I (भाग-IV) में चुनी गई भाषा से भिन्न हो। 8. रफ कार्य परीक्षा पुस्तिका में इस प्रयोजन के लिए दी गई खाली जगह पर ही करें। 9. सभी उत्तर केवल OMR उत्तर पत्र पर ही अंकित करें। अपने उत्तर ध्यानपूर्वक अंकित करें। उत्तर बदलने हेतु श्वेत रंजक का प्रयोग निषिद्ध है। 10. यदि अंग्रेज़ी और हिन्दी संस्करण के प्रश्नों/उत्तरों में कोई विसंगति हो तो अंग्रेज़ी संस्करण अंतिम माना जायेगा। Main Test Booklet Code / मुख्य परीक्षा पुस्तिका कोड CHILD DEVELOPMENT AND PEDAGOGY / बाल विकास व शिक्षाशास्त्र 1. Which of the following would support continuous and comprehensive evaluation ? / निम्नलिखित में से कौन-सा निरंतर और व्यापक मूल्यांकन का समर्थन करेगा?",सर्वश्रेष्ठ कार्य पोर्टफोलियो,वृद्धि और अधिगम प्रगति पोर्टफोलियो,मानकीकृत उपलब्धि परीक्षण,मानकीकृत बुद्धि परीक्षण,"The OMR Answer Sheet is inside this Test Booklet. When you are directed to open the Test Booklet, take out the Answer Sheet and fill in the particulars on Side-1 and Side-2 carefully with blue/black ball point pen only. 2. The test is of 2½ hours duration and consists of 150 questions. There is no negative marking. 3. Use Blue/Black Ball Point Pen only for writing particulars on this page/ marking responses in the Answer Sheet. 4. The CODE for this Booklet is A. Make sure that the CODE printed on Side-2 of the Answer Sheet is the same as that on this Booklet. Also ensure that your Test Booklet No. and Answer Sheet No. are the same. In case of discrepancy, the candidate should immediately report the matter to the Invigilator for replacement of both the Test Booklet and the Answer Sheet. 5. This Test Booklet has five Parts, I, II, III, IV and V, consisting of 150 Objective Type Questions and each carries 1 mark : : Child Development and Pedagogy (Q.Nos. 1-30) : Mathematics (Q.Nos. 31-60) (Q.Nos. 61-90) (Q.Nos. 91-120) : Language-II (English/Hindi) (Q.Nos. 121-150) 6. for Language-II. In this Test Booklet, only questions pertaining to English and Hindi language have been given. In case the language/s you have opted for as Language-I and/or Language-II is a language other than English or Hindi, please ask for a Supplement (Language) Test Booklet of A Code that contains questions on that language. The languages being answered must tally with the languages opted for in your Application Form. No change in languages is allowed. 7. Candidates are required to attempt questions in Language-II (Part-V) in a language other than the one chosen as Language-I (Part-IV) from the list of languages. 8. Rough work should be done only in the space provided in the Test Booklet for the same. 9. The answers are to be recorded on the OMR Answer Sheet only. Mark your responses carefully. No whitener is allowed for changing answers. 10. In case of any discrepancy in the English and Hindi versions of questions/ answers, English version will be taken as final. Name of the Candidate (in Capital Letters) : ___________________________________________________________________________________________________",Best works portfolio,Growth and learning progress portfolio,Standardized achievement test,Standardized intelligence test,1,CTET 2024-07 Q1,1,2024-07
ctet1,cdp,CTET विगत वर्ष,2,,2,,,,अभिकथन (A) : शिक्षकों को बच्चों के साथ काम करते समय लगातार अपने स्वयं के दृष्टिकोण और पूर्वाग्रहों की जांच करनी चाहिए। कारण (R) : समस्या-समाधान की प्रक्रिया कार्यात्मक स्थिरता से बाधित है। सही विकल्प चुनें।,और (R) दोनों सही हैं और (A) की (R) सही व्याख्या करता है।,और (R) दोनों सही हैं लेकिन (A) की (R) सही व्याख्या नहीं करता है।,सही है लेकिन (R) गलत है।,और (R) दोनों गलत हैं।,Assertion (A) : Teachers should constantly examine their own attitudes and biases while working with children. Reason (R) : The process of problem-solving is hindered by functional fixedness. Choose the correct option.,Both (A) and (R) are true and (R) is the correct explanation of (A). / (A),Both (A) and (R) are true but (R) is not the correct explanation of (A). / (A),(A) is true but (R) is false. / (A),Both (A) and (R) are false. / (A),1,CTET 2024-07 Q2,1,2024-07
ctet1,cdp,CTET विगत वर्ष,2,,3,,,,"गणित में अपने खराब अंकों के बारे में बात करते हुए अवि कहता है, ''मुो अंकों की समा नहीं है’‘। अवि अपने प्रदर्शन का कारण किसको ठहरा रहा है?",Luck / किस्मत,कार्य कठिनाई,कोशिश की कमी,योग्यता का अभाव Direction : Answer the following questions (Q. Nos 1 to 30) by selecting the correct/most appropriate options. निर्देश : निम्नलिखित प्रश्नों (प्र. संख्या 1 से 30) के उत्तर देने के लिए सही/सबसे उपयुक्त विकल्प चुनिए।,While talking about her poor marks in mathematics Avi says “I just don’t have the sense for numbers” Avi is attributing his performance to :,Luck / किस्मत,Task difficulty,Lack of effort,Lack of ability,3,CTET 2024-07 Q3,1,2024-07
ctet1,cdp,CTET विगत वर्ष,2,,4,,,,"लेव वायगोत्स्की के सिद्धांत के अनुसार, छात्रों के सीखने के अनुभव को बेहतर बनाने के लिए निम्नलिखित में से कौन-सा एक अनुशंसित दृष्टिकोण है?",छात्रों को ऐसा काम प्रदान करना जो उनकी समा के वर्तमान स्तर से पूरी तरह से असंबंधित हो।,छात्रों के वर्तमान स्तर पर आधारित उनको उचित समर्थन और मार्गदर्शन के साथ काम प्रदान करना।,छात्रों को कोई सहायता नहीं देना और उन्हें अपने दम पर संघर्ष करने के लिए छोड़ देना।,छात्रों को ऐसा काम प्रदान करना जिसे वे व्यक्तिगत रूप से प्रबंधित और पूरा कर सकें।,"According to Lev Vygotsky’s theory, which of the following is a recommended approach in order to optimize students’ learning experience ?",providing students with work that is completely unrelated to their current level of understanding.,"providing students with work that is just beyond their current level of understanding, with appropriate support and guidance.",providing no support to students and leaving them to struggle on their own.,providing students with work that they can manage and complete individually.,1,CTET 2024-07 Q4,1,2024-07
ctet1,cdp,CTET विगत वर्ष,2,,5,,,,निम्नलिखित में से कौन-सा कथन प्रगतिशील शिक्षा में शिक्षक की भूमिका का सबसे अच्छा वर्णन करता है?,शिक्षक ज्ञान का प्राथमिक स्रोत होते हैं।,शिक्षक एक सुविधाप्रदाता के रूप में कार्य करते हैं।,शिक्षक निर्धारित पाठ्यक्रम को 'ज्यों का त्यों’ लागू करते हैं।,शिक्षक बच्चों को स्वतंत्र रूप से कार्य करने के लिए उनके हाल पर छोड़ देते हैं।,Which of the following statement best describes the role of the teacher in progressive education ?,The teacher is the primary source of knowledge.,The teacher serves as a facilitator.,The teacher implements the prescribed curriculum ‘as it is’.,The teacher leaves the children on their own to work independently.,1,CTET 2024-07 Q5,1,2024-07
ctet1,cdp,CTET विगत वर्ष,2,,6,,,,हॉवर्ड गार्डनर की दी गई बुद्धि की अवधारणा का निहितार्थ है कि :,सभी लोग दुनिया को समान रूप से समाते और संसाधित करते हैं।,अलग-अलग आयामों में लोगों की अलग-अलग योग्यताएँ होती हैं।,बुद्धि का केवल एक ही आयाम होता है।,बुद्धि केवल प्रयोगात्मक अधिगम से संबंधित है।,Howard Gardner’s concept of Intelligence implicates that :,everyone processes and understands the world in the same way.,human beings differ in their abilities in different domains.,intelligence has only one dimension.,intelligence is only about ‘practical’ learning.,1,CTET 2024-07 Q6,1,2024-07
ctet1,cdp,CTET विगत वर्ष,2,,7,,,,निम्नलिखित में से अवधारणा के निरूपण का कौन-सा क्रम बच्चों की संज्ञानात्मक क्षमताओं के उत्तरोत्तर विकास के अनुसार है?,"क्रिया-आधारित, छवि-आधारित, संकेत-आधारित","छवि-आधारित, संकेत-आधारित, क्रिया-आधारित","संकेत-आधारित, क्रिया-आधारित, छवि-आधारित","संकेत-आधारित, छवि-आधारित, क्रिया-आधारित",Which of the following sequence of representation of concept is in accordance with children’s gradual development of cognitive abilities ?,"action-based, image-based, symbol-based","image-based, symbol-based, action-based","symbol-based, action-based, image-based","symbol-based, image-based, action-based",0,CTET 2024-07 Q7,1,2024-07
ctet1,cdp,CTET विगत वर्ष,2,,8,,,,अभिकथन (A) : शिक्षकों को कक्षा में प्रभावी संज्ञान सुनिश्चित करने के लिए बच्चों को संवेगात्मक सहारा देना चाहिए। कारण (R) : संवेग व संज्ञान एक दूसरे से जटिल रूप से संबंधित हैं। सही विकल्प चुनें।,और (R) दोनों सही हैं और (A) की (R) सही व्याख्या करता है।,और (R) दोनों सही हैं लेकिन (A) की (R) सही व्याख्या नहीं करता है।,सही है लेकिन (R) गलत है।,और (R) दोनों गलत हैं।,Assertion (A) : Teachers should provide emotional support to children in the classrooms to ensure effective learning. Reason (R) : Emotions and cognition are related to each other in complex ways. Choose the correct option.,Both (A) and (R) are true and (R) is the correct explanation of (A). / (A),Both (A) and (R) are true but (R) is not the correct explanation of (A). / (A),(A) is true but (R) is false. / (A),Both (A) and (R) are false. / (A),0,CTET 2024-07 Q8,1,2024-07
ctet1,cdp,CTET विगत वर्ष,2,,9,,,,विकास के सन्दर्भ में निम्नलिखित में से कौन-सा कथन सही है?,विकास एक असतत प्रक्रिया है।,"विकास चक्रिय तरीके से होता है, रैखिक नहीं।",विकास विशिष्ट से सामान्य की ओर बढ़ता है।,विकास के विभिन्न पहलू एक-दूसरे से स्वतंत्र होते हैं।,Which of the following statement about development is correct ?,Development is a discontinuous process.,"Development occurs in a spiral manner, not linear.",Development proceeds from specific to general.,Different aspects of development are independent to each other.,1,CTET 2024-07 Q9,1,2024-07
ctet1,cdp,CTET विगत वर्ष,2,,10,,,,"लेव वायगोत्स्की के अनुसार, बच्चे अपने स्वयं के व्यवहार को किस प्रकार नियमित करते हैं?",अनुकूलन की प्रक्रियाएँ द्वारा,आत्म वाक् के प्रयोग द्वारा,संतुलीकरण की प्रक्रिया द्वारा,खुद को पुनर्बलन के उपयोग द्वारा,"According to Lev Vygotsky, children regulate their own behaviour through the :",Processes of adaptation,Use of inner speech,Process of equilibration,Use of self-reinforcement,1,CTET 2024-07 Q10,1,2024-07
ctet1,cdp,CTET विगत वर्ष,2,,11,,,,कक्षा पाँचवीं के बच्चों को तैरने और डूबने की अवधारणाओं को पढ़ाने के लिए संरचनावाद में दृढ़ विश्वास रखने वाले शिक्षकों द्वारा कौन-सा शैक्षणिक दृष्टिकोण अपनाया जाएगा?,व्याख्यान विधि,वीडियो दिखाना,पावर प्वाइंट प्रस्तुतीकरण दिखाना,निर्देशित खोज,Which pedagogical approach would be adopted by teachers who firmly believe in constructivism to teach concepts of floating and sinking to class V children ?,Lecture method,Showing videos,Showing power point presentation,Guided discovery,3,CTET 2024-07 Q11,1,2024-07
ctet1,cdp,CTET विगत वर्ष,2,,12,,,,निम्नलिखित में से कौन सी सार्थक सीखने के लिए एक प्रभावी स्मृति तकनीक नहीं है?,रटने व दोहराव,Mnemonics / स्मृति सहायक विधियाँ,संकल्पना चित्रण,विस्तृत दोहराव,Which of the following is not an effective memory technique for meaningful learning ?,Rote Rehearsal,Mnemonics / स्मृति सहायक विधियाँ,Concept Mapping,Elaborative Rehearsal,0,CTET 2024-07 Q12,1,2024-07
ctet1,cdp,CTET विगत वर्ष,2,,13,,,,निम्नलिखित में से कौन-सा एक अच्छी तरह से तैयार किए गए आलोचनात्मक सोच वाले प्रश्न की विशेषता नहीं है?,यह खुला प्रश्न है और कई उत्तरों को प्रस्तुत करने की अनुमति देता है।,यह मुख्य रूप से तथ्यात्मक जानकारी पर आधारित है।,इसमें सूचना के विश्लेषण और मूल्यांकन की आवश्यकता होती है।,यह उच्च स्तरीय सोच और समस्या समाधान कौशल को बढ़ावा देता है।,Which of the following is not a characteristic of a well-formulated critical thinking question ?,It is open-ended and allows for multiple answers.,It is based primarily on factual information.,It requires analysis and evaluation of information.,It promotes higher-level thinking and problem-solving skills.,1,CTET 2024-07 Q13,1,2024-07
ctet1,cdp,CTET विगत वर्ष,2,,14,,,,अभिकथन (A) : विविध सांस्कृतिक पृष्ठभूमि से छात्रों की जरूरतों को पूरा करने के लिए कक्षा शिक्षण को सांस्कृतिक रूप से उत्तरदायी होना चाहिए। कारण (R) : कक्षा में समता केवल मानकीकृत पाठ्यचर्या व आकलन के द्वारा सुनिश्चित की जा सकती है। सही विकल्प चुनें।,और (R) दोनों सही हैं और (A) की (R) सही व्याख्या करता है।,और (R) दोनों सही हैं लेकिन (A) की (R) सही व्याख्या नहीं करता है।,सही है लेकिन (R) गलत है।,और (R) दोनों गलत हंै।,Assertion (A) : Classroom pedagogy should be culturally responsive to meet the needs of students from diverse cultural backgrounds. Reason (R) : Equity in classroom can be ensured only through standardized curriculum and assessment. Choose the correct option.,Both (A) and (R) are true and (R) is the correct explanation of (A). / (A),Both (A) and (R) are true but (R) is not the correct explanation of (A). / (A),(A) is true but (R) is false. / (A),Both (A) and (R) are false. / (A),2,CTET 2024-07 Q14,1,2024-07
ctet1,cdp,CTET विगत वर्ष,2,,15,,,,"जागृति को पता चल गया है कि उसका कुत्ता रस्टी एक गोल्डन रिट्रीवर है। जब वह एक और कुत्ते को देखती है जो रस्टी जैसा दिखता है लेकिन एक अलग नस्ल का है, तो वह उसे भी कुत्ता ही समाती है। जीन पियाजे के संज्ञानात्मक विकास के सिद्धांत के अनुसार यह किस अवधारणा को प्रदर्शित करता है?",Egocentrism / अहंकेन्द्रिता,वस्तु स्थायित्व,Conservation / संरक्षण,Assimilation / समायोजन,"Jagriti has learned that her dog, Rusty, is a Golden Retriever. When she sees another dog that looks similar to Rusty but is a different breed, she calls it a dog too. According to Jean Piaget’s theory of cognitive development, which concept does this demonstrate ?",Egocentrism / अहंकेन्द्रिता,Object permanence,Conservation / संरक्षण,Assimilation / समायोजन,3,CTET 2024-07 Q15,1,2024-07
ctet1,cdp,CTET विगत वर्ष,2,,16,,,,आनुवंशिकता पूरी तरह से एक व्यक्ति के/की __________ का निर्धारण करती है। (i) सेक्स (ii) जेंडर (iii) शैक्षणिक सफलता (iv) सीखने की शैली,(i) / (i),(ii) / (ii),"(i), (iii), (iv) / (i), (iii), (iv)","(ii), (iii), (iv) / (ii), (iii), (iv)",Heredity totally determine an individual’s : (i) Sex (ii) Gender (iii) Academic Success (iv) Learning Style,(i) / (i),(ii) / (ii),"(i), (iii), (iv) / (i), (iii), (iv)","(ii), (iii), (iv) / (ii), (iii), (iv)",0,CTET 2024-07 Q16,1,2024-07
ctet1,cdp,CTET विगत वर्ष,2,,17,,,,अभिकथन (A) : शिक्षकों को कक्षा में प्रश्न पूछने पर ध्यान देना चाहिए और निर्देश देने के बजाय उन्हें प्रश्न पूछने के लिए प्रोत्साहित करना चाहिए। कारण (R) : बाल-केंद्रित शिक्षाशास्त्र का अर्थ है कक्षा में बच्चों की आवाज को महत्व देना और उनकी प्रतिभागीयता को सुनिश्चित करना। सही विकल्प चुनें।,और (R) दोनों सही हैं और (A) की (R) सही व्याख्या करता है।,और (R) दोनों सही हैं लेकिन (A) की (R) सही व्याख्या नहीं करता है।,सही है लेकिन (R) गलत है।,और (R) दोनों गलत हैं।,Assertion (A) : Teachers should focus on asking questions in classroom and encouraging children also to ask questions rather than giving instructions. Reason (R) : Child-centred pedagogy means giving opportunities to children’s voices and ensuring their participation. Choose the correct option.,Both (A) and (R) are true and (R) is the correct explanation of (A). / (A),Both (A) and (R) are true but (R) is not the correct explanation of (A). / (A),(A) is true but (R) is false. / (A),Both (A) and (R) are false. / (A),0,CTET 2024-07 Q17,1,2024-07
ctet1,cdp,CTET विगत वर्ष,2,,18,,,,दोहराव व बारम्बार किए जाने वाला व्यवहार किसकी विशिष्ट पहचान है?,स्वलीन क्रम विकार की,अधिगमात्मक विकलांगता की,ध्यान न्यूनता अतिक्रियाशीलता विकार की,मस्तिष्क पक्षाघात की,Repetitive and ritualistic behaviour is an identifying characteristic of :,Autism Spectrum Disorder,Learning Disabilities,Attention Deficit Hyperactivity Disorder,Cerebral palsy,0,CTET 2024-07 Q18,1,2024-07
ctet1,cdp,CTET विगत वर्ष,2,,19,,,,शिक्षार्थी अधिगम प्रक्रिया में व्यस्त और सक्रिय रूप से शामिल महसूस करते हैं जब :,गतिविधियाँ उनके संदर्भ से संबंधित होती हैं।,अधिगम का बल दोहराव और रटने पर होता है।,शिक्षार्थियों की सामाजिक-भावनात्मक आवश्यकताओं की उपेक्षा की जाती है।,उनके पूर्व ज्ञान को पृथक किया जाता है और नकारा जाता है।,Learners feel engaged and actively involved in process of learning when :,activities are related to their context.,focus of learning is repetition and memorization.,socio-emotional needs of learners are ignored.,their prior knowledge is discarded and negated.,0,CTET 2024-07 Q19,1,2024-07
ctet1,cdp,CTET विगत वर्ष,2,,20,,,,आमतौर पर 'सीखने की अक्षमता/कठिनाइयों’ वाले बच्चों में :,नजर कमजोर होने के कारण पढऩे में परेशानी होती है।,अपनी भावनाओं को नियंत्रित करने में समस्या होती है।,एक जैसे दिखने वाले अक्षर और वर्ण को लेकर भ्रम होता है।,मानक बुद्धि परीक्षणों के माध्यम से निदानित बहुत कम बुद्धि लब्धि होती है।,Children with ‘learning difficulties’ typically :,Have difficulties in reading due to their poor sight.,Have problems in regulating their emotions.,Have confusion with letter and alphabets that look alike.,Have very low IQ as diagnosed through standard intelligence tests.,2,CTET 2024-07 Q20,1,2024-07
ctet1,cdp,CTET विगत वर्ष,2,,21,,,,"ऐसे बच्चे जिन्होंने बहुत कम उम्र से गंभीर (मानव) सामाजिक अभाव का अनुभव किया है, आमतौर पर उनके विकास में देरी या बाधा उत्पन्न होती है और पुनर्वास के बावजूद विकास के कुछ क्षेत्रों में सुधार अधीनस्थ होने की संभावना है। यह अवधि जिसमें विकास पर्यावरणीय समर्थन से महत्वपूर्ण रूप से प्रभावित होता है, _________ कहलाती है।",निगमनात्मक अवधि,सहज काल,मूल काल,संवेदनशील अवधि,"Feral children, those who experienced severe (human) social deprivation since very young age usually have delayed or hindered development and despite rehabilitation the improvement in certain domains of development is likely to be subordinate. This period wherein development is significantly influenced by environmental support is called _________.",deductive period,intuitive period,native period,sensitive period,3,CTET 2024-07 Q21,1,2024-07
ctet1,cdp,CTET विगत वर्ष,2,,22,,,,विभिन्न जेंडर के व्यवहार के बारे में पूर्वकल्पित सामान्यीकरण क्या कहलाते हैं?,जेंडर रूढ़िवादिता,जेंडर भेदभाव,जेंडर पहचान,जेंडर प्रारूप,Preconceived generalizations about behaviour of various gender are called :,Gender stereotypes,Gender discriminations,Gender identity,Gender typing,0,CTET 2024-07 Q22,1,2024-07
ctet1,cdp,CTET विगत वर्ष,2,,23,,,,एक समावेशी कक्षा में :,विशेष बच्चे’ हमेशा अपने पाठ्यचर्या पर काम करते हैं।,सभी बच्चों की कक्षा की गतिविधियों तक पहुँच है और वे कक्षा की क्रिया में शामिल हैं।,विशेष’ बच्चों को जरूरतमंद और आश्रित के रूप में देखा जाता है।,सभी बच्चे समान पाठ्यचर्या का पालन करते हैं और सभी शिक्षार्थियों के लिए समान शिक्षाशास्त्र अपनाया जाता है।,In an inclusive classroom :,‘Special children’ always work on their own curriculum. / ',All children have access to and are included in classroom activities.,‘Special’ children are looked upon as needy and dependent. / ',All children follow same curriculum and uniform pedagogy is adopted for all learners.,1,CTET 2024-07 Q23,1,2024-07
ctet1,cdp,CTET विगत वर्ष,2,,24,,,,आलोचनात्मक सोच वाले प्रश्न पूछने का प्राथमिक उद्देश्य क्या है?,छात्रों को प्रक्रियात्मक ज्ञान विकसित करने में सक्षम बनाना।,छात्रों के ज्ञान और समा कौशल का आकलन करने के लिए।,उच्च स्तरीय सोच और समस्या समाधान कौशल को बढ़ावा देना।,छात्रों को जानकारी याद रखने के लिए प्रोत्साहित करना।,What is the primary purpose of asking critical thinking questions ?,To enable students to develop procedural knowledge.,To assess students’ knowledge and understanding skills.,To promote higher-level thinking and problem-solving skills.,To encourage students to memorize information.,2,CTET 2024-07 Q24,1,2024-07
ctet1,cdp,CTET विगत वर्ष,2,,25,,,,सामाजिक रचनाविदियों के अनुसार अधिगम की प्रक्रिया के बारे में निम्नलिखित में से कौन-सा कथन सही है?,अधिगम एक व्यक्तिवादी प्रक्रिया है जो अलगाव में होता है।,अधिगम केवल कक्षा या औपचारिक शैक्षिक विन्यास में होता है।,अधिगम एक निष्क्रिय प्रक्रिया है जो केवल अवलोकन के माध्यम से होता है।,अधिगम अर्थ निर्माण की एक सामाजिक प्रक्रिया है।,"Which of the following is correct about the process of learning, according to socio-constructivist theories ?",Learning is an individualistic process that occurs in isolation.,Learning occurs only in a classroom or formal educational setting.,Learning is a passive process that occurs solely through observation.,Learning is a social process of meaning making.,3,CTET 2024-07 Q25,1,2024-07
ctet1,cdp,CTET विगत वर्ष,2,,26,,,,"अभिकथन (A) : जबकि कुछ बच्चे 12 महीने की उम्र में बड़बड़ाना और दो शब्दों का वाक्य बोलना शुरू कर देते हैं, अन्य 20 महीने की उम्र तक ऐसा नहीं करते हैं। कारण (R) : विकासात्मक प्रतिमान केवल सांकेतिक हैं और व्यक्तिगत बच्चों का विकास काफी भिन्न हो सकता है। सही विकल्प चुनें।",और (R) दोनों सही हैं और (A) की (R) सही व्याख्या करता है।,और (R) दोनों सही हैं लेकिन (A) की (R) सही व्याख्या नहीं करता है।,सही है लेकिन (R) गलत है।,और (R) दोनों गलत हैं।,"Assertion (A) : While some children start babbling and uttering two word sentences at 12 months, others don’t do this till they are 20 months old. Reason (R) : Development milestones are only suggestive and development of individual children can be quite varied. Choose the correct option.",Both (A) and (R) are true and (R) is the correct explanation of (A). / (A),Both (A) and (R) are true but (R) is not the correct explanation of (A). / (A),(A) is true but (R) is false. / (A),Both (A) and (R) are false. / (A),0,CTET 2024-07 Q26,1,2024-07
ctet1,cdp,CTET विगत वर्ष,2,,27,,,,बच्चों की लम्बाई और वजन में वृद्धि किसका उदाहरण है?,मात्रात्मक परिवर्तन,गुणात्मक परिवर्तन,भावात्मक परिवर्तन,संज्ञानात्मक परिवर्तन,Growth in height and weight of children is an example of :,Quantitative change,Qualitative change,Change in affective domain,Change in cognitive domain,0,CTET 2024-07 Q27,1,2024-07
ctet1,cdp,CTET विगत वर्ष,2,,28,,,,"हेंज की दुविधा को पेश किए जाने पर, अरुणिमा तर्क देती हैं : ''कानून इन परिस्थितियों के लिए स्थापित नहीं किया गया था। इस स्थिति में दवा लेना वास्तव में सही नहीं है, लेकिन यह उचित है।’’ लॉरेंस कोहलबर्ग के सिद्धांत के अनुसार अरुणिमा नैतिक विकास की कौन-सी अवस्था है?",सामाजिक सरोकार और विवेक,"नैतिकता का विरोधाभास, व्यक्तिगत अधिकार व लोकतांत्रिकता",दंड की ओर उन्मुखीकरण और आज्ञाकारिता स्वीकृत कानून,यांत्रिक उद्देश्य व विनिमय,"When presented with Heinz’s dilemma, Arunima reasons : “The law wasn’t set up for these circumstances. Taking the drug in this situation isn’t really right, but it’s justified.” Which stage of moral development is Arunima according to the theory of Lawrence Kohlberg ?",Social concern and conscience,"Morality of contrast, of individual rights and of democratically",Orientation towards punishment and obedience accepted law,Instrumental purpose and exchange,1,CTET 2024-07 Q28,1,2024-07
ctet1,cdp,CTET विगत वर्ष,2,,29,,,,प्रतिभाशाली बच्चों के संदर्भ में निम्नलिखित में से कौन-सा सही है?,प्रतिभाशाली बच्चे सीखने की अक्षमता के जोखिम से मुक्त होते हैं।,"प्रतिभाशाली बच्चे निश्चित रूप से शैक्षणिक, सामाजिक और भावनात्मक सभी क्षेत्रों में उत्कृष्टता प्राप्त करते हैं।","प्रतिभाशाली छात्र हमेशा खुश, लोकप्रिय और अच्छी तरह से समायोजित होते हैं।",प्रतिभाशाली छात्र अन्य छात्रों की तुलना में अपेक्षाकृत उन्नत गति से सीखते हैं।,Which of the following is correct in context of gifted children ?,Gifted children are free from risk of learning disability.,"Gifted children certainly excel in all areas academic, social and emotional.","Gifted students are always happy, popular and well adjusted.",Gifted students learn at comparatively advanced pace than other students.,3,CTET 2024-07 Q29,1,2024-07
ctet1,cdp,CTET विगत वर्ष,2,,30,,,,"जीन पियाजे के अनुसार, निम्नलिखित में कौन-सी क्षमताएँ पूर्व-संक्रियात्मक अवस्था की विशेषता हैं?",वर्गीकरण और क्रमबद्धता,संरक्षण और अमूर्त चिंतन,नकल और प्रतिवर्तीता,प्रतीकात्मक खेल और जीववाद MATHEMATICS / गणित Direction : Answer the following questions by selecting the correct/most appropriate options. निर्देश : निम्नलिखित प्रश्नों के उत्तर देने के लिए सही/सबसे उपयुक्त विकल्प चुनिए।,"As per Jean Piaget, pre-operational stage is characterized by abilities to perform :",Classification and seriation,Conservation and abstract thinking,Imitation and reversibility,Symbolic play and animism,3,CTET 2024-07 Q30,1,2024-07
ctet1,math,CTET विगत वर्ष,2,,31,,,,गणित की कक्षा में विद्यार्थियों में व्यैक्तिक भिन्नता की पहचान के लिए निम्नलिखित में से कौन सी आकलन तकनीक उपयुक्त नहीं होगी?,योगात्मक आकलन,रचनात्मक आकलन,नैदानिक आकलन,समकक्षी आकलन,"In order to identify individual differences of students in the mathematics class, which of the following assessment technique will not be appropriate ?",Summative assessment,Formative assessment,Diagnostic assessment,Peer assessment,0,CTET 2024-07 Q31,1,2024-07
ctet1,math,CTET विगत वर्ष,2,,32,,,,Which of the following resources is best suited to explain the concept of decimals ?,संख्या चार्ट / और / और,निम्नलिखित में से कौन-सा संसाधन दशमलव की अवधारणा को समाने के लिए सबसे उचित है? / डाइनिस ब्लाक्स / (2) / और / SPACE FOR ROUGH WORK / रफ कार्य के लिए जगह SPACE FOR ROUGH WORK / रफ कार्य के लिए जगह,टेलर का गिनतारा / (4),ग्राफ पेपर सही विकल्प चुनें : (1) केवल / (3),,,,,,1,CTET 2024-07 Q32,1,2024-07
ctet1,math,CTET विगत वर्ष,2,,33,,,,एक कक्षा में विद्यार्थी प्रतिशतता छूट पर आधारित प्रश्नों को हल कर रहे हैं। एक प्रश्न में विद्यार्थियों को प्रत्येक मोटरसाईकिल पर 8% छूट के साथ दो मोटरसाईकिलों के मूल्य का परिकलन करने की आवश्यकता है। एक समूह दोनों मोटरसाईकिलों के कुल मूल्य का परिकलन करता है और फिर कुल मूल्य में से 16% काट लेता है। इस समूह द्वारा प्रयोग की गई विधि :,सही है तथा यह छूट एवं मूल्य का परिकलन करने का एकमात्र तरीका है।,प्रश्न को हल करने की वैकल्पिक कार्यनीति है।,गलत है क्योंकि उन्होंने कुल मूल्य से 8% की जगह 16% छूट काट दी।,गलत है क्योंकि उन्होंने कुल मूल्य से 16% काट दिया बजाय 16% कुल मूल्य के औसत से।,"Students in a class are solving questions based on percentage discounts. One question requires the students to calculate the cost of two bikes, with a 8% discount on each bike. One of the groups calculates the total cost of the bikes and then deducts 16% from the total cost. The method used by this group is :",Correct and is the only way to calculate the discount and cost.,An alternate strategy to solve the question.,"False, since they have deducted 16% discount from the total instead of 8%.","False, since they have deducted 16% from the total instead of 16% from the average of the total.",2,CTET 2024-07 Q33,1,2024-07
ctet1,math,CTET विगत वर्ष,2,,34,,,,Arrangement of fractions 1 in decreasing order is :,,,,63 को अवरोही क्रम में भिन्न प्रकार से लिखा जाता है : / SPACE FOR ROUGH WORK / रफ कार्य के लिए जगह,,,,,,1,CTET 2024-07 Q34,1,2024-07
ctet1,math,CTET विगत वर्ष,2,,36,,,,Which of the following represents the features of a mathematics laboratory ?,यह अनौपचारिक अन्वेषण के द्वारा गणित में आनंद लेने का स्थान है। / और / और,यह प्रयोगों के द्वारा गणितीय प्रमेयों को सिद्ध करने के अवसर प्रदान करती है। / और / और,"निम्नलिखित में से क्या गणित की एक प्रयोगशाला की विशेषताओं को निरूपित करता है? / यह कन्जेक्चर बनाने, उनकी जाँच करने और देखे गए पैटर्न का सामान्यीकरण करने के अवसर प्रदान करती है। / (3)",इसका उपयोग विद्यार्थियों के गणित के ज्ञान का आकलन करने के लिए और तदनुसार उनको ग्रेड देने के लिए किया जाता है। सही विकल्प चुनें : (1) / (2) / (4),,,,,,1,CTET 2024-07 Q36,1,2024-07
ctet1,math,CTET विगत वर्ष,2,,37,,,,One crore is : / एक करोड़ है :,ten million / दस मिलियन,one million / एक मिलियन,one billion / एक बिलियन,सौ मिलियन SPACE FOR ROUGH WORK / रफ कार्य के लिए जगह,,,,,,0,CTET 2024-07 Q37,1,2024-07
ctet1,math,CTET विगत वर्ष,2,,38,,,,"किसी सप्ताह में एक दंत चिकित्सालय में मरीज़ों की संख्या इस प्रकार थी : दिन — मरीजों की संख्या : सोमवार, मंगलवार, बुधवार, बृहस्पतिवार, शुक्रवार, शनिवार इस तालिका के आधार पर, गलत कथन को चुनिए :",आँकड़ों का परिसर 27 है।,अधिकतर दिनों में मरीज़ों की संख्या 30 से अधिक थी।,सोमवार और बुधवार को मरीज़ों की संख्या का अंतर 20 है।,मरीज़ों की कुल संख्या 200 थी। SPACE FOR ROUGH WORK / रफ कार्य के लिए जगह,"In a certain week, the number of patients in a dental clinic was as follows : Day Number of patients Monday Tuesday Wednesday Thursday Friday Saturday Based on above table, choose the wrong statement :",Range of the data is 27,"On most of the days, number of patients was more than 30",Difference between the number of patients on Monday and Wednesday is 20,Total number of patients was 200,3,CTET 2024-07 Q38,1,2024-07
ctet1,math,CTET विगत वर्ष,2,,39,,,,निम्नलिखित में से किन भारतीय गणितज्ञों को 'संख्यात्मक विश्लेषण’ के संस्थापक के रूप में जाना जाता है? (i) रामानुजन (ii) भास्कराचार्य (iii) वराहमिहिर (iv) आर्यभट्ट सही विकल्प चुनें।,(i) and (iii) / (i) और (iii),(ii) and (iv) / (ii) और (iv),(ii) and (iii) / (ii) और (iii),(i) and (iv) / (i) और (iv),Which of the following Indian mathematicians are known as founders of ‘numerical analysis’ ? (i) Ramanujan (ii) Bhaskaracharya (iii) Varahmihir (iv) Aryabhatta Choose the correct option.,(i) and (iii) / (i) और (iii),(ii) and (iv) / (ii) और (iv),(ii) and (iii) / (ii) और (iii),(i) and (iv) / (i) और (iv),0,CTET 2024-07 Q39,1,2024-07
ctet1,math,CTET विगत वर्ष,2,,40,,,,"One egg has a mass of about 65 g, what is the mass of 2 dozen eggs ?",1.56 kg / 1.56 kg,1 kg 56 g / 1 kg 56 g,1.304 kg / 1.304 kg,1 kg 544 g एक अंडे का द्रव्यमान लगभग 65 g है। 2 दर्जन अंडों का द्रव्यमान कितना है? / 1 kg 544 g,,,,,,0,CTET 2024-07 Q40,1,2024-07
ctet1,math,CTET विगत वर्ष,2,,41,,,,Saumya joined her job on 13-01-1992 and she took retirement on 31-03-2023. Duration of her service was :,वर्ष 10 मास और 19 दिन,वर्ष 9 मास और 18 दिन,वर्ष 2 मास और 19 दिन,सौम्या ने 13-01-1992 को नौकरी करना आरंभ किया और 31-03-2023 को उसने सेवानिवृत्ति ले ली। उसकी नौकरी की अवधि थी : / 31 वर्ष 2 मास और 18 दिन,,,,,,2,CTET 2024-07 Q41,1,2024-07
ctet1,math,CTET विगत वर्ष,2,,42,,,,"Two angles of a triangle are 508 and 308. Then, the third angle of the triangle is :",,,,एक त्रिभुज के दो कोण 508 और 308 हैं। तब त्रिभुज का तीसरा कोण है : / SPACE FOR ROUGH WORK / रफ कार्य के लिए जगह,,,,,,0,CTET 2024-07 Q42,1,2024-07
ctet1,math,CTET विगत वर्ष,2,,43,,,,"National Curriculum Framework For Foundational Stage (NCFFS), 2022 highlighted the importance of the following components while teaching an abstract mathematical concept :","बुनियादी स्तर के लिए राष्ट्रीय पाठ्यचर्या रूपरेखा (एन सी एफ एफ एस), 2022 ने अमूर्त गणितीय अवधारणा के शिक्षण के समय निम्नलिखित घटकों के महत्त्व पर प्रकाश डाला : / लिखित चिन्ह / → / → / →",Experience / (2) / → / (4) / → / अनुभव / (2) / → / (4) / →,बोल-चाल वाली भाषा / → / → / → / →,चित्र अमूर्त गणितीय अवधारणा के शिक्षण के समय इन घटकों का कौन-सा निम्नलिखित उपयुक्त क्रम है? (1) / → / (3) / → / →,,,,,,3,CTET 2024-07 Q43,1,2024-07
ctet1,math,CTET विगत वर्ष,2,,44,,,,Two columns are given as shown below : Column - I Column - II,"श्यामपट्ट का एक फलक (i) दो अंत बिंदु होते हैं। / -(ii), / -(iii), / -(iii), / -(i),","एक रेखा (ii) एक अंत बिंदु है। / -(iii), / -(ii), / -(iv), / -(iii),","एक किरण के (iii) एक तल का एक भाग निरूपित करता है। / -(i), / -(i), / -(ii), / -(iv),",दो स्तंभ दिए गए हैं : स्तंभ - I स्तंभ - II / एक रेखाखंड के (iv) की निश्चित लंबाई नहीं होती है। स्तंभ - I और II का मिलान है : (1) / -(iv) (2) / -(iv) (3) / -(i) (4) / -(ii) SPACE FOR ROUGH WORK / रफ कार्य के लिए जगह,,,,,,2,CTET 2024-07 Q44,1,2024-07
ctet1,math,CTET विगत वर्ष,2,,45,,,,22 hm 8 dam is equal to :,22800 m / 22800 m,2208 m / 2208 m,2280 m / 2280 m,22080 m 22 hm 8 dam बराबर है : / 22080 m,,,,,,2,CTET 2024-07 Q45,1,2024-07
ctet1,math,CTET विगत वर्ष,2,,46,,,,"If x : y=p : q, then which of the following is true ?","x+y : y=p+q : q / and / and / , / x+y : y=p+q : q / और / और / ,",केवल / और,"x : p=y : q / (3) / यदि x : y=p : q, तो निम्नलिखित में से कौन-सा सत्य है? / x : p=y : q / (3)",x+y : x−y=p−q : p+q (1) / (4) / x+y : x−y=p−q : p+q (1) / (4),,,,,,3,CTET 2024-07 Q46,1,2024-07
ctet1,math,CTET विगत वर्ष,2,,47,,,,1233210÷5555−222 is equal to :,,,,1233210÷5555−222 बराबर है :,,,,,,1,CTET 2024-07 Q47,1,2024-07
ctet1,math,CTET विगत वर्ष,2,,49,,,,Which of the following are correct examples of the statement “mathematics is hierarchical in levels that are logically structured”.,पूर्णांकों की अवधारणा को संख्याओं के गुणन और भाग की अवधारणा से पूर्व विकसित करने की आवश्यकता होती है। / और / और,"कथन ''गणित उन स्तरों में पदानुक्रमित है जो कि तार्किक रूप से व्यवस्थित हैं’’ के लिए निम्नलिखित में से कौन-से सही उदाहरण हैं? / गुणन, योग की अवधारणा का अनुपालन करता है और उस पर विकसित होता है। / (2) / और",संख्या बोध को योग और व्यवकलन की अवधारणा से पूर्व विकसित करने की आवश्यकता होती है। सही विकल्प चुनें : (1) / (3) / (4) केवल,,,,,,,1,CTET 2024-07 Q49,1,2024-07
ctet1,math,CTET विगत वर्ष,2,,50,,,,12 thousand+13 hundred+2 tens is equal to :,12132 / 12132,130132 / 130132,13320 / 13320,121320 12 हजार +13 सौ +2 दस बराबर है : / 121320,,,,,,2,CTET 2024-07 Q50,1,2024-07
ctet1,math,CTET विगत वर्ष,2,,51,,,,"समीकरण पढ़ाते समय शिक्षिका अद्वितीय हल वाले रैखिक समीकरण की अवधारणा को समाती है। वह आगे पूछती है, ''अगर हल दिया गया हो तो आप कितने समीकरण बना सकते है’’? सही विकल्प चुनें :",One equation / एक समीकरण,No equation / कोई समीकरण नहीं,कई समीकरण,दो समीकरण SPACE FOR ROUGH WORK / रफ कार्य के लिए जगह,"While teaching equations a teacher explains the concept of a linear equation having unique solution. She further asks, “If a solution is given then how many equations you can create” ? Choose the correct option :",One equation / एक समीकरण,No equation / कोई समीकरण नहीं,Many equations,Two equations,2,CTET 2024-07 Q51,1,2024-07
ctet1,math,CTET विगत वर्ष,2,,52,,,,Which among the following is/are true about the computation in basic operations for Grade-II learners ?,इसमें बच्चे की अनौपचारिक कार्यनीतियों को विकसित करने की क्षमता समाकलित है। / और / और,कक्षा-II के अधिगमकर्ताओं के लिए आधारभूत संक्रियाओं में अभिकलन के लिए निम्नलिखित में से कौन-सा/से सही है/हैं? / इसमें बच्चे की अनुमान लगाने की क्षमता समाकलित है। / और,इसमें बड़ी संख्याओं के साथ परिकलन करने की बच्चे की क्षमता समाकलित है। सही विकल्प चुनें : (1) केवल / (2) / (3) / (4),,,,,,,3,CTET 2024-07 Q52,1,2024-07
ctet1,math,CTET विगत वर्ष,2,,53,,,,गणित की एक शिक्षिका कक्षा में विवृत एवं संवृत वक्र की अवधारणा पर चर्चा करती है। विद्यार्थियों की बेहतर समा के लिए वह चार बिंदुओं के साथ एक उदाहरण देती है। अगर वक्र विवृत है तब चार बिंदुओं की स्थिति हैं :,सभी सं रेखी हैं,उनमें से दो सं रेखी होने चाहिए,उनमें से तीन सं रेखी होने चाहिए,उनमें से तीन असं रेखी होने चाहिए,A mathematics teacher discusses the concept of open and closed curve in class. For better understanding of students she gave an example with four points. If the curve is open then nature of four points is :,All are collinear,Two of them must be collinear,Three of them must be collinear,Three of them must be non-collinear,0,CTET 2024-07 Q53,1,2024-07
ctet1,math,CTET विगत वर्ष,2,,54,,,,मुख्य उपागम जिसकी सलाह राष्ट्रीय पाठ्यचर्या रूपरेखा 2005 में गणित के शिक्षण अधिगम को लेकर की गई है वह है :,Instructivism / शिक्षावाद,Pragmatism / उपयोगितावाद,Behaviourism / व्यवहारवाद,Constructivism / रचनात्मकतावाद,The main approach suggested by National Curriculum Framework (NCF) 2005 in teaching learning of mathematics is :,Instructivism / शिक्षावाद,Pragmatism / उपयोगितावाद,Behaviourism / व्यवहारवाद,Constructivism / रचनात्मकतावाद,3,CTET 2024-07 Q54,1,2024-07
ctet1,math,CTET विगत वर्ष,2,,55,,,,"The missing number (?) in the following : 43, 47, 53, 59, ? , 67, 71, 73 is :",,,,"43, 47, 53, 59, ? , 67, 71, 73 में लुप्त संख्या (?) है : / SPACE FOR ROUGH WORK / रफ कार्य के लिए जगह",,,,,,0,CTET 2024-07 Q55,1,2024-07
ctet1,math,CTET विगत वर्ष,2,,56,,,,In a mathematics class a teacher explains the concept of different angles. He/she realizes that scissors is a best example to explain __________.,शीर्षाभिमुख कोण / और / और,कोणों का रैखिक युगल / (2) / और,गणित कक्षा में शिक्षक भिन्न-भिन्न कोणों की अवधारणा को समाता/ती है उसे यह अनुभूति होती है कि कैंची __________ को समाने के लिए सर्वोत्तम उदाहरण है। / संगत कोण / (3) / और,एकांतर कोण सही विकल्प चुनें : (1) / (4),,,,,,0,CTET 2024-07 Q56,1,2024-07
ctet1,math,CTET विगत वर्ष,2,,57,,,,"Raju has turpentine oil in 5 containers each of 20 L size. He fills them in 10 cans of 5 L, 10 cans of 2 L and rest in 1 L cans. Number of 1 L cans filled is :",,,,"राजू के पास प्रत्येक 20 L वाले प्रत्येक 5 बर्तनों में तारपीन का तेल है। उसने इसे 5 L वाले 10 बर्तनों, 2 L वाले 10 बर्तनों और बाकी को 1 L वाले बर्तनों में भरा। 1 L वाले बर्तनों की संख्या है :",,,,,,1,CTET 2024-07 Q57,1,2024-07
ctet1,math,CTET विगत वर्ष,2,,58,,,,Which of the following letters has no line of symmetry ?,,,,निम्नलिखित में से किस अक्षर की कोई सममित रेखा नहीं है?,,,,,,0,CTET 2024-07 Q58,1,2024-07
ctet1,math,CTET विगत वर्ष,2,,59,,,,"If (7 * 2)×(123)=92496, then value of * is :",,,,"यदि (7 * 2)×(123)=92496 है, तो * का मान है :",,,,,,3,CTET 2024-07 Q59,1,2024-07
ctet1,math,CTET विगत वर्ष,2,,60,,,,"The difference between the greatest and smallest 6-digit numbers formed by using the digits 5, 1, 0, 3, 9 and 6 is :",861741 / 861741,862731 / 862731,951741 / 951741,"851731 अंकों 5, 1, 0, 3, 9 और 6 से बनी सबसे बड़ी और सबसे छोटी 6-अंकों की संख्या का अंतर है : / 851731 ENVIRONMENTAL STUDIES / पर्यावरण अध्ययन Direction :",,,,,,0,CTET 2024-07 Q60,1,2024-07
ctet1,evs,CTET विगत वर्ष,2,,61,,,,EVS at primary level is recommended to be transacted in an integrated approach. The most appropriate reasons are :,"ईवीएस विषयों से मुद्दों को आकर्षित करता है जैसे विज्ञान, सामाजिक विज्ञान और पर्यावरण शिक्षा। / और / और",यह समग्र समा विकसित करने में मदद करता है। / और / (4),छात्रों और शिक्षकों के बोा को कम करने में मदद करता है। / और / (3),प्राथमिक स्तर पर ईवीएस को एक एकीकृत दृष्टिकोण में संचालित करने की सिफारिश की जाती है। सबसे उपयुक्त कारण हैं : / एकीकृत ईवीएस पढ़ाना सुविधाजनक है। (1) / (2),,,,,,2,CTET 2024-07 Q61,1,2024-07
ctet1,evs,CTET विगत वर्ष,2,,62,,,,"एक ईवीएस शिक्षक के रूप में, आप चाहते हैं कि आपके विद्यार्थी, वयस्कों के आसपास अपनी सुरक्षा के बारे में जागरूक हों ताकि वे (अपनी देखभाल कर सकें और) यौन उत्पीडऩ का शिकार न हों। आपको कौन सा कदम सबसे उपयुक्त लगता है?","उन्हें पॉक्सो एक्ट, 2012 के बारे में बताएँ",उन्हें अजनबियों से दूर रहना सिखाएँ,गुड टच’ और 'बैड टच’ के बारे में वर्कशॉप आयोजित करें,छात्राओं के लिए आत्मरक्षा कार्यशाला आयोजित करें,"As an EVS teacher, you wish your students to be aware of their own safety around adults so that they (can take care of themselves and) do not fall prey to sexual harassment. Which step you think is most appropriate ?","Teach them about POCSO Act, 2012",Teach them to avoid strangers,Hold workshops about ‘Good Touch’ and ‘Bad Touch’ / ',Hold self-defence workshops for girl students,2,CTET 2024-07 Q62,1,2024-07
ctet1,evs,CTET विगत वर्ष,2,,63,,,,"रोशनी, एक ईवीएस शिक्षिका ने सरसों, हरा चना, बंगाल चना और मिर्च के प्रत्येक 20 बीजों में से कितने बीज अंकुरित हुए, के लिए एक डेटा चार्ट प्रदर्शित किया। उन्होंने उनसे यह समाने लिए कहा कि विभिन्न बीजों की अंकुरण दर में भिन्नता क्यों होती है। वह कौन से कौशल का आकलन करना चाहती है?",experiment / प्रयोग,prediction / अनुमान लगाना,निष्कर्ष निकालना,investigation / जाँच,"Roshni, an EVS teacher displays a data chart for how many seeds out of 20 seeds each of mustard, green gram, Bengal gram and chilli seeds germinated. She asks students to explain why variation in the germination rates of different seeds occur. She wants to assess the skill of :",experiment / प्रयोग,prediction / अनुमान लगाना,drawing inference,investigation / जाँच,1,CTET 2024-07 Q63,1,2024-07
ctet1,evs,CTET विगत वर्ष,2,,64,,,,तेलंगाना के सापेक्ष गुजरात और बिहार की क्रमश: स्थितियाँ हैं :,उत्तर पश्चिम; दक्षिण पूर्व,दक्षिण पश्चिम; उत्तर पूर्व,उत्तर पूर्व; उत्तर पश्चिम,उत्तर पश्चिम; उत्तर पूर्व,With respect to Telangana the respective locations of Gujarat and Bihar are :,North west; South east,South west; North east,North east; North west,North west; North east,3,CTET 2024-07 Q64,1,2024-07
ctet1,evs,CTET विगत वर्ष,2,,65,,,,Select maximum number of suitable tools of assessment to assess process skills in EVS.,"शिक्षक डायरी / , / , / ,","परियोजना कार्य / और / , / और",चित्र बनाना / (2) / और / और,छात्रों में ईवीएस में प्रक्रिया कौशल का आकलन करने के लिए आकलन की उपयुक्त उपकरणों की अधिकतम संख्या का चयन करें। / चित्र पठन (1) / (3) / (4),,,,,,1,CTET 2024-07 Q65,1,2024-07
ctet1,evs,CTET विगत वर्ष,2,,66,,,,"On a Union Territory map on its one corner following scale is mentioned. Scale, 1 cm=155 m If a person measures the distance between two cities as 19.7 cm, the actual distance between the two cities is approximately :",3.10 km / 3.10 km,31.00 km / 31.00 km,3.05 km / 3.05 km,"30.5 km किसी केन्द्र शासित प्रदेश के मानचित्र के एक कोने पर नीचे दिए गए पैमाने को दर्शाया गया है। पैमाना, 1 cm=155 m यदि कोई व्यक्ति इस मानचित्र पर दो शहरों के बीच की दूरी 19.7 cm मापता है तो इन दोनों शहरों के बीच की वास्तविक दूरी है लगभग : / 30.5 km",,,,,,2,CTET 2024-07 Q66,1,2024-07
ctet1,evs,CTET विगत वर्ष,2,,67,,,,पर्वतारोहियों को अधिक ऊँचाईं पर नाक से $खून बहने का कारण होता है :,रक्त वाहिकाओं में दबाव बाहरी दबाव से अधिक हो जाता है।,रक्त वाहिकाओं में दबाव बाहरी दबाव से कम हो जाता है।,रक्त वाहिकाओं में दबाव बाहरी दबाव के बराबर हो जाता है।,अधिक ऊँचाई पर $खून/रक्त गाढ़ा हो जाता है।,Mountaineers suffer nose bleeding at higher altitudes because :,The pressure in blood vessels exceeds outside pressure.,The pressure in blood vessels decreases than outside pressure.,The pressure in blood vessels equals the outside pressure.,Blood becomes thick at higher altitudes.,0,CTET 2024-07 Q67,1,2024-07
ctet1,evs,CTET विगत वर्ष,2,,68,,,,निम्न में से ऊष्मा के कुचालक समूह का चयन करें :,"ऊन, लकड़ी, लोहा","हवा, जल, तांबा","हवा, ऊन, एल्युमिनियम","ऊन, प्लास्टिक, लकड़ी",Select the group of poor conductors of heat from the following :,"Wool, Wood, Iron","Air, Water, Copper","Air, Wool, Aluminium","Wool, Plastic, Wood",3,CTET 2024-07 Q68,1,2024-07
ctet1,evs,CTET विगत वर्ष,2,,69,,,,“Record how the seeds germinate into saplings from day 1 to day 10”. Rita gave this task to her students before teaching the lesson on ‘Germination’. She is trying to assess her students’ ability to :,"चित्र बनाएँ और प्रस्तुत करें / और / ,","अनुमान करें कि अंकुरित बीज कैसे दिखेंगे / (2) / और / , / और",पहले दिन से 10 वें दिन तक बीज किस प्रकार अंकुरण में आते हैं लिखिए। रीता ने 'अंकुरण’ का पाठ पढ़ाने से पहले अपने विद्यार्थियों को यह कार्य दिया। वह अपने छात्रों की कौन सी क्षमता का आकलन करने की कोशिश कर रही है? / निरीक्षण करें और रिकॉर्ड करें / (3) / और,दी गई क्रियाकलाप से निष्कर्ष निकालें (1) / (4),,,,,,2,CTET 2024-07 Q69,1,2024-07
ctet1,evs,CTET विगत वर्ष,2,,70,,,,पौधों की एक प्रजाति ‘X’ है जो बहुत अधिक संख्या में पैदा होती है लेकिन पूरे विश्व में भारत के ‘Y’ भाग में ही पाई जाती है। यह किस प्रकार की प्रजाति है?,Abundant / प्रचुर,Exotic / विदेशी,Endemic / स्थानिक,Endangered / विलुप्त होने की कगार पर,There is a species ‘X’ of plants that grow in a huge number but is found only in ‘Y’ part of India in the whole world. Which type of species is it ?,Abundant / प्रचुर,Exotic / विदेशी,Endemic / स्थानिक,Endangered / विलुप्त होने की कगार पर,2,CTET 2024-07 Q70,1,2024-07
ctet1,evs,CTET विगत वर्ष,2,,71,,,,Environment in EVS means :,"मानव निर्मित पर्यावरण / और / और / ,","प्राकृतिक पर्यावरण / (2) / और / ,",सामाजिक पर्यावरण / (3) / (4) / और,"ईवीएस में पर्यावरण, अर्थात् : / सांस्कृतिक पर्यावरण है (1)",,,,,,3,CTET 2024-07 Q71,1,2024-07
ctet1,evs,CTET विगत वर्ष,2,,72,,,,हाथियों के विषय में वह कथन चुनिए जो सही नहीं है :,हथिनियाँ झुण्डों में रहती हैं।,एक झुण्ड में 20 से 25 हथिनियाँ और उनके बच्चे होते हैं।,हाथी 14 - 15 वर्ष की आयु तक ही झुण्ड में रहते हैं।,वर्ष से अधिक आयु के हाथी झुण्ड छोड़ देते हैं और अकेले ही रहते हैं।,Select incorrect statement about elephant herds from the following :,Female elephants live in herds.,A herd has 20 to 25 female elephants and their young ones.,Male elephants live in the herd till they are 14 - 15 years old.,Male elephants of more than 15 years of age leave the herd and move around alone. / 15,1,CTET 2024-07 Q72,1,2024-07
ctet1,evs,CTET विगत वर्ष,2,,73,,,,Map Reading activity in EVS classes develops certain abilities and skills in primary students. Those are :,"स्थानों की सापेक्ष स्थिति को समाना / , / ,","स्थानों की दिशाओं को समाना / और / , / और",ईवीएस कक्षाओं में मानचित्र पठन गतिविधि छात्रों में कुछ योग्यताओं और कौशलों का विकास करता है। वे हैं : / प्रतीकों और पैमाने को समाना / (2) / और / और,पैमाने के नक्शे के अनुसार सटीक रूप से आरेखण (1) / (3) / (4),,,,,,0,CTET 2024-07 Q73,1,2024-07
ctet1,evs,CTET विगत वर्ष,2,,74,,,,"आपका घर X पर स्थित है तथा आपका विद्यालय Y पर स्थित है। आपके घर से विद्यालय तक के लिए कोई सीधी सड़क नहीं है। अत: आप पहले A पर जाते हैं जो X के ठीक उत्तर में लगभग 125 मीटर की दूरी पर है, फिर आप B पर जाते हैं, जो A के ठीक पश्चिम में 75 मीटर की दूरी पर है, फिर आप C पर जाते हैं जो B के ठीक उत्तर में लगभग 150 मीटर दूरी पर है और अन्त में आप Y पर अपने विद्यालय पहुँचते हैं जो C के ठीक पूर्व में 75 मीटर की दूरी पर है। Y पर आपके विद्यालय के सापेक्ष X पर आपके घर की सही दिशा क्या है?",Due North / ठीक,Due South,North west,South east,"You are located at X and your school is located at Y. There is no straight path from your house to your school. So you first go to A which is about 125 m due north of X, then go to B which is 75 m due west of A, then go to C which is about 150 m due north of B and finally reach your school at Y which is 75 m due east of C. With respect to your school at Y, the correct direction of house at X is :",Due North / ठीक,Due South,North west,South east,1,CTET 2024-07 Q74,1,2024-07
ctet1,evs,CTET विगत वर्ष,2,,75,,,,सलीम और राजू स्कूल जाने वाले बच्चे हैं। सलीम को तला हुआ खाना और मैदा से बने उत्पाद बहुत पसंद हैं। दूसरी तरफ राजू घर का बना स्वस्थ्य खाना खाता है। लेकिन वह पालक और अन्य हरी पत्तेदार सब्$िजयाँ कभी नहीं खाता है। दोनों को निम्नलिखित में से क्रमश: किस विकार से पीड़ित होने की संभावना है?,स्कर्वी और अनीमिया,क्वाशियोरकर और अनीमिया,मोटापा और अनीमिया,पेलेग्रा और अनीमिया,"Saleem and Raju are young school goers. Saleem likes to eat lot of fried food and ‘maida’ products. Raju on the other hand eats home made healthy food but he never eats spinach and other green leafy vegetables. Which of the following disorders they are likely to suffer from, respectively ?",Scurvy and Anaemia,Kwashiorkar and Anaemia,Obesity and Anaemia,Pellagra and Anaemia,2,CTET 2024-07 Q75,1,2024-07
ctet1,evs,CTET विगत वर्ष,2,,76,,,,निम्नलिखित में से उस समूह को चुनिए जो मिश्रधातुओं से बना है :,"ब्रास, ब्रांज़, लिथियम","मैग्नीशियम, एल्युमिनियम, स्टील","स्टील, ब्रास, टिन","स्टील, ब्रास, ब्रांज़",Select from the following a group consisting of alloys only :,"Brass, Bronze, Lithium","Magnesium, Aluminium, Steel","Steel, Brass, Tin","Steel, Brass, Bronze",3,CTET 2024-07 Q76,1,2024-07
ctet1,evs,CTET विगत वर्ष,2,,77,,,,अभिकथन : ईवीएस की पाठ्यपुस्तकों में कहानियों और आख्यानों का उपयोग किया गया है। कारण : उद्देश्य है कि बच्चे को संवेदनशील बनाना। क्योंकि वह कहानी में पात्रों के साथ तदानुभूति रख सकता है। पाठ्यपुस्तकें बच्चों को हमारे समाज के भीतर मौजूद व्यापक मतभेदों के प्रति संवेदनशील बनाना चाहिए।,"अभिकथन और कारण दोनों सही हैं और कारण, अभिकथन की सही व्याख्या करता है।","अभिकथन और कारण सही हैं लेकिन कारण, अभिकथन की सही व्याख्या नहीं करता है।","अभिकथन सत्य है, परन्तु कारण असत्य है।","अभिकथन असत्य है, परन्तु कारण सत्य है।",Assertion : Stories and narratives have been used throughout the EVS textbooks. Reason : Objective is to sensitise the child since he or she can empathise with characters in a story or narrative. Textbooks should sensitise the child to wide differences that exist within our society.,Both the Assertion and Reason are correct and Reason is the correct explanation of the Assertion.,Both the Assertion and Reason are correct but the Reason is not the correct explanation of the Assertion.,Assertion is true but the Reason is false.,The Assertion is false but Reason is true.,0,CTET 2024-07 Q77,1,2024-07
ctet1,evs,CTET विगत वर्ष,2,,78,,,,The volume of the earth consists of the following :,"1% Crust / and / and / , / 1% पर्पटी / और / और / ,",मेंटल / सही हैं। (2) केवल / और / और,पृथ्वी के आयतन में निम्नलिखित होते हैं : / 15% क्रोड निम्नलिखित में से सही विकल्प चुनें : (1) केवल / सही हैं। (3) केवल / सही हैं। (4) सभी / सही हैं।,,,,,,,3,CTET 2024-07 Q78,1,2024-07
ctet1,evs,CTET विगत वर्ष,2,,79,,,,निम्नलिखित अभिकथन (A) तथा कारण (R) को ध्यान से पढ़ें तथा सही विकल्प का चयन करें। अभिकथन (A) : अलबरूनी एवं इब्नबतूता जैसे यात्रियों ने भारत से विभिन्न देशों की यात्रा की। कारण (R) : यात्राओं से लोगों को एक-दुसरे के विचारों को जानने का अवसर मिलता है।,"दोनों (A) और (R) सही है तथा (R), (A) की व्याख्या करता है।","दोनों (A) और (R) सही है किन्तु (R), (A) की व्याख्या नहीं करता है।",सही है किन्तु (R) गलत है।,गलत है किन्तु (R) सही है।,Read the Assertion (A) and Reason (R) below and choose the correct option. Assertion (A) : Travellers like Al-Biruni and Ibn Batuta travelled from India to different countries. Reason (R) : Travelling led to sharing of ideas between people.,Both (A) and (R) are true and (R) explains (A).,Both (A) and (R) are true but (R) does not explain (A).,(A) is true but (R) is false. / (A),(A) is false but (R) is true. / (A),3,CTET 2024-07 Q79,1,2024-07
ctet1,evs,CTET विगत वर्ष,2,,80,,,,"एक ईवीएस शिक्षिका अपने छात्रों से कल्पना करने और उत्तर देने के लिए कहती है, ''क्या होता अगर पृथ्वी से सभी पक्षियों को एक साथ मार दिया जाता?’’ ऐसे प्रश्न हैं :",अभिसारी प्रश्न,काल्पनिक प्रश्न,अपसारी प्रश्न,दार्शनिक प्रश्न,"An EVS teacher asks her students to imagine and answer, “What would have happened if all birds were killed at once from earth ?” Such a question is :",Convergent question,Hypothetical question,Divergent question,Philosophical question,2,CTET 2024-07 Q80,1,2024-07
ctet1,evs,CTET विगत वर्ष,2,,81,,,,In NCERT textbook of class V there is a real story of Suryamani who lives in Jharkhand. The chapter depicts tribal life and role of Suryamani. Select the most important aspects addressed by the chapter relevant for students.,"जनजातीय समुदायों के बारे में लोकप्रिय धारणाएँ और पूर्वाग्रह। / , / ,","वनवासियों (समुदायों) और उनके पास रहने वाले जंगलों के बीच घनिष्ठ संबंध। / और / , / और",एनसीईआरटी की पाँचवी कक्षा की पाठ्यपुस्तक में झारखंड में रहने वाली सूर्यमणि की एक वास्तविक कहानी है। यह अध्याय आदिवासी जीवन और सूर्यमणि की भूमिका को दर्शाता है। छात्रों के लिए प्रासंगिक अध्याय द्वारा संबोधित सबसे महत्वपूर्ण पहलू का चयन करें। / लड़कियों की शिक्षा कैसे उनके जीवन को बदलती है। / (2) / और / और,जनजातीय आदिवासियों द्वारा उपयोग किए जाने वाले वन उत्पाद। (1) / (3) / (4),,,,,,1,CTET 2024-07 Q81,1,2024-07
ctet1,evs,CTET विगत वर्ष,2,,82,,,,Which one/are of the following mountains is/are considered to be volcanic in origin ? / केवल,माउंट किलिमंजारो / और / और,Fujiyama / and / निम्नलिखित में से कौन सा/से पर्वत/पर्वतों की उत्पत्ति ज्वालामुखी से मानी जाती है? / फ्यूजियामा / और,आल्प्स पर्वत सही विकल्प चुनें : (1) / (2) / (3) / (4),,,,,,,3,CTET 2024-07 Q82,1,2024-07
ctet1,evs,CTET विगत वर्ष,2,,83,,,,नीचे दिए गए कथनों (A) और (B) पर विचार कीजिए। कथन (A) : कौआ पेड़ की बहुत नीची डाल पर घोंसला बनाता है। कथन (B) : वीवर पक्षी दो पत्तों को सीकर अपना घोंसला बनाता है। निम्नलिखित में से सही कोड चुनिए।,और (B) दोनों सही हैं।,और (B) दोनों गलत हैं।,सही है परन्तु (B) गलत है।,गलत है परन्तु (B) सही है।,Consider the following statements (A) and (B). Statement (A) : Crows build nests on very low branches on a tree. Statement (B) : Weaver bird stitches two leaves to make its nest. Select the correct code from the following :,(A) and (B) both are correct. / (A),(A) and (B) both are wrong. / (A),(A) is correct but (B) is wrong. / (A),(A) is wrong but (B) is correct. / (A),1,CTET 2024-07 Q83,1,2024-07
ctet1,evs,CTET विगत वर्ष,2,,84,,,,निम्नलिखित अभिकथन (A) तथा कारण (R) को ध्यान से पढ़ें तथा सही विकल्प को चुनें : अभिकथन (A) : अगर कोई तैरना नहीं भी जानता है तब भी मृत सागर में वह आसानी से तैर सकता है। कारण (R) : मृत सागर के एक लीटर पानी में 300 ग्राम नमक पाया जाता है जो इसे सबसे अधिक नमक सांद्रित सागर बनाता है।,"दोनों (A) एवं (R) सही हैं तथा (R), (A) की व्याख्या करता है।","दोनों (A) एवं (R) सही हैं किन्तु (R), (A) की व्याख्या नहीं करता है।",सही है किन्तु (R) गलत है।,गलत है किन्तु (R) सही है।,"Read the following Assertion (A) and Reason (R) and choose the correct option. Assertion (A) : People can easily float on the surface of water of Dead Sea even if they do not know to swim. Reason (R) : Dead Sea has 300 gm of salt in one litre of water making it, the sea having highest salt concentration.",Both (A) and (R) are true and (R) explains (A).,Both (A) and (R) are true but (R) dose not explain (A).,(A) is true but (R) is false. / (A),(A) is false but (R) is true. / (A),0,CTET 2024-07 Q84,1,2024-07
ctet1,evs,CTET विगत वर्ष,2,,85,,,,"समर अपने छात्रों से अपने परिवार के सदस्यों से सलाह लेने के लिए कहता है कि वे अलग-अलग तरीकों से पकाए गए अलग-अलग खाद्य पदार्थों के नामों का पता लगाएँ, जैसे कि भाप देना, भूनना, उबालना, तलना आदि। सबसे उपयुक्त कारण __________ है।",प्रयोग को प्रोत्साहित करना,सामाजिक अत:क्रिया में सुधार करना,बच्चों को समूहों में कार्य करने के अवसर प्रदान करना,गृह कार्य को प्रोत्साहित करना,"Samar asks his students to consult their family members to find out the names of different food items cooked by different methods like steaming, roasting, boiling, frying etc. The most appropriate reason for this activity is to :",encourage experimentation,improve social interaction,provide opportunities for children to work in groups,encourage home work,1,CTET 2024-07 Q85,1,2024-07
ctet1,evs,CTET विगत वर्ष,2,,86,,,,Which of the following best reflect experiential strategies in teaching EVS at primary level ?,"Discussion / , / , / , / चर्चा / , / , / ,","प्रदर्शन / और / , / और",निम्नलिखित में से कौन प्राथमिक स्तर पर ईवीएस पढ़ाने में अनुभवात्मक रणनीतियों को सबसे अच्छा दर्शाता है? / क्षेत्र भ्रमण / और / और,कला एकीकृत शिक्षा (1) / (2) / (3) / (4),,,,,,2,CTET 2024-07 Q86,1,2024-07
ctet1,evs,CTET विगत वर्ष,2,,87,,,,कथन I : ईवीएस पाठ्यचर्या सीखने के सामाजिक रचनावादी परिप्रेक्ष्य में तैयार किया गया है। कथन II : बच्चों के गहन अध्ययन के साथ बच्चों के सीखने के बारे में पियाजे के विचार सामाजिक रचनावादी परिप्रेक्ष्य का प्रतिनिधित्व करते हैं।,कथन I और कथन II दोनों सही हैं।,कथन I और कथन II दोनों असत्य हैं।,कथन I सत्य है परंतु कथन II असत्य है।,कथन I असत्य है परंतु कथन II सत्य है।,Statement I : The EVS curriculum is framed within social constructivist perspective of learning. Statement II : Piaget’s ideas about children’s learning with his in-depth study of children represent the social constructivist perspective.,Both the Statement I and Statement II are correct,Both the Statement I and Statement II are false,Statement I is true but Statement II is false,Statement I is false but Statement II is true,2,CTET 2024-07 Q87,1,2024-07
ctet1,evs,CTET विगत वर्ष,2,,88,,,,भारत में 7.30 P.M. है। उसी दिन 2 P.M. होगा :,in London / लंदन में,in Japan / जापान में,in Dhaka / ढाका में,in Karachi / कराची में,It is 7.30 P.M. in India today. It is 2 P.M. of the same day :,in London / लंदन में,in Japan / जापान में,in Dhaka / ढाका में,in Karachi / कराची में,0,CTET 2024-07 Q88,1,2024-07
ctet1,evs,CTET विगत वर्ष,2,,89,,,,निम्नलिखित में से कौन सी रणनीति 'यात्रा’ थीम को पढ़ाते समय जाँच (इन्क्वायरी) को बढ़ावा देती है?,छात्रों से परिवहन के विभिन्न साधनों के चित्र एकत्र करने के लिए कहना।,छात्रों से उनके या उनके पड़ोसियों के यात्रा के अनुभवों को बताने के लिए कहना।,छात्रों को पुरानी कारों पर डिजिटल प्रस्तुति देने के लिए कहना।,आस-पास के क्षेत्रों में रुचि के विभिन्न स्थानों के चित्र दिखाना।,Which of the following strategy promotes inquiry while teaching the theme ‘Travel’ ?,Asking students to collect pictures of various means of transport.,Asking students to narrate their or their neighbours’ experiences of travelling.,Asking students to make a digital presentation on vintage cars.,Showing pictures of various places of interest in nearby areas.,1,CTET 2024-07 Q89,1,2024-07
ctet1,evs,CTET विगत वर्ष,2,,90,,,,"ईवीएस पढ़ाते समय एक शिक्षक निम्नलिखित विधियों का पालन करता है : सोचो-जोड़ो-साा करो, पारस्परिक सहपाठी ट्यूशन, जिगसा (Jigsaw) रणनीति, सहपाठी पुनरीक्षण। ये उदाहरण हैं :",सहपाठी समूह द्वारा सीखना,रचनात्मक उपागम,उपदेशात्मक उपागम,"आगमनात्मक उपागम LANGUAGE – I : ENGLISH IMPORTANT : Candidates should attempt questions from Part-IV (Q. No. 91-120), if they have opted for ENGLISH as LANGUAGE-I only. Read the passage given below and answer the questions that follow : (91 to 99) He must have seen us coming from some distance. By the time he loomed up in front of my headlights, the arms in the snow-caked overcoat were flailing desperately like windmills. Pat gave a little gasp and I braked at once, though gently, or I might have followed his car into the ditch. But immediately I had second thoughts; there had been one or two nasty cases of hold-up in the papers recently. I wasn’t going to take any chance with Pat, my sister, there. I changed down the gear and made to drive round him. Pat was horrified. ‘Aren’t you stopping, Bill ?’ I shook my head. ‘Too risky’. It was then that I saw the car. It had skidded right across the road and was hanging nose down in the deep ditch. I braked again and brought the Mini-Moris gradually to a stop. I slid back my window as he looked in and then I saw that he was bleeding from a cut in his cheek. ‘Anybody else in the car ?’ ‘No, on my own. If you could give me a lift’. I nodded and he got into the back and slammed the door. ‘Sorry about this, folks. I was beginning to think I was stuck there for the night. Not that you would call it a busy road, is it ?’ ‘Not at twelve o’clock at night’, Pat said, turning round to smile at him. ‘We have been to a dance in Boling ford. Bill didn’t want to go, but I was keen. He isn’t a bad brother, really’.","A teacher follows the following methods while teaching EVS : Think-Pair-Share, Reciprocal Peer Tutoring, Jigsaw Strategy and Peer Review. These are examples of :",Peer group learning,Constructivist approach,Didactic approach,Inductive approach,0,CTET 2024-07 Q90,1,2024-07
ctet1,hindi,CTET विगत वर्ष,2,,91,,,,गद्यांश के अनुसार मनुष्य जीवन में __________ का बहुत महत्व है।,,,,,गद्यांश के अनुसार मनुष्य जीवन में __________ का बहुत महत्व है।,विस्तार,लक्ष्य,अंकुश,राजा,1,CTET 2024-07 Q91,1,2024-07
ctet1,hindi,CTET विगत वर्ष,2,,92,,,,आध्यात्मिक होने का अर्थ है -,,,,,आध्यात्मिक होने का अर्थ है -,वैचारिक प्रबुद्धता,दूसरों पर दया करना,शारीरिक सुंदरता,विचारों की सुंदरता,3,CTET 2024-07 Q92,1,2024-07
ctet1,hindi,CTET विगत वर्ष,2,,93,,,,'अध्यात्म’ शब्द में __________ प्रत्यय का प्रयोग किया जा सकता है।,,,,,'अध्यात्म’ शब्द में __________ प्रत्यय का प्रयोग किया जा सकता है।,ईय,इक,ता,ई,1,CTET 2024-07 Q93,1,2024-07
ctet1,hindi,CTET विगत वर्ष,2,,94,,,,विशेषण-विशेष्य का उदाहरण नहीं है :,,,,,विशेषण-विशेष्य का उदाहरण नहीं है :,वैचारिक सुंदरता,अच्छे कर्म,मानवीय संवेदना,लक्ष्य-निर्माण,3,CTET 2024-07 Q94,1,2024-07
ctet1,hindi,CTET विगत वर्ष,2,,95,,,,राजा का अनिवार्य गुण नहीं है -,,,,,राजा का अनिवार्य गुण नहीं है -,मानवीय संवेदना,अच्छे कर्म,धर्मभीरू होना,निर्भयता,2,CTET 2024-07 Q95,1,2024-07
ctet1,hindi,CTET विगत वर्ष,2,,96,,,,एक राजा को __________ और __________ से नहीं डरना चाहिए।,,,,,एक राजा को __________ और __________ से नहीं डरना चाहिए।,"असमानता, समता","वैचारिक सुंदरता, लक्ष्य-निर्माण","अध्यात्म, अन्याय","अन्याय, अधर्म",3,CTET 2024-07 Q96,1,2024-07
ctet1,hindi,CTET विगत वर्ष,2,,97,,,,राजा के किन गुणों की चर्चा गद्यांश में की गई है?,,,,,राजा के किन गुणों की चर्चा गद्यांश में की गई है?,"शुद्ध विचार, अंकुश लगाना","अच्छे कार्य, दान करना","शुद्ध विचार, अच्छे कर्म","समता, समानता",2,CTET 2024-07 Q97,1,2024-07
ctet1,hindi,CTET विगत वर्ष,2,,98,,,,राजा बनने के लिए __________ की राह पर अग्रसर होना होगा।,,,,,राजा बनने के लिए __________ की राह पर अग्रसर होना होगा।,प्रगति,अध्यात्म,सत्य,कल्याण,1,CTET 2024-07 Q98,1,2024-07
ctet1,hindi,CTET विगत वर्ष,2,,99,,,,अपने मन का राजा होने से तात्पर्य है -,,,,,अपने मन का राजा होने से तात्पर्य है -,दूसरों पर अंकुश लगाना,अपने लक्ष्य के लिए सत्ता हड़पना,मन को नियंत्रित करना,"अपने जीवन पर अंकुश लगाना नीचे दी गई कविता को पढ़कर प्रश्नों (प्र.सं. 100 – 105) के सबसे उचित विकल्प का चयन कीजिए। गांधी, तिलक, सुभाष, जवाहर का प्यारा यह देश है, जियो और जीने दो का सबको देता संदेश है। प्रहरी बनकर खड़ा हिमालय जिसके उत्तर द्वार पर, हिंद महासागर दक्षिण में इसके लिए विशेष है। लगी गूँजने दसों दिशाएँ वीरों के यशगान से, हमें मिली आज़ादी वीर शहीदों के बलिदान से।",2,CTET 2024-07 Q99,1,2024-07
ctet1,hindi,CTET विगत वर्ष,2,,100,,,,भारत देश की क्या विशेषता है?,,,,,भारत देश की क्या विशेषता है?,उत्तर में प्रहरी खड़े हैं।,दक्षिण में अरब सागर है।,दक्षिण में हिंद महासागर है।,उत्तर में सुंदर वादियाँ हैं।,2,CTET 2024-07 Q100,1,2024-07
ctet1,hindi,CTET विगत वर्ष,2,,101,,,,कविता में किस संदेश की बात की गई है?,,,,,कविता में किस संदेश की बात की गई है?,सुख से जीवन जियो,दूसरों को जीने दो,दुखों से घबराना नहीं,जियो और जीने दो,3,CTET 2024-07 Q101,1,2024-07
ctet1,hindi,CTET विगत वर्ष,2,,102,,,,'हिमालय’ का संधि-विच्छेद है -,,,,,'हिमालय’ का संधि-विच्छेद है -,हिमा + लय,हिम + आलय,हिम + अलय,हिमा + अलय,1,CTET 2024-07 Q102,1,2024-07
ctet1,hindi,CTET विगत वर्ष,2,,103,,,,कविता में किन महापुरुष का उल्लेख किया गया है?,,,,,कविता में किन महापुरुष का उल्लेख किया गया है?,चंद्रशेखर आज़ाद,महात्मा गांधी,राजगुरु,सुखदेव,1,CTET 2024-07 Q103,1,2024-07
ctet1,hindi,CTET विगत वर्ष,2,,104,,,,कविता में किन वीरों के यशगान की बात की गई है?,,,,,कविता में किन वीरों के यशगान की बात की गई है?,जिन्होंने शांति-यात्रा का शुभारंभ किया,जिन्होंने देश की स्वतंत्रता के लिए जीवन दिया,जिन्होंने दूसरों के सुख की प्रार्थना की,जिन्होंने दसों दिशाओं का भ्रमण किया,1,CTET 2024-07 Q104,1,2024-07
ctet1,hindi,CTET विगत वर्ष,2,,105,,,,'वीर’ का बहुवचन रूप है -,,,,,'वीर’ का बहुवचन रूप है -,वीरों,वीर,वीराँ,वीरांगना,1,CTET 2024-07 Q105,1,2024-07
ctet1,hindi,CTET विगत वर्ष,2,,106,,,,किसी टॉपिक पर मानस मंथन करने के बाद भी एक बालिका अपने आप से अनुच्छेद नहीं लिख पा रही है। हालाँकि वह वयस्क या सहपाठी के मार्गदर्शन में लिख लेती है। इस प्रकार के मार्गदर्शन को क्या कहेंगे?,,,,,किसी टॉपिक पर मानस मंथन करने के बाद भी एक बालिका अपने आप से अनुच्छेद नहीं लिख पा रही है। हालाँकि वह वयस्क या सहपाठी के मार्गदर्शन में लिख लेती है। इस प्रकार के मार्गदर्शन को क्या कहेंगे?,मदद (स्काफोल्डिंग),सहपाठी शिक्षण,सहपाठी परामर्श,टीम शिक्षण,0,CTET 2024-07 Q106,1,2024-07
ctet1,hindi,CTET विगत वर्ष,2,,107,,,,यह अधिगम का एक प्रकार है जिसमें बच्चे को उच्च स्तरीय मानसिक प्रक्रियाओं जैसे बुद्धि या तर्क करना आदि का प्रयोग करना होता है :,,,,,यह अधिगम का एक प्रकार है जिसमें बच्चे को उच्च स्तरीय मानसिक प्रक्रियाओं जैसे बुद्धि या तर्क करना आदि का प्रयोग करना होता है :,मौखिक अधिगम,अवधारणा अधिगम,गत्यात्मक कौशल अधिगम,संरचना अधिगम,1,CTET 2024-07 Q107,1,2024-07
ctet1,hindi,CTET विगत वर्ष,2,,108,,,,एक अध्यापक होने के नाते आप एक बच्चे की उसके 'कुल भाषा प्रयोग’ के लिए प्रशंसा करते हैं। यद्यपि उसने कुछ शब्दों की वर्तनी गलत लिखी है। आप कक्षा में किस उपागम का प्रयोग कर रहे हैं?,,,,,एक अध्यापक होने के नाते आप एक बच्चे की उसके 'कुल भाषा प्रयोग’ के लिए प्रशंसा करते हैं। यद्यपि उसने कुछ शब्दों की वर्तनी गलत लिखी है। आप कक्षा में किस उपागम का प्रयोग कर रहे हैं?,समग्र भाषा,सम्प्रेषणात्मक,रचनावादी,संरचनात्मक,0,CTET 2024-07 Q108,1,2024-07
ctet1,hindi,CTET विगत वर्ष,2,,109,,,,आप हिंदी भाषी अध्यापक हैं और आपकी नियुक्ति पंजाब के किसी प्राथमिक विद्यालय में होती है। अब चूँकि आप स्थानीय भाषा नहीं जानते हैं तो आपको क्या करना चाहिए?,,,,,आप हिंदी भाषी अध्यापक हैं और आपकी नियुक्ति पंजाब के किसी प्राथमिक विद्यालय में होती है। अब चूँकि आप स्थानीय भाषा नहीं जानते हैं तो आपको क्या करना चाहिए?,किसी हिंदी भाषी क्षेत्र में स्थानांतरण के लिए आवेदन कर देना चाहिए।,बच्चों की भाषा को एक संसाधन के रूप में इस्तेमाल करना चाहिए और शिक्षण आरंभ करना चाहिए।,अंग्रेजी में सम्प्रेषण करना चाहिए।,समुदाय को हिन्दी सीखने के लिए प्रेरित करना चाहिए।,1,CTET 2024-07 Q109,1,2024-07
ctet1,hindi,CTET विगत वर्ष,2,,110,,,,किसी पाठ्य सामग्री से विशिष्ट सूचना निकालने के उद्देश्य से गहनपूर्वक या गहराई से उस पाठ्य सामग्री को पढऩे का कौशल __________ बोध है।,,,,,किसी पाठ्य सामग्री से विशिष्ट सूचना निकालने के उद्देश्य से गहनपूर्वक या गहराई से उस पाठ्य सामग्री को पढऩे का कौशल __________ बोध है।,वैश्विक,स्थानीय,निष्कर्षात्मक,मूल्याँकन परक,1,CTET 2024-07 Q110,1,2024-07
ctet1,hindi,CTET विगत वर्ष,2,,111,,,,भाषा अधिगम में निदानात्मक परीक्षण का उद्देश्य क्या है?,,,,,भाषा अधिगम में निदानात्मक परीक्षण का उद्देश्य क्या है?,योगात्मक आकलन के लिए योजना एवं प्रश्न बनाना।,अभिभावक-शिक्षक बैठक में अभिभावकों को सूचित करना और ध्यान देने के लिए कहना।,बच्चों की समा में रह गए अंतरों को जानना और उपचारात्मक कदम उठाना।,विद्यार्थियों के प्रगति रिपोर्ट कार्ड में प्राप्तफल लिखना।,2,CTET 2024-07 Q111,1,2024-07
ctet1,hindi,CTET विगत वर्ष,2,,112,,,,निम्नलिखित में से कौन-सा कथन पाठ्यपुस्तक के बारे में सही है?,,,,,निम्नलिखित में से कौन-सा कथन पाठ्यपुस्तक के बारे में सही है?,पाठ्यपुस्तक अध्यापक और विद्यार्थी के लिए एकमात्र महत्वपूर्ण सामग्री है।,यह पाठ्यचर्या में उल्लिखित उद्देश्यों को प्राप्त करने में मदद करती है।,ये सत्र के लिए शैक्षिक गतिविधियों की योजना है।,पाठ्यपुस्तक का स्थान कोई दूसरा नहीं ले सकता।,1,CTET 2024-07 Q112,1,2024-07
ctet1,hindi,CTET विगत वर्ष,2,,113,,,,निम्नलिखित में से कौन-सा कक्षायी अभ्यास विद्यार्थियों में मौखिक भाषा के विकास में मदद करेगा?,,,,,निम्नलिखित में से कौन-सा कक्षायी अभ्यास विद्यार्थियों में मौखिक भाषा के विकास में मदद करेगा?,अध्यापक के साथ पाठ्यसामग्री का समवेत पठन।,कविता को कंठस्थ कर लेने के बाद कविता का समवेत गायन।,रोल प्ले में भाग लेना।,नए या अपरिचित शब्दों के सही उच्चारण का अभ्यास करना।,2,CTET 2024-07 Q113,1,2024-07
ctet1,hindi,CTET विगत वर्ष,2,,114,,,,जब हम यह कहते हैं कि 'भाषा यादृच्छिक है’ तो इसका तात्पर्य है -,,,,,जब हम यह कहते हैं कि 'भाषा यादृच्छिक है’ तो इसका तात्पर्य है -,भाषा के शब्दों और उनके अर्थों के बीच अन्तर्निहित संबंध है।,शब्दों और उनके अर्थों के बीच संबंध किसी ठोस कारण पर आधारित है न कि बस यूँ ही।,भाषा के शब्दों और उनके अर्थों के बीच किसी प्रकार का अन्तर्निहित संबंध नहीं है।,भाषा पहले से निर्धारित सिद्धान्तों का पालन करती है।,2,CTET 2024-07 Q114,1,2024-07
ctet1,hindi,CTET विगत वर्ष,2,,115,,,,व्याकरण पढ़ाने का निगमनात्मक उपागम अनुशंसा करता है कि हमें सबसे पहले __________।,,,,,व्याकरण पढ़ाने का निगमनात्मक उपागम अनुशंसा करता है कि हमें सबसे पहले __________।,उदाहरण प्रस्तुत करने चाहिए,नियम प्रस्तुत करने चाहिए,वास्तविक सम्प्रेषण प्रस्तुत करना चाहिए,ड्रिल के माध्यम से अभ्यास करवाना चाहिए,1,CTET 2024-07 Q115,1,2024-07
ctet1,hindi,CTET विगत वर्ष,2,,116,,,,__________ तथ्यों से कहीं आगे जाकर अनुमान लगाने का तरीका है।,,,,,__________ तथ्यों से कहीं आगे जाकर अनुमान लगाने का तरीका है।,व्याख्या करना,विश्लेषण करना,निष्कर्ष निकालना,पाठ्यसामग्री का विस्तार (एक्सट्रापोलेशन),3,CTET 2024-07 Q116,1,2024-07
ctet1,hindi,CTET विगत वर्ष,2,,117,,,,एक भाषा अध्यापक को चाहिए कि वह शिक्षार्थियों को स्वच्छन्द लेखन के लिए प्रोत्साहित करें क्योंकि स्वच्छन्द लेखन का शिक्षार्थियों के लिए लाभ है :,,,,,एक भाषा अध्यापक को चाहिए कि वह शिक्षार्थियों को स्वच्छन्द लेखन के लिए प्रोत्साहित करें क्योंकि स्वच्छन्द लेखन का शिक्षार्थियों के लिए लाभ है :,यह शिक्षार्थियों को प्रवाह के साथ और रचनात्मक तरीके से लिखने के लिए प्रोत्साहित करता है।,शिक्षार्थी लिखने या ना लिखने के लिए स्वतंत्र हैं।,शिक्षार्थी ये महसूस नहीं करते हैं कि उन्हें कुछ अधिक या एकदम सटीक लिखना है।,शिक्षार्थी अपनी प्रथम भाषा के लिखित स्वरूप के गुणधर्म समावेशित कर सकते है।,0,CTET 2024-07 Q117,1,2024-07
ctet1,hindi,CTET विगत वर्ष,2,,118,,,,आप कक्षा पाँच के अध्यापक हैं। आपने विद्यार्थियों को पाठ्य सामग्री अच्छी तरह से पढऩे के लिए कहा है। उसके बाद आप संदर्भ और प्रसंग को ध्यान में रखते हुए प्रश्नों के उत्तर देने के लिए कहते हैं। इस प्रक्रिया के द्वारा आप विद्यार्थियों को किस तरह के पठन के लिए प्रोत्साहित कर रहे हैं?,,,,,आप कक्षा पाँच के अध्यापक हैं। आपने विद्यार्थियों को पाठ्य सामग्री अच्छी तरह से पढऩे के लिए कहा है। उसके बाद आप संदर्भ और प्रसंग को ध्यान में रखते हुए प्रश्नों के उत्तर देने के लिए कहते हैं। इस प्रक्रिया के द्वारा आप विद्यार्थियों को किस तरह के पठन के लिए प्रोत्साहित कर रहे हैं?,विस्तृत पठन,बारीकी से पठन,सरसरी तौर पर पठन,गहन पठन,3,CTET 2024-07 Q118,1,2024-07
ctet1,hindi,CTET विगत वर्ष,2,,119,,,,भाषा अर्जन केवल तभी घटित होता है जब __________।,,,,,भाषा अर्जन केवल तभी घटित होता है जब __________।,बच्चों को व्याकरण के नियम सिखाए जाएँ,बच्चों को अनुवाद करने का अभ्यास करवाया जाए,बच्चों को पठन के अवसर दिए जाएँ,बच्चों को भाषा का परिवेश (एक्सपोज़र) दिया जाए,3,CTET 2024-07 Q119,1,2024-07
ctet1,hindi,CTET विगत वर्ष,2,,120,,,,कक्षा में मातृभाषा को स्थान न देना किस विधि की विशेषता है?,,,,,कक्षा में मातृभाषा को स्थान न देना किस विधि की विशेषता है?,प्राकृतिक,द्वि भाषिक,श्रव्य भाषिक,"प्रत्यक्ष (डायरेक्ट) LANGUAGE – II : ENGLISH IMPORTANT : Candidates should attempt questions from Part-V (Q. No. 121-150), if they have opted for ENGLISH as LANGUAGE-II only. Read the passage given below and answer the questions that follow : (121 to 128) Perhaps the worst of the ordeals was to be shut in a darkened room for long, uncertain periods, in solitary confinement and complete silence. Gagarin himself described the experience. “There was no sound, not even the slightest rustle. No movement of the air—nothing. It was uncanny, unnerving.” He would shut his eyes and imagine himself in a space-cabin in orbit, looking at the world passing beneath him; or sometimes he would recite half-remembered poetry to himself. Then, came parachute training. Gagarin made forty parachute jumps of gradually increasing difficulty. One of the most interesting of the training experiments was the method of providing experience of weightlessness. In the early stages the express lift of the great Moscow University building was used. From the twenty-eighth floor to the bottom allowed a drop of 500 feet. At a certain high speed the passenger would find himself suspended between the floor and ceiling of the lift without support. This was a convenient and inexpensive way of reproducing ‘zero gravity’. Special air brakes prevented the lift from crashing as it reached the bottom. On the morning of April 12, Gagarin rose at 5.30. He was zipped into his complicated space-suit, on top of which went a pale blue fibre suit, and finally an orange one. Then an Air Force bus drove him to the launching site in company with various helpers. The gantry lift took him up 100 feet, to the nose of the rocket, and he entered the cabin (named Vostok) with a wave to those below.",3,CTET 2024-07 Q120,1,2024-07
ctet1,english,CTET विगत वर्ष,2,,121,,,,Study the following statements :,,,,,Study the following statements :,"On April 12, Gagarin woke up at 5.00 / and / is wrong. (3) / and / and",He wore a blue space suit. / are right but / and / is wrong. (4) / are wrong but,He travelled in space in Vostok. (1) / is wrong. (2) / are right but / are right but / is right.,,3,CTET 2024-07 Q121,1,2024-07
ctet1,english,CTET विगत वर्ष,2,,122,,,,Gagarin was a/an :,,,,,Gagarin was a/an :,space traveller,adventure tourist,physicist at Moscow University,paratrooper,0,CTET 2024-07 Q122,1,2024-07
ctet1,english,CTET विगत वर्ष,2,,123,,,,‘. . . a convenient and inexpensive way . . .’ Choose the word nearest in meaning to the underlined one.,,,,,‘. . . a convenient and inexpensive way . . .’ Choose the word nearest in meaning to the underlined one.,contrite,cordial,handy,cracking,2,CTET 2024-07 Q123,1,2024-07
ctet1,english,CTET विगत वर्ष,2,,124,,,,One benefit of travelling in the express lift to Gagarin was that :,,,,,One benefit of travelling in the express lift to Gagarin was that :,he did not have to pay for it.,it was very thrilling.,he experienced zero gravity.,he could come down in less time.,2,CTET 2024-07 Q124,1,2024-07
ctet1,english,CTET विगत वर्ष,2,,125,,,,‘. . . looking at the world passing beneath him.’ The underlined word is a/an __________.,,,,,‘. . . looking at the world passing beneath him.’ The underlined word is a/an __________.,article,preposition,adverb,conjunction,1,CTET 2024-07 Q125,1,2024-07
ctet1,english,CTET विगत वर्ष,2,,126,,,,Study the following statements : (a) In his private life Gagarin was a poet. (b) In the experimental darkroom there was no air.,,,,,Study the following statements : (a) In his private life Gagarin was a poet. (b) In the experimental darkroom there was no air.,(a) is right and (b) is wrong.,(b) is right and (a) is wrong.,Both (a) and (b) are wrong.,Both (a) and (b) are right.,1,CTET 2024-07 Q126,1,2024-07
ctet1,english,CTET विगत वर्ष,2,,127,,,,Gagarin was shut up in a dark room :,,,,,Gagarin was shut up in a dark room :,as punishment,to meditate,as an experiment,to feel like in a space cabin,3,CTET 2024-07 Q127,1,2024-07
ctet1,english,CTET विगत वर्ष,2,,128,,,,‘. . . and he entered the cabin ’ The underlined is a/an __________ clause.,,,,,‘. . . and he entered the cabin ’ The underlined is a/an __________ clause.,Noun,Adjective,Adverb,"Coordinate Read the passage given below and answer the questions that follow : (129 to 135) My home town in the mid-1970s was a laid-back place, resembling a remote rural area, except in having some amenities. Our house was almost at one end of the town. About 15 km away, there was a small village where a fair was held for a week every year during the harvest season. The village deity was worshipped by many from the places in the vicinity. Devotees thronged the fair not only for divine blessings but also for watching street-shows and other entertainment events. Only a mud track led to the village and everyone reached there by walking or on bullock carts. My father, an advocate by profession, was popular among the villagers. His clients from the place used to arrange bullock carts for us and a few family friends and relatives to attend the fair. The journey would start early in the morning. We children will be in a separate cart. I used to eagerly look forward to this occasion every year as though it was a journey of a life-time and worth enjoying every minute of it. Money saved for this fair would be tucked firmly in my pockets during the journey. Whenever the cart jerked or sped away, I would hold my pockets tightly so that coins would not spill out. The crowd at the temple in the foothill used to be highly unorganised, especially the food counter where prasadam was served. Hot and spicy puffed rice and tea made of jaggery were the delectable combination of food and beverage every devotee craved for. Going to the temple used to be the last priority of us children. Fearing elders’ wrath, we would hurriedly finish the formality of darshan.",3,CTET 2024-07 Q128,1,2024-07
ctet1,english,CTET विगत वर्ष,2,,129,,,,‘I used to eagerly look forward . . . .’ Choose the word opposite in meaning to the underlined one.,,,,,‘I used to eagerly look forward . . . .’ Choose the word opposite in meaning to the underlined one.,heartily,uneasily,easily,indifferently,3,CTET 2024-07 Q129,1,2024-07
ctet1,english,CTET विगत वर्ष,2,,130,,,,Which one of the following statements is true ?,,,,,Which one of the following statements is true ?,The narrator’s home town was in a remote area.,Life was comfortable in all respects.,It was known for an annual fair.,People visited his home town for religious reasons also.,0,CTET 2024-07 Q130,1,2024-07
ctet1,english,CTET विगत वर्ष,2,,131,,,,"Study the following statements : (a) The writer would be very careful while travelling in the cart. (b) Inspite of the jerks and jolts, the journey was enjoyable.",,,,,"Study the following statements : (a) The writer would be very careful while travelling in the cart. (b) Inspite of the jerks and jolts, the journey was enjoyable.",(a) is right and (b) is wrong.,(b) is right and (a) is wrong.,Both (a) and (b) are right.,Both (a) and (b) are wrong.,2,CTET 2024-07 Q131,1,2024-07
ctet1,english,CTET विगत वर्ष,2,,132,,,,Study the following statements :,,,,,Study the following statements :,Children were given enough pocket money on the fair day. / and / is wrong. (3) / and / and,Small children would travel with their parents in a separate cart. / are right but / and / is wrong. (4) / are wrong but,Well-to-do villagers liked to oblige the writer’s father. (1) / is wrong. (2) / are right but / are right but / is right.,,3,CTET 2024-07 Q132,1,2024-07
ctet1,english,CTET विगत वर्ष,2,,133,,,,The devotees thronged the fair. Choose the option which is nearest in meaning to the underlined word.,,,,,The devotees thronged the fair. Choose the option which is nearest in meaning to the underlined word.,attacked,visited,crowded,appreciated,2,CTET 2024-07 Q133,1,2024-07
ctet1,english,CTET विगत वर्ष,2,,134,,,,Which one of the following statements is not true ?,,,,,Which one of the following statements is not true ?,People visited the fair for divine blessings.,Most of the people visited the fair only for its market.,Prasad distribution was quite chaotic.,Prasad distributed there was very delicious.,1,CTET 2024-07 Q134,1,2024-07
ctet1,english,CTET विगत वर्ष,2,,135,,,,‘Only a mud track led to the village’. The underlined word is a/an __________.,,,,,‘Only a mud track led to the village’. The underlined word is a/an __________.,Noun,Pronoun,Adjective,Adverb,2,CTET 2024-07 Q135,1,2024-07
ctet1,english,CTET विगत वर्ष,2,,137,,,,At primary level a teacher generally motivates learners for colouring and drawing as it helps in :,,,,,At primary level a teacher generally motivates learners for colouring and drawing as it helps in :,engaging learners to maintain silence in the class.,developing fine motor skills.,entertaining learners.,relaxing the teacher from teaching.,1,CTET 2024-07 Q137,1,2024-07
ctet1,english,CTET विगत वर्ष,2,,138,,,,Children learn a language most effectively when they have __________.,,,,,Children learn a language most effectively when they have __________.,a proficient language teacher,a good textbook,inhibition,motivation,3,CTET 2024-07 Q138,1,2024-07
ctet1,english,CTET विगत वर्ष,2,,139,,,,A teacher promotes group discussion and peer interaction in her classroom. She does not bother to correct spelling or pronunciation errors. She is using __________ approach in her classroom.,,,,,A teacher promotes group discussion and peer interaction in her classroom. She does not bother to correct spelling or pronunciation errors. She is using __________ approach in her classroom.,Traditional,Eclectic,Structural,Constructivist,3,CTET 2024-07 Q139,1,2024-07
ctet1,english,CTET विगत वर्ष,2,,140,,,,You as a teacher find that the language used in the lesson is very difficult for your learners. You simplify the language and also make certain changes in the content to suit your learners. What you have done is called __________.,,,,,You as a teacher find that the language used in the lesson is very difficult for your learners. You simplify the language and also make certain changes in the content to suit your learners. What you have done is called __________.,Adopting,Adaptation,Evaluation,Review,1,CTET 2024-07 Q140,1,2024-07
ctet1,english,CTET विगत वर्ष,2,,141,,,,"Today Raju is very happy as he is going to school. He is the first from his family to come to school. None in his family, not even his parents, had ever been enrolled in any school. Raju is thus a __________ learner.",,,,,"Today Raju is very happy as he is going to school. He is the first from his family to come to school. None in his family, not even his parents, had ever been enrolled in any school. Raju is thus a __________ learner.",First generation,Second generation,Marginalized,Minority,0,CTET 2024-07 Q141,1,2024-07
ctet1,english,CTET विगत वर्ष,2,,142,,,,"When you go to teach, you find that the textbook begins with rhymes and picture stories and ends with the alphabet. Which approach does this kind of arrangement suggest in language pedagogy.",,,,,"When you go to teach, you find that the textbook begins with rhymes and picture stories and ends with the alphabet. Which approach does this kind of arrangement suggest in language pedagogy.",Bottom up approach,Top down approach,Eclectic approach,Aesthetic approach,1,CTET 2024-07 Q142,1,2024-07
ctet1,english,CTET विगत वर्ष,2,,143,,,,"When language is learnt naturally and without any systematic practice, it is called :",,,,,"When language is learnt naturally and without any systematic practice, it is called :",Erudition,Acquisition,Acceptance,Learning,1,CTET 2024-07 Q143,1,2024-07
ctet1,english,CTET विगत वर्ष,2,,144,,,,One of the important features of __________ is that the learners solve problems collectively-either in a pair or in a group.,,,,,One of the important features of __________ is that the learners solve problems collectively-either in a pair or in a group.,communicative language teaching,behaviourist approach,whole language approach,structural approach,0,CTET 2024-07 Q144,1,2024-07
ctet1,english,CTET विगत वर्ष,2,,145,,,,While preparing a Lesson Plan on the topic ‘Pollution’ what will be your first step ?,,,,,While preparing a Lesson Plan on the topic ‘Pollution’ what will be your first step ?,Prepare introductory questions,Go through the topics many times,Select teaching aids,Frame objectives,3,CTET 2024-07 Q145,1,2024-07
ctet1,english,CTET विगत वर्ष,2,,146,,,,A teacher asks her learners to write a paragraph on ‘water’. Then the learners start discussing what they have been taught in science and social science classes. Then they begin to write a paragraph on water. This is an example of :,,,,,A teacher asks her learners to write a paragraph on ‘water’. Then the learners start discussing what they have been taught in science and social science classes. Then they begin to write a paragraph on water. This is an example of :,Language in use,Language of science,Language across curriculum,Communicative approach,2,CTET 2024-07 Q146,1,2024-07
ctet1,english,CTET विगत वर्ष,2,,147,,,,"You were born and brought up in a village where everybody spoke Hindi and you too began using this language without going to any school. Later when you went to school you studied English, Sanskrit, Hindi and Urdu. Now, you speak English very fluently. Now which is your first language ?",,,,,"You were born and brought up in a village where everybody spoke Hindi and you too began using this language without going to any school. Later when you went to school you studied English, Sanskrit, Hindi and Urdu. Now, you speak English very fluently. Now which is your first language ?",English,Hindi,Urdu,Sanskrit,1,CTET 2024-07 Q147,1,2024-07
ctet1,english,CTET विगत वर्ष,2,,148,,,,"A teacher brings real-life objects like umbrella, raincoat, screwdriver etc to her class. She asks the learners to describe the objects in two to three sentences. The materials that the teacher brings in the class is technically called __________.",,,,,"A teacher brings real-life objects like umbrella, raincoat, screwdriver etc to her class. She asks the learners to describe the objects in two to three sentences. The materials that the teacher brings in the class is technically called __________.",Language input,Teaching instruments,Tools,Realia,3,CTET 2024-07 Q148,1,2024-07
ctet1,english,CTET विगत वर्ष,2,,149,,,,"To teach tense in your class you use two pictures of the same person - one picture taken 15 years ago and another just clicked. You initiate a talk in the class about his present and past - his appearance, his habits. Now, you are using :",,,,,"To teach tense in your class you use two pictures of the same person - one picture taken 15 years ago and another just clicked. You initiate a talk in the class about his present and past - his appearance, his habits. Now, you are using :",Prescriptive Grammar,Structural Grammar,Pedagogical Grammar,Rule based Grammar,2,CTET 2024-07 Q149,1,2024-07
ctet1,english,CTET विगत वर्ष,2,,150,,,,"The statements that describe the knowledge, skills, and attitudes that students should acquire by the end of a particular class or course come under __________.",,,,,"The statements that describe the knowledge, skills, and attitudes that students should acquire by the end of a particular class or course come under __________.",teaching outcomes,learning outcomes,numeracy outcomes,"foundational literacy outcomes भाग - V भाषा - II : हिन्दी महत्वपूर्ण : परीक्षार्थी भाग-V (प्र.सं. 121 से 150) के प्रश्नों के उत्तर केवल तभी दें यदि उन्होंने भाषा-II का विकल्प हिन्दी चुना हो। निम्नलिखित गद्यांश को पढ़कर पूछे गए प्रश्नों (प्र.सं. 121 – 128) के सही/सर्वाधिक उपयुक्त विकल्प का चयन कीजिए। एक दूसरा संकट ग्लेशियरों के तेजी से पिघलने और अचानक टूटने से खतरनाक बाढ़ और जलप्लावन का संकट है। पर्यावरण के इस संकट को लेकर देश के लोगों और सरकारों की चेतना का जो स्तर है, वह चिंता बढ़ाने वाला है। खेत खत्म हो रहे हैं, पेड़ काटे जा रहे हैं और जंगलों को लेकर सिर्फ आंकड़ों पर जोर है। उदारीकरण के बाद लोगों के रहन-सहन और जरूरतों में आया बदलाव अब मुसीबत बनने वाला है। हम में से हर की जिंदगी में गैर जरूरी सुविधाओं का भोग लगातार बढ़ा है। चालीस पार की उम्र वाले आसानी से अपने बचपन के दिनों को याद करके समा सकते हैं कि संसाधनों का अंधाधुंध इस्तेमाल उनकी जिंदगी में किस कदर बढ़ चुका है। इसका असर मौसम, खेतों और फसलों पर पड़ रहा है। मार्च में खिलने वाले फूल अब फरवरी में नजर आते हैं। फरवरी में अचानक गरमी पड़ती है और गेहूं सूखने लगता है और जब तक फसल तैयार होती है अचानक बेमौसम की बारिश आकर उसे तबाह कर देती है। आम के बागवान शुरुआती बौरों को देखकर खुश तो होते हैं पर अचानक मार्च का आंधी-तूफान उनकी सारी खुशियों को निगल जाता है। पर्यावरण वैश्विक समस्या है पर उसका हल हमारी जरूरतों को कम करने में छिपा है।",1,CTET 2024-07 Q150,1,2024-07
ctet1,cdp,CTET विगत वर्ष,2,,1,,,,"परीक्षार्थियों के लिए निर्देश 1. OMR उत्तर पत्र इस परीक्षा पुस्तिका के अन्दर रखा है। जब आपको परीक्षा पुस्तिका खोलने को कहा जाए, तो उत्तर पत्र निकाल कर पृष्ठ-1 एवं पृष्ठ-2 पर ध्यान से केवल नीले/काले बॉल पॉइंट पेन से विवरण भरें। 2. परीक्षा की अवधि 2½ घंटे हैं एवं परीक्षा में 150 प्रश्न हैं। कोई ऋणात्मक अंकन नहीं है। 3. इस पृष्ठ पर विवरण अंकित करने एवं ओएमआर उत्तर पत्र पर निशान लगाने के लिए केवल नीले/काले बॉल पॉइंट पेन का प्रयोग करें। 4. इस पुस्तिका का कोड H है। यह सुनिश्चित कर लें कि इस पुस्तिका का कोड, ओएमआर उत्तर पत्र के पृष्ठ-2 पर छपे कोड से मिलता है। यह भी सुनिश्चित कर लें कि परीक्षा पुस्तिका संख्या और ओएमआर उत्तर पत्र संख्या मिलते हैं। अगर यह भिन्न हों तो परीक्षार्थी दूसरी परीक्षा पुस्तिका और ओएमआर उत्तर पत्र लेने के लिए निरीक्षक को तुरन्त अवगत कराएँ। 5. इस परीक्षा पुस्तिका में पाँच भाग I, II, III, IV और V हैं, जिनमें 150 वस्तुनिष्ठ प्रश्न हैं, तथा प्रत्येक 1 अंक का है : : बाल विकास व शिक्षाशास्त्र (प्रश्न सं. 1-30) : गणित (प्रश्न सं. 31-60) (प्रश्न सं. 61-90) (प्रश्न सं. 91-120) (प्रश्न सं. 121-150) 6. भाग-IV में भाषा-I के लिए 30 प्रश्न और भाग-V में भाषा-II के लिए 30 प्रश्न दिए गए हैं। इस परीक्षा पुस्तिका में केवल अंग्रेज़ी व हिन्दी भाषा से संबंधित प्रश्न दिए गए हैं। यदि भाषा-I और/या भाषा-II में आपके द्वारा चुनी गई भाषा(एँ) अंग्रेज़ी या हिन्दी के अलावा है/हैं तो कृपया H कोड वाली उस भाषा वाली परिशिष्ट (भाषा) परीक्षा पुस्तिका माँग लीजिए। जिन भाषाओं के प्रश्नों के उत्तर आप दे रहे हैं वह आवेदन पत्र में चुनी गई भाषाओं से अवश्य मेल खानी चाहिए। भाषाओं का परिवर्तन अनुमन्य नहीं है। 7. परीक्षार्थी भाषा-II (भाग-V) के लिए, भाषा सूची से ऐसी भाषा चुनें जो उनके द्वारा भाषा-I (भाग-IV) में चुनी गई भाषा से भिन्न हो। 8. रफ कार्य परीक्षा पुस्तिका में इस प्रयोजन के लिए दी गई खाली जगह पर ही करें। 9. सभी उत्तर केवल OMR उत्तर पत्र पर ही अंकित करें। अपने उत्तर ध्यानपूर्वक अंकित करें। उत्तर बदलने हेतु श्वेत रंजक का प्रयोग निषिद्ध है। 10. यदि अंग्रेज़ी और हिन्दी संस्करण के प्रश्नों/उत्तरों में कोई विसंगति हो तो अंग्रेज़ी संस्करण अंतिम माना जायेगा। CHILD DEVELOPMENT AND PEDAGOGY / बाल विकास व शिक्षाशास्त्र Direction : Answer the following questions (Q. Nos 1 to 30) by selecting the correct/most appropriate options. निर्देश : निम्नलिखित प्रश्नों (प्र. संख्या 1 से 30) के उत्तर देने के लिए सही/सबसे उपयुक्त विकल्प चुनिए। 1. Mastery Oriented learners typically attribute success to __________ and failure to __________. / महारत उन्मुख शिक्षार्थी आमतौर पर सफलता का श्रेय __________ को देते हैं और असफलता को __________ ।",योग्यता और अच्छी किस्मत; कार्य कठिनाई,योग्यता और कोशिश; खराब किस्मत,योग्यता और अच्छी किस्मत; निम्न योग्यता,योग्यता और कोशिश; अपर्याप्त कोशिश,"The OMR Answer Sheet is inside this Test Booklet. When you are directed to open the Test Booklet, take out the Answer Sheet and fill in the particulars on Side-1 and Side-2 carefully with blue/black ball point pen only. 2. The test is of 2½ hours duration and consists of 150 questions. There is no negative marking. 3. Use Blue/Black Ball Point Pen only for writing particulars on this page/ marking responses in the OMR Answer Sheet. 4. The CODE for this Booklet is H. Make sure that the CODE printed on Side-2 of the OMR Answer Sheet is the same as that on this Booklet. Also ensure that your Test Booklet No. and OMR Answer Sheet No. are the same. In case of discrepancy, the candidate should immediately report the matter to the Invigilator for replacement of both the Test Booklet and the OMR Answer Sheet. 5. This Test Booklet has five Parts, I, II, III, IV and V, consisting of 150 Objective Type Questions and each carries 1 mark : : Child Development and Pedagogy (Q.Nos. 1-30) : Mathematics (Q.Nos. 31-60) (Q.Nos. 61-90) (Q.Nos. 91-120) : Language-II (English/Hindi) (Q.Nos. 121-150) 6. for Language-II. In this Test Booklet, only questions pertaining to English and Hindi language have been given. In case the language/s you have opted for as Language-I and/or Language-II is a language other than English or Hindi, please ask for a Supplement (Language) Test Booklet of H Code that contains questions on that language. The languages being answered must tally with the languages opted for in your Application Form. No change in languages is allowed. 7. Candidates are required to attempt questions in Language-II (Part-V) in a language other than the one chosen as Language-I (Part-IV) from the list of languages. 8. Rough work should be done only in the space provided in the Test Booklet for the same. 9. The answers are to be recorded on the OMR Answer Sheet only. Mark your responses carefully. No whitener is allowed for changing answers. 10. In case of any discrepancy in the English and Hindi versions of questions/ answers, English version will be taken as final.",ability and good luck; task difficulty,ability and effort; bad luck,ability and good luck; low ability,ability and effort; insufficient effort,3,CTET 2024-12 Q1,1,2024-12
ctet1,cdp,CTET विगत वर्ष,2,,2,,,,निम्नलिखित में से कौन सा कथन विकास के 'समीप-दूराभिमुख’ सिद्धांत का प्रतिनिधित्व करता है?,विकास बहु-दिशात्मक और बहु-आयामी होता है।,अलग-अलग संस्कृतियों में रहने वाले हमशक्ल जुड़वां अलग-अलग दरों से विकसित हो सकते हैं।,मोतियों को धागे में पिरोने से पहले बच्चे गेंद को पकडऩे की क्षमता विकसित करते हैं।,बच्चों में खड़े होने से पहले बैठने की क्षमता का विकास होता है।,Which of the following statement represents ‘Proximodistal’ principle of development ?,Development is multidirectional and multidimensional.,Identical twins living in different cultures can develop at different rates.,Children develop ability to grasp the ball before putting beads in thread.,Children develop ability to sit up before standing.,2,CTET 2024-12 Q2,1,2024-12
ctet1,cdp,CTET विगत वर्ष,2,,3,,,,वायगोत्स्की के अनुसार बच्चे स्वयं से बात करते हैं :,विचार और आत्म-नियमन में सहायता के लिए।,आत्म-सदृढ़ीकरण प्रदान करने के लिए जब वयस्क उन्हें अनदेखा कर रहे हों।,क्योंकि वे आत्मकेंद्रित होते हैं।,क्योंकि उनकी सोच अतार्किक है।,According to Vygotsky children speak to themselves :,To aid thought and for self-regulation.,To provide self-reinforcement when adults are ignoring them.,Because they are egocentric.,Because their thought is illogical.,0,CTET 2024-12 Q3,1,2024-12
ctet1,cdp,CTET विगत वर्ष,2,,4,,,,सामाजिक संचार में चुनौतियाँ किसमें स्पष्ट होती हैं?,ध्यान न्यूनता अतिक्रियाशीलता विकार में,मस्तिष्क पक्षाघात में,स्वलीन क्रम विकार में,अधिगमात्मक विकलांगता में,Challenges in social communication are evident in :,Attention deficit hyperactivity disorder,Cerebral palsy,Autism Spectrum Disorder,Learning Disabilities,2,CTET 2024-12 Q4,1,2024-12
ctet1,cdp,CTET विगत वर्ष,2,,5,,,,"वायगोत्स्की के सीखने और विकास के सिद्धांत के अनुसार, निम्नलिखित में से कौन सा आलम्बन का उदाहरण है?",किसी कार्य को छोटे चरणों में तोडऩा और आवश्यकतानुसार सहायता प्रदान करना।,अभिप्रेरणा के रूप में एक छात्र को उनके काम के लिए एक श्रेणी प्रदान करना।,एक छात्र को पढऩे का कार्य देना और उन्हें स्वतंत्र रूप से सवालों के जवाब देने के लिए कहना।,एक छात्र को एक कौशल का प्रदर्शन करना और फिर उन्हें अपने दम पर इसमें महारत हासिल करना।,"According to Vygotsky’s theory of learning and development, which of the following is an example of scaffolding ?",Breaking a task down into smaller steps and providing support as needed.,Providing a student with a grade for their work as motivation.,Providing a student with a reading assignment and asking them to answer questions independently.,Demonstrating a skill to a student and then having them master it on their own.,0,CTET 2024-12 Q5,1,2024-12
ctet1,cdp,CTET विगत वर्ष,2,,6,,,,लेखन वैकल्य की विशेषता है :,विलंबित गतिक कौशल,लिखित कार्य में चुनौती,पढऩे के प्रवाह में कमी,दोहरावदार व्यवहार,Dysgraphia is characterised by :,Delayed motor skills,Difficulties in writing,Lack of reading fluency,Repetitive behavioural patterns,1,CTET 2024-12 Q6,1,2024-12
ctet1,cdp,CTET विगत वर्ष,2,,7,,,,"अच्छे समस्या समाधानकर्ता बनने में विद्यार्थियों की सहायता करने के लिए, एक शिक्षक को निम्नलिखित में से किस प्रक्रिया पर बल देना चाहिए ?",ऐसी जानकारी पर ध्यान देना जो पहले से मौजूद विश्वासों और पूर्वाग्रहों की पुष्टि करें।,समस्याओं को एक विशिष्ट निर्धारित तरीके से हल करना।,बड़ी और जटिल समस्याओं को छोटी प्रबंधनीय समस्याओं में विभाजित करना।,समस्या से संबंधित जानकारी के केवल एक ही पहलू पर ध्यान केंद्रित करना।,"In order to help students to become good problem solvers, a teacher should emphasize on the practice of :",focusing on information that confirms existing beliefs and preconceptions.,approaching problems in a particular fixed fashion.,breaking large complex problems into smaller manageable problems.,centering only on one particular piece of information related to problem.,2,CTET 2024-12 Q7,1,2024-12
ctet1,cdp,CTET विगत वर्ष,2,,8,,,,अभिकथन (A) : एक समावेशी कक्षा में छात्रों की आवश्यकताओं को पूरा करने के लिए शिक्षकों को बहुसंवेदी सामग्री का उपयोग करना चाहिए। कारण (R) : समावेशी कक्षाओं को पाठ्यचर्या सामग्री के मानकीकरण के साथ-साथ मूल्यांकन रणनीतियों के मानकीकरण को अपनाना चाहिए। सही विकल्प चुनें :,सही है लेकिन (R) गलत है।,और (R) दोनों गलत हैं।,और (R) दोनों सही हैं और (A) की (R) सही व्याख्या करता है।,और (R) दोनों सही हैं लेकिन (A) की (R) सही व्याख्या नहीं करता है।,Assertion (A) : Teachers should use multisensory materials to cater to needs of students in an inclusive classroom. Reason (R) : Inclusive classrooms should adopt standardization of curricular materials as well as assessment strategies. Choose the correct option :,(A) is true but (R) is false. / (A),Both (A) and (R) are false. / (A),Both (A) and (R) are true and (R) is the correct explanation of (A). / (A),Both (A) and (R) are true but (R) is not the correct explanation of (A). / (A),0,CTET 2024-12 Q8,1,2024-12
ctet1,cdp,CTET विगत वर्ष,2,,9,,,,रचनावादी दृष्टिकोण से :,व्यक्ति पर्यावरणीय घटनाओं से निष्क्रिय रूप से प्रभावित होते हैं।,व्यक्तियों को नए व्यवहार सीखने के लिए अनुकूलित किया जाता है।,सीखना वर्तमान समझ का विस्तार और परिवर्तन है।,सीखना बस हमारे दिमाग की कोरी स्लेट पर संघों को लिखना है।,In the constructivist view :,Individuals are passively influenced by environmental events.,Individuals are conditioned to learn new behaviours.,Learning is extending and transforming the current understanding.,Learning is simply writing associations on the blank slates of our brains.,2,CTET 2024-12 Q9,1,2024-12
ctet1,cdp,CTET विगत वर्ष,2,,10,,,,अभिकथन (A) : प्रभावी शिक्षक खुद को शिक्षार्थियों के दैनिक जीवन और उनकी सामाजिक-सांस्कृतिक पृष्ठभूमि से परिचित कराते हैं। कारण (R) : सीखना एक सामाजिक संदर्भ में होता है। सही विकल्प चुनें :,सही है लेकिन (R) गलत है।,और (R) दोनों गलत हैं।,और (R) दोनों सही हैं और (A) की (R) सही व्याख्या करता है।,और (R) दोनों सही हैं लेकिन (A) की (R) सही व्याख्या नहीं करता है।,Assertion (A) : Effective teachers familiarize themselves with daily lives and socio-cultural backgrounds of learners. Reason (R) : Learning takes place in a social context. Choose the correct option.,(A) is true but (R) is false. / (A),Both (A) and (R) are false. / (A),Both (A) and (R) are true and (R) is the correct explanation of (A). / (A),Both (A) and (R) are true but (R) is not the correct explanation of (A). / (A),2,CTET 2024-12 Q10,1,2024-12
ctet1,cdp,CTET विगत वर्ष,2,,11,,,,अर्थपूर्ण अधिगम मुख्य रूप से किसके बारे में नहीं है?,जानकारी को रटना,अवधारणाओं को समाना,ज्ञान का निर्माण,कौशलों का विकास,Meaningful learning is primarily NOT about :,memorizing information,understanding the concept,constructing knowledge,developing skills,0,CTET 2024-12 Q11,1,2024-12
ctet1,cdp,CTET विगत वर्ष,2,,12,,,,अभिकथन (A) : शिक्षिका को अपनी कक्षा के लड़कों को खेलों में भाग लेने के लिए प्रोत्साहित करना चाहिए व लड़कियों को कला अलंकरण के कार्य देने चाहिए। कारण (R) : बच्चे मुख्य रूप से अंतर्निहित जैविक भिन्नताओं के कारण जेंडर भूमिकाएं ग्रहण करते हैं। सही विकल्प चुनें :,सही है लेकिन (R) गलत है।,और (R) दोनों गलत हैं।,और (R) दोनों सही हैं और (A) की (R) सही व्याख्या करता है।,और (R) दोनों सही हैं लेकिन (A) की (R) सही व्याख्या नहीं करता है।,Assertion (A) : Teacher should encourage boys of her class to participate in sports while assigning art decoration to girls. Reason (R) : Children acquire gender roles primarily because of the underlying biological differences. Choose the correct option.,(A) is true but (R) is false. / (A),Both (A) and (R) are false. / (A),Both (A) and (R) are true and (R) is the correct explanation of (A). / (A),Both (A) and (R) are true but (R) is not the correct explanation of (A). / (A),1,CTET 2024-12 Q12,1,2024-12
ctet1,cdp,CTET विगत वर्ष,2,,13,,,,गतिसंवेदी शिक्षार्थी __________ के माध्यम से सीखना पसंद करते हैं।,seeing / देखने,touching / छूने,करने और चलने-फिरने,listening / सुनने,Kinesthetic learners prefer to learn through __________.,seeing / देखने,touching / छूने,doing and moving,listening / सुनने,2,CTET 2024-12 Q13,1,2024-12
ctet1,cdp,CTET विगत वर्ष,2,,14,,,,हॉवर्ड गार्डनर के अनुसार एक वैज्ञानिक __________ बुद्धि का उच्च प्रदर्शन करेगा जबकि एक मूर्तिकार में __________ बुद्धि की उच्च बुद्धिमत्ता होगी।,प्रकृतिवादी; स्थानिक,ट्रांसडक्टिव; स्थानिक,तार्किक-गणितीय; गतिसंवेदी,स्थानिक; गतिसंवेदी,"According to Howard Gardner while a scientist would exhibit high __________ Intelligence, a sculptor would have high __________ Intelligence.",Naturalistic; Spatial,Transductive; Spatial,Logical-mathematical; Bodily Kinesthetic,Spatial; Bodily Kinesthetic,2,CTET 2024-12 Q14,1,2024-12
ctet1,cdp,CTET विगत वर्ष,2,,15,,,,समावेशन को बढ़ावा देने के लिए क्या आवश्यक है? (i) लचीला पाठ्यक्रम (ii) सहयोगात्मक अधिगम (iii) पृथकरण और नामीकरण (iv) गम्य इमारतें,(ii) (iii) (iv) / (ii) (iii) (iv),(i) (ii) (iii) (iv) / (i) (ii) (iii) (iv),(i) (ii) (iii) / (i) (ii) (iii),(i) (ii) (iv) / (i) (ii) (iv),Inclusion needs to be promoted through : (i) Flexible curriculum (ii) Cooperative learning (iii) Segregation and labelling (iv) Accessibility of building,(ii) (iii) (iv) / (ii) (iii) (iv),(i) (ii) (iii) (iv) / (i) (ii) (iii) (iv),(i) (ii) (iii) / (i) (ii) (iii),(i) (ii) (iv) / (i) (ii) (iv),3,CTET 2024-12 Q15,1,2024-12
ctet1,cdp,CTET विगत वर्ष,2,,16,,,,बच्चे जब __________ अनुभव करते हैं तो बेहतर रूप से सीखते हैं।,गतिविधि के दौरान निम्न स्तर की सतर्कता,सीखने के लिए मध्यम स्तर का उत्साह,प्रदर्शन करने के लिए उच्च स्तर पर चिंता,अधिगम विवशता,Children learn better if they experience :,Low level of alertness during activity,Moderate level of excitement to learn,High degree of anxiety to perform,Learned helplessness,1,CTET 2024-12 Q16,1,2024-12
ctet1,cdp,CTET विगत वर्ष,2,,17,,,,अभिकथन (A) : 5 - 6 वर्ष से कम उम्र के बच्चों को 'ठीक से’ और 'रेखाओं के भीतर’ लिखने के लिए दबाव नहीं डालना चाहिए। कारण (R) : बच्चे 5 - 6 साल के बाद गतिक कौशल का बेहतर नियंत्रण प्राप्त करते हैं। सही विकल्प चुनें :,सही है लेकिन (R) गलत है।,और (R) दोनों गलत हैं।,और (R) दोनों सही हैं और (A) की (R) सही व्याख्या करता है।,और (R) दोनों सही हैं लेकिन (A) की (R) सही व्याख्या नहीं करता है।,Assertion (A) : Children below the age of 5 - 6 years should not be pressurized to write ‘properly’ and ‘within the lines’. Reason (R) : Children gain a control of finer motor skills from 5 - 6 years onwards. Choose the correct option.,(A) is true but (R) is false. / (A),Both (A) and (R) are false. / (A),Both (A) and (R) are true and (R) is the correct explanation of (A). / (A),Both (A) and (R) are true but (R) is not the correct explanation of (A). / (A),2,CTET 2024-12 Q17,1,2024-12
ctet1,cdp,CTET विगत वर्ष,2,,18,,,,"बच्चे अक्सर अपने आस-पास की घटनाओं की अपनी व्याख्या लेकर आते हैं। बारिश क्यों होती है, यह पूछे जाने पर सिया कहती है- ''भगवान अपने कंधों पर पानी की बाल्टियां ढ़ो-ढ़ोकर थक चुके थे।’’ ऐसी व्याख्याएं-",चित्रित करती हैं कि बच्चों का एक आत्मकेंद्रित दृष्टिकोण है और वे दूसरे के दृष्टिकोण पर विचार नहीं कर सकते।,स्पष्ट करती हैं कि बच्चे तर्क करने में सक्षम नहीं हैं।,साबित करती हैं कि बच्चों की सोच वयस्कों की तुलना में 'मात्रात्मक’ रूप से बहुत कम है।,संकेत देती हैं कि बच्चों में अपने सांस्कृतिक परिवेश के अनुकूल 'सहज’ समा होती है जिससे वे घटनाओं को समाने की कोशिश करते हैं।,Children often come up with their own explanations of events around them. On being probed as to why does it rain Sia says - “God was tired of carrying the buckets of water on his shoulders”. Such explanations :,Depict that children have an egocentric view and cannot consider other’s viewpoint.,Illustrate that children are not capable of any reasoning.,Prove that children’s thinking is much lesser than adults quantitively.,Indicate that children have naïve understanding rooted in their cultural context with which they try to understand events.,3,CTET 2024-12 Q18,1,2024-12
ctet1,cdp,CTET विगत वर्ष,2,,19,,,,पियाजे ने संज्ञानात्मक विकास का किस प्रकार वर्णन किया है?,एक सतत निरंतरता के रूप में,चार अतिव्यापी संस्कृति विशिष्ट चरण में,चार गुणात्मक रूप से भिन्न चरण में,तीन प्रगतिशील स्तर में,Piaget described cognitive development as occurring in :,A continuous continuum,Four overlapping culture specific stages,Four qualitatively different stages,Three progressive levels,2,CTET 2024-12 Q19,1,2024-12
ctet1,cdp,CTET विगत वर्ष,2,,20,,,,"विद्यालय में खेलने के समय, ऋषभ, एक 7 वर्षीय लड़के ने खेलने के लिए एक गुडिय़ा उठाई। उसके कुछ साथियों ने उसकी इस पसंद के खिलौने के लिए उसका मज़ाक उड़ाया। एक शिक्षक जो अपने विद्यार्थियों में लैंगिक भूमिका के सन्दर्भ में लचीलापन विकसित करना चाहता है, को इस स्थिति में निम्नलिखित में से कौन-सी प्रतिक्रिया देनी चाहिए?",ऋषभ से बात करनी चाहिए कि गुडिय़ा लड़कियों के लिए उपयुक्त हैं और लड़कों को गुडिय़ा के साथ नहीं खेलना चाहिए।,ऋषभ से कहना चाहिए कि वह किसी और खिलौने के साथ खेले क्योंकि उसके दोस्तों को यह मंज़ूर नहीं है कि वह गुडिय़ा के साथ खेले।,ऋषभ को गुडिय़ा के साथ खेलने देना चाहिए और दूसरे बच्चों को कहना चाहिए कि वे भी अपनी पसंद का कोई खिलौना चुन सकते हैं।,बिना कुछ कहे गुडिय़ा को हटा देना चाहिए और ऋषभ को खेलने के लिए कार दे देनी चाहिए।,"During play time at school, Rishab, a 7-year-old boy picked a doll to play with. Some of his peers made fun of him for his choice of toy. As a teacher who wants his students to grow up with gender role flexibility, which of the following would be the best response to the situation by the teacher ?",Talk to Rishabh that dolls are suitable for girls and boys should not play with dolls.,Tell Rishabh that he should play with something else because his friends won’t approve of him playing with doll.,Let Rishabh play with doll and tell other children that they can also choose any toy of their choice.,Quitely take away the doll and give a car toy to Rishabh without saying anything.,2,CTET 2024-12 Q20,1,2024-12
ctet1,cdp,CTET विगत वर्ष,2,,21,,,,"विकास के संदर्भ में, एक समय सीमा जिसमें एक व्यक्ति विशिष्ट उत्प्रेरणाओं के प्रति परिवर्धित संवेदनशीलता रखता है जिससे कि वह कुशल तरीके से कार्य करने के लिए विशेष कौशल विकसित कर सके, वह विकास की __________ कहलाई जाती है।",प्रोत्साहन अवधि,उत्प्रेरक अवधि,चुनौतीपूर्ण अवधि,कूटलेखन/एन्कोडिंग अवधि,"In developmental terms, a time frame where an individual upholds an amplified sensitivity to particular incentives for developing particular skills to function in an efficient manner is referred to as __________ of development.",Incentive period,Stimulus period,Critical period,Encoding period,2,CTET 2024-12 Q21,1,2024-12
ctet1,cdp,CTET विगत वर्ष,2,,22,,,,शिक्षकों को ध्यान न्यूनता अतिक्रियाशीलता विकार से जूा रहे छात्रों की आवश्यकताओं का ध्यान रखते समय __________ से बचना चाहिए।,विकर्षण और शोर करने,पाठ्यक्रम सामग्री और निर्देशों में लचीलेपन,कार्य को छोटे आसानी से प्रबंधनीय भागों में तोडऩे,बहु-संवेदी सामग्री का उपयोग करने,In order to cater to needs of students struggling with Attention Deficit Hyperactivity Disorder teachers should avoid :,Creating distractions and making noises,Flexibility in curricular materials and instructions,Breaking the task into small easily manageable parts,Using multi-sensory materials,0,CTET 2024-12 Q22,1,2024-12
ctet1,cdp,CTET विगत वर्ष,2,,23,,,,लॉरेंस कोहलबर्ग ने तर्क दिया है कि -,बच्चों में नैतिक विकास निरंतर रूप से होता है।,बच्चों के नैतिक तर्क में सांस्कृतिक अंतर होते हैं।,नैतिक विकास क्रमिक चरणों में होता है।,बच्चों के नैतिक तर्क में लिंग भेद होते हैं।,Lawrence Kohlberg argued that :,moral development in children occurs in a continuous manner.,there are cultural differences in moral reasoning of children.,moral development occurs progressively in stages.,there are gender differences in moral reasoning of children.,2,CTET 2024-12 Q23,1,2024-12
ctet1,cdp,CTET विगत वर्ष,2,,24,,,,कोहलबर्ग के नैतिक विकास के किस चरण में व्यक्ति का नैतिक व्यवहार मुख्य रूप से इस मानसिकता पर निर्भर करता है कि ''लोग मेरे बारे में क्या सोचते हैं’’?,Postconventional / उत्तर-पारंपरिक,Non-conventional / गैर-पारंपरिक,Preconventional / पूर्व-पारंपरिक,Conventional / पारंपरिक,At which level of Kohlberg’s moral development does individual’s ethical behavior mainly depends on the mindset that “what do people think of me”?,Postconventional / उत्तर-पारंपरिक,Non-conventional / गैर-पारंपरिक,Preconventional / पूर्व-पारंपरिक,Conventional / पारंपरिक,3,CTET 2024-12 Q24,1,2024-12
ctet1,cdp,CTET विगत वर्ष,2,,25,,,,"जीन पियाजे के अनुसार एक बच्चा जो सरल गणितीय उत्क्रमण जैसे 4+5=9 तो 9−5=4 के पीछे के तर्क को समाने में असमर्थ है, इसका कारण है :",जीववादी सोच,irreversibility / अपरिवर्तनीयता,egocentrism / आत्मकेन्द्रियता,अवधारणात्मक केंद्रीकरण,"According to Jean Piaget a child who is unable to understand the logic behind simple mathematical reversals such as 4+5=9 so 9−5=4, it is because of :",animistic thinking,irreversibility / अपरिवर्तनीयता,egocentrism / आत्मकेन्द्रियता,perceptual centration,1,CTET 2024-12 Q25,1,2024-12
ctet1,cdp,CTET विगत वर्ष,2,,26,,,,अभिकथन (A) : शिक्षकों को छात्रों से दूरी बनाकर रखनी चाहिए और अधिगम की प्राथमिक जिम्मेदारी उन्हीं पर डालनी चाहिए। कारण (R) : अधिगम एक लोकतांत्रिक वातावरण के बजाय एक एकाधिकारवादी वातावरण में प्रभावी ढंग से होता है। सही विकल्प चुनें :,सही है लेकिन (R) गलत है।,और (R) दोनों गलत हैं।,और (R) दोनों सही हैं और (A) की (R) सही व्याख्या करता है।,और (R) दोनों सही हैं लेकिन (A) की (R) सही व्याख्या नहीं करता है।,Assertion (A) : Teachers should distance themselves from students and place primary responsibility for learning on them only. Reason (R) : Learning takes place affectively in an authoritative rather than a democratic environment. Choose the correct option.,(A) is true but (R) is false. / (A),Both (A) and (R) are false. / (A),Both (A) and (R) are true and (R) is the correct explanation of (A). / (A),Both (A) and (R) are true but (R) is not the correct explanation of (A). / (A),1,CTET 2024-12 Q26,1,2024-12
ctet1,cdp,CTET विगत वर्ष,2,,27,,,,अभिकथन (A) : शिक्षकों द्वारा प्रदान किया गया आलम्बन बच्चों की सीखने की प्रक्रिया में बाधा डालता है। कारण (R) : लेव वायगोत्स्की ने प्रस्तावित किया कि बच्चे स्वतंत्र रूप से पर्यावरण पर कार्य करके और उसमें हेरफेर करके सीखते हैं। सही विकल्प चुनें :,सही है लेकिन (R) गलत है।,और (R) दोनों गलत हैं।,और (R) दोनों सही हैं और (A) की (R) सही व्याख्या करता है।,और (R) दोनों सही हैं लेकिन (A) की (R) सही व्याख्या नहीं करता है।,Assertion (A) : Scaffolding provided by the teachers hinders the learning process of children. Reason (R) : Lev Vygotsky proposed that children learn independently by acting upon and manipulating the environment. Choose the correct option :,(A) is true but (R) is false. / (A),Both (A) and (R) are false. / (A),Both (A) and (R) are true and (R) is the correct explanation of (A). / (A),Both (A) and (R) are true but (R) is not the correct explanation of (A). / (A),1,CTET 2024-12 Q27,1,2024-12
ctet1,cdp,CTET विगत वर्ष,2,,28,,,,निम्न में से कौन सा बाहरी अभिप्रेरणा का सही वर्णन करता है?,अभिप्रेरणा जो वातावरणीय परिणामों से आती है।,अभिप्रेरणा जो व्यक्तिगत संतुष्टि की भावना से आती है।,अभिप्रेरणा जो कार्य के व्यक्तिगत आनंद से आती है।,अभिप्रेरणा जो आंतरिक कारकों से आती है।,Which of the following correctly describes extrinsic motivation ?,Motivation that comes from environmental consequences.,Motivation that comes from a sense of personal satisfaction.,Motivation that comes from personal enjoyment of the task.,Motivation that comes from internal factors.,0,CTET 2024-12 Q28,1,2024-12
ctet1,cdp,CTET विगत वर्ष,2,,29,,,,पियाजे के संज्ञानात्मक विकास के सिद्धांत के संवेदी चालक अवस्था के दो महत्वपूर्ण संज्ञानात्मक विकास मील के पत्थर हैं :,जीववाद और परिवर्तन,वर्गीकरण और क्रमबद्धता,वस्तु स्थायित्व और स्थगित अनुसरण,प्रतिवर्ती चिंतन और परिकल्पित-निगमनात्मक तर्क,Two important cognitive development milestones of sensorimotor stage of Piaget’s theory of cognitive development are :,Animism and Transformation,Classification and seriation,Object permanence and deferred imitation,Reversibility of thought and hypothetic-deductive reasoning,2,CTET 2024-12 Q29,1,2024-12
ctet1,cdp,CTET विगत वर्ष,2,,30,,,,Children - / बच्चे -,अनियंत्रित पैदा होते हैं और उन्हें सामाजिक होने की आवश्यकता होती है।,इस दुनिया में आनुवंशिक कोड के साथ आते हैं जो उनकी नियति तय करते हैं।,उस सामाजिक सांस्कृतिक संदर्भ से बहुत प्रभावित होते हैं जिसमें वे बड़े होते हैं।,इस संसार में 'खाली स्लेट’ या 'कोरी पट्टी’ के रूप में आते हैं। MATHEMATICS / गणित Direction : Answer the following questions by selecting the correct/most appropriate options. निर्देश : निम्नलिखित प्रश्नों के उत्तर देने के लिए सही/सबसे उपयुक्त विकल्प चुनिए। SPACE FOR ROUGH WORK / रफ कार्य के लिए जगह,,,,,,2,CTET 2024-12 Q30,1,2024-12
ctet1,math,CTET विगत वर्ष,2,,31,,,,में से 7 kg 7 g को घटाने पर क्या परिणाम प्राप्त होता है?,1.93 kg,1.093 kg,1.3 kg,1.993 kg,What is the result when 7 kg 7 g is subtracted from 9 kg ? 9 kg,1.93 kg,1.093 kg,1.3 kg,1.993 kg,3,CTET 2024-12 Q31,1,2024-12
ctet1,math,CTET विगत वर्ष,2,,32,,,,"कक्षा III में 150 बच्चों से उनके पसंदीदा एक फल के बारे में पूछा गया और 5 पसंदीदा फलों के परिणामों को निम्न तालिका में लिखा गया : फल का नाम — बच्चों की संख्या : सेब, अमरूद, आम, केला, अंगूर सही विकल्प को चुनिए :",सेब और अमरूद पसंद करने वाले बच्चों की संख्या समान है।,अंगूर और केलों को पसंद करने वाले बच्चों की संख्याओं का अंतर 16 है।,"आम और केला पसंद करने वाले बच्चों की संख्या, अमरूद पसंद करने वाले बच्चों की संख्या की दुगुनी है।","बच्चे, इस तालिका में दिए गए किसी भी फल को पसंद नहीं करते हैं। SPACE FOR ROUGH WORK / रफ कार्य के लिए जगह","In class III, 150 children were asked to name their one favourite fruit and results for 5 favourite fruits were written in the form of the following table : Name of the Fruit Number of Children Apple Guava Mangoes Banana Grapes Choose the correct option :",Equal number of children have Apple and Guava as their favourite fruit.,The difference between the number of childrens who like grapes and those who like bananas is 16.,The number of children who like Mangoes and Banana is two times the number of children who like Guava.,Ten children do not like any fruit given in the table. / 10,3,CTET 2024-12 Q32,1,2024-12
ctet1,math,CTET विगत वर्ष,2,,33,,,,गणित की कक्षाओं में निम्नलिखित में से कौन-सा रचनात्मक आकलन के बारे में सबसे कम उपयुक्त है?,यह विद्यार्थियों की भ्रांतियों की पहचान करने में सहायता करता है,यह संचयी मूल्यांकन उपलब्ध कराता है जो कि बच्चों को श्रेणीबद्ध करने में सहायता करता है,निर्देशात्मक क्रियाकलापों के दौरान विद्यार्थियों की प्रगति को जाँचना,विद्यार्थियों की अवधारणात्मक समा की पहचान करना,Which of the following is least appropriate about Formative Assessment in mathematics classrooms ?,It helps to identify students’ misconceptions,It provides cumulative evaluations that helps to rank children,To check the progress of students during instructional activities,To identify students’ conceptual understanding,1,CTET 2024-12 Q33,1,2024-12
ctet1,math,CTET विगत वर्ष,2,,34,,,,"एक व्यक्ति ने अपने बैंक के खाते में से किसी महीने की 4 तारीख को ` 4,560 निकाले और उसी महीने में 20 तारीख को ` 2,567 जमा करा दिए। यदि महीने के अंत में उसके खाते में ` 3,125 की धनराशि है, तो महीने के प्रारंभ में उसके खाते में कितनी धनराशि (` में) थी?","5,128","5,118","4,998",रफ कार्य के लिए जगह,"A person withdrew ` 4,560 from his bank account on 4th of a month and deposited ` 2,567 on 20th of the same month. If at the end of the month, balance is ` 3,125, then money (in `) at the start of the month in his account was :","5,128","5,118","4,998","5,213 SPACE FOR ROUGH WORK",1,CTET 2024-12 Q34,1,2024-12
ctet1,math,CTET विगत वर्ष,2,,35,,,,प्राथमिक कक्षा के एक गणित के शिक्षक ने अपने विद्यार्थियों को निम्नलिखित समस्या हल करने को दी : ''616 विद्यार्थियों के स्कूल के लिए 28 विद्यार्थियों वाली कितनी कक्षाओं की आवश्यकता होगी?’’ एक विद्यार्थी ने समस्या को इस प्रकार हल किया : 1 कक्षा=28 विद्यार्थी 10 → 2 8 0 10 → 2 8 0 5 6 0 2 → 5 6 → 10+10+2=22 कक्षाएँ 6 1 6 निम्नलिखित में से विद्यार्थी द्वारा उपयोग की गई कलनविधि के लिए कौन-सा सबसे उपयुक्त है?,विद्यार्थी ने समस्या हल करने के लिए विभाजन के वितरण और सहचार्य दोनों नियमों का उपयोग किया है,विद्यार्थी ने समस्या हल करने के लिए एक गलत कलनविधि का उपयोग किया है,विद्यार्थी ने समस्या हल करने के लिए योग पर विभाजन के सहचार्य नियम का उपयोग किया है,विद्यार्थी ने समस्या हल करने के लिए योग पर विभाजन के वितरण नियम का उपयोग किया है,A primary class mathematics teacher gave his students the following problem to solve : “How many classes of 28 pupils would be needed for a school of 616 pupils ?” One of the student solved the problem in the following way : 1 Class=28 Pupils 10 → 2 8 0 10 → 2 8 0 5 6 0 2 → 5 6 → 10+10+2=22 Classes 6 1 6 Which of the following is most appropriate for the algorithm used by the student ?,The student has used both the distributive and associative laws of division to solve the problem,The student has used an incorrect algorithm to solve the problem,The student has used the associative law of division across addition to solve the problem,The student has used the distributive law of division across addition to solve the problem,3,CTET 2024-12 Q35,1,2024-12
ctet1,math,CTET विगत वर्ष,2,,36,,,,"एक त्रिभुज जिसकी सभी भुजाएं अलग-अलग लम्बाइयों की होती हैं, कहलाता है :",एक विषमबाहु त्रिभुज,एक समकोण त्रिभुज,एक समबाहु त्रिभुज,एक समद्विबाहु त्रिभुज SPACE FOR ROUGH WORK / रफ कार्य के लिए जगह,A triangle having all sides of different lengths is called :,A scalene triangle,A right triangle,An equilateral triangle,An isosceles triangle,0,CTET 2024-12 Q36,1,2024-12
ctet1,math,CTET विगत वर्ष,2,,37,,,,से 60 तक के बीच की अभाज्य संख्याओं का योग है :,,,,,The sum of the prime numbers between 31 and 60 is : 31,,,,,0,CTET 2024-12 Q37,1,2024-12
ctet1,math,CTET विगत वर्ष,2,,38,,,,के पूर्ववर्ती और 4781 के परवर्ती का गुणनफल है :,965560,965650,956200,956400,The product of the predecessor of 201 and the successor of 4781 is : 201,965560,965650,956200,956400,3,CTET 2024-12 Q38,1,2024-12
ctet1,math,CTET विगत वर्ष,2,,39,,,,सबसे उपयुक्त संज्ञानात्मक कौशल क्या है जो विद्यार्थियों को विशेषताओं और गुणों के अनुसार आकृतियों को पहचानने और उनका समूह बनाने में मदद करता है?,Conservation / संरक्षण,Decomposition / अपघटन,Classification / वर्गीकरण,Seriation / क्रमबद्धता,What is the most appropriate cognitive skill that help students to recognize and group shapes according to their attributes and properties ?,Conservation / संरक्षण,Decomposition / अपघटन,Classification / वर्गीकरण,Seriation / क्रमबद्धता,2,CTET 2024-12 Q39,1,2024-12
ctet1,math,CTET विगत वर्ष,2,,40,,,,विद्यार्थियों को भाग की समस्याएँ हल करने में कठिनाई आती है क्योंकि :,Division problems have no utility in daily life.,There are no informal ways of solving division problems,"भाग की समस्याएँ हल करने के लिए यह आवश्यक है कि विद्यार्थी जमा, घटा और गुणा करना अच्छी तरह से जान लें",विद्यार्थी भाग का चिन्ह पसंद नहीं करते SPACE FOR ROUGH WORK / रफ कार्य के लिए जगह,Students feel difficulty in solving division problems because :,Division problems have no utility in daily life.,There are no informal ways of solving division problems,"For solving division problems students need to know addition, subtraction and multiplication thoroughly.",Students do not like the sign of division.,2,CTET 2024-12 Q40,1,2024-12
ctet1,math,CTET विगत वर्ष,2,,41,,,,"दूसरी कक्षा के अधिकांश शिक्षार्थी चार कैंडी और तीन कैंडी जैसी दो मात्राएँ जोडऩे में सक्षम होते हैं, लेकिन जब वर्कशीट पर 4+5 करने के लिए कहा जाता है तो अधिकांश वही शिक्षार्थी ऐसा करने में असमर्थ होते हैं। राष्ट्रीय पाठ्यचर्या रूपरेखा 2005 के अनुसार इसका क्या कारण है?",शिक्षार्थी वास्तविक गणित सीखने में रुचि नहीं रखते हैं,शिक्षार्थी अमूर्त गणितीय प्रतीकों के उपयोग के लिए तैयार नहीं होते हैं,शिक्षार्थियों को योग ठीक से नहीं सिखाया जाता है,कुछ शिक्षार्थी गणितीय कौशल में कमजोर होते हैं,"Most II graders are able to add two quantities like four candies and three candies, but when asked to do 4+5 on a worksheet a large number of the same set of learners is unable to do so. What is the most appropriate explanation of this observation according to National Curriculum Framework 2005 ?",Learners are not interested in learning real-life mathematics,The learners are not ready for the use of abstract mathematical symbols,Learners are not taught addition properly,Some learners are poor in mathematical skills,1,CTET 2024-12 Q41,1,2024-12
ctet1,math,CTET विगत वर्ष,2,,42,,,,तीसरी कक्षा के एक विद्यार्थी से जब एक सौ पाँच को अंक के रूप में लिखने को कहा जाता है तो वह इसे '1005’ लिखता / लिखती है। यह इंगित करता है :,उसे स्थानीय मान की अवधारणा को समाने में और सहायता की आवश्यकता है,वह गणित सीखने में अयोग्य है,विद्यार्थी सीखने में कमज़ोर है,वह शरारती है SPACE FOR ROUGH WORK / रफ कार्य के लिए जगह,"A 3rd standard student, when asked to write one hundred and five in numeral form, s/he writes it as ‘1005’. This indicates that :",s/he needs more help in understanding the concept of place value,s/he is unfit to learn mathematics,The student is a slow learner,s/he is mischievous,0,CTET 2024-12 Q42,1,2024-12
ctet1,math,CTET विगत वर्ष,2,,43,,,,भिन्नों की अवधारणा के संदर्भ में निम्नलिखित में से कौन-सा कथन सत्य नहीं है?,यह एक समान वस्तुओं वाले समूह के भाग को निरूपित करता है,एक भिन्न का गणितीय चिन्ह (नोटेशन) एक अनुपात के रूप में निरूपित किया जा सकता है,यह एक पूर्ण का वह भाग निरूपित करता है जो कि ‘1’ से बड़ा हो,एक भिन्न का गणितीय चिन्ह (नोटेशन) एक विभाजन समस्या को निरूपित करने के लिए किया जा सकता है,Which of the following statements is NOT true with respect to the concept of Fractions ?,It represents a part of a collection of same objects,The mathematical notation of a fraction can be represented as a ratio,It represents a part of a whole which is greater than 1,The mathematical notation of a fraction can be represented as a division problem,2,CTET 2024-12 Q43,1,2024-12
ctet1,math,CTET विगत वर्ष,2,,44,,,,"राधा सोमवार, बुधवार और शुक्रवार को प्रतिदिन 3 km 725 m चलती है, जबकि मंगलवार और बृहस्पतिवार को वह प्रतिदिन 2 km 9 m चलती है। उसके द्वारा सोमवार से शुक्रवार तक चली गई कुल दूरी है :",15.355 km,15.193 km,16.975 km,16.202 km,"Radha walks 3 km 725 m per day on Monday, Wednesday and Friday, whereas she walks 2 km 9 m per day on Tuesday and Thursday. Total distance covered by her from Monday to Friday is :",15.355 km,15.193 km,16.975 km,16.202 km,1,CTET 2024-12 Q44,1,2024-12
ctet1,math,CTET विगत वर्ष,2,,45,,,,"जैसमीन ने कहा, ''एक आयत में विपरीत भुजाओं के दो युग्म समानांतर होते हैं; एक वर्ग में भी विपरीत भुजाओं के दो युग्म समानांतर होते हैं और उसी प्रकार एक समानांतर चतुर्भुज में भी। इसलिए आयत और वर्ग दोनों ही समानांतर चतुर्भुज होंगे।’’ जैसमीन, वैन हैले के सिद्धांत के ज्यामितीय चिंतन के ________ स्तर पर है।",औपचारिक निगमन,Visualization / दृश्यीकरण,Analysis / विश्लेषण,Relationships / संबंधों की समा,"Jasmine said, “A rectangle has two pairs of opposite sides parallel; a square also has two pairs of opposite sides parallel and so does a parallelogram. So, both rectangle and square are also parallelograms.” Jasmine is at _________ stage of Van Hieles theory of geometric thinking.",Formal Deduction,Visualization / दृश्यीकरण,Analysis / विश्लेषण,Relationships / संबंधों की समा,3,CTET 2024-12 Q45,1,2024-12
ctet1,math,CTET विगत वर्ष,2,,46,,,,"अंकों 5, 9, 0, 2, 8 और 6 से (बिना पुनरावर्ती के) 6 अंकों की बनाई जा सकने वाली सबसे बड़ी और सबसे छोटी संख्याओं का योग है :",1192290,1192209,1292290,रफ कार्य के लिए जगह,"The sum of the greatest and smallest six digit numbers that can be formed from the digits 5, 9, 0, 2, 8 and 6 (without repetition) is :",1192290,1192209,1292290,1292209 SPACE FOR ROUGH WORK,1,CTET 2024-12 Q46,1,2024-12
ctet1,math,CTET विगत वर्ष,2,,47,,,,"पैटर्न 12, 14, 17, 13, 8, 14, 21, _, _ में लुप्त दो संख्याएँ क्रमश: हैं :","14, 5","13, 4","15, 7","12, 3","The missing numbers in the pattern 12, 14, 17, 13, 8, 14, 21, _, _ are respectively :","14, 5","13, 4","15, 7","12, 3",1,CTET 2024-12 Q47,1,2024-12
ctet1,math,CTET विगत वर्ष,2,,48,,,,"चार अंकों की वह न्यूनतम संख्या, जो 6, 7 और 4 का गुणज है, निम्न है :",,,,,"The smallest four-digit number which is a multiple of 6, 7 and 4 is :",,,,,1,CTET 2024-12 Q48,1,2024-12
ctet1,math,CTET विगत वर्ष,2,,49,,,,निम्न में से किस की एक निश्चित लम्बाई होती है?,a ray / एक किरण,a plane / एक समतल,a line / एक रेखा,एक रेखाखंड,Which of the following has a definite length ?,a ray / एक किरण,a plane / एक समतल,a line / एक रेखा,a line segment,3,CTET 2024-12 Q49,1,2024-12
ctet1,math,CTET विगत वर्ष,2,,50,,,,गणित की कक्षा में मुक्त सिरे वाले प्रश्नों को समाकलित करने के लिए निम्नलिखित में से क्या सबसे अधिक उपयुक्त है?,ये प्रश्न विद्यार्थियों में आलोचनात्मक चिंतन का विकास करते हैं,इन प्रश्नों के उत्तर पुस्तक में नहीं दिए होते,इन प्रश्नों को हल करने में समय अधिक लगता है,इन प्रश्नों की एक-दूसरे से नकल करना आसान नहीं है SPACE FOR ROUGH WORK / रफ कार्य के लिए जगह,Which of the following is most appropriate for including open ended questions in mathematics class ?,These questions develop critical thinking in students,Answers to these questions are not given in the book,These questions take more time to solve,These questions are not easy to copy from each other,0,CTET 2024-12 Q50,1,2024-12
ctet1,math,CTET विगत वर्ष,2,,51,,,,आँकड़ों का प्रबंधन’ के संबंध में निम्नलिखित में से कौन-सा सही है?,एक रेखा-आलेख आँकड़ों की विभिन्न श्रेणियों के बीच तुलना करने के काम आता है।,एक आयत चित्र किसी एक संपूर्ण के विभिन्न भागों की तुलना करने के लिए उपयोग किया जाता है।,"आँकड़ों का आलेखों द्वारा प्रदर्शन समाने में बहुत आसान होता है, जब भी आँकड़ों का रूान या तुलना दिखानी हो।","एक दंड-आलेख ऐसे आँकड़ें प्रस्तुत करता है, जो समय के साथ-साथ लगातार बदलते रहते हैं।",Which of the following statements are true with respect to ‘Data handling’ ?,A line graph is used to show comparison among categories of data.,A histogram is used to compare the parts of a whole.,A graphical representation of data is easier to understand when there is a trend or comparison to be shown.,A bar graph displays data that changes continuously over periods of time. ',2,CTET 2024-12 Q51,1,2024-12
ctet1,math,CTET विगत वर्ष,2,,52,,,,"लम्बे, 70 cm चौड़े और 40 cm मोटे लकड़ी के एक ब्लॉक से 2 m ×35 cm × 8 cm माप वाले कितने फट्टे बनाए जा सकते हैं?",,,,,"How many planks of size 2 m ×35 cm × 8 cm can be made from a wooden block 8 m long, 70 cm wide and 40 cm thick ? 8 m",,,,,1,CTET 2024-12 Q52,1,2024-12
ctet1,math,CTET विगत वर्ष,2,,53,,,,एक बच्चे ने प्रश्न हल किया : 1 + = । इस हल से सबसे उपयुक्त क्या निष्कर्ष निकाला जा सकता है?,बच्चा नहीं जानता कि भिन्नों को संख्या रेखा पर कैसे प्रदर्शित किया जाता है,बच्चे ने प्राकृतिक संख्याओं के जोड़ की अवधारणा को भिन्नों के जोड़ तक विस्तारिक किया है,बच्चे को संख्याओं को जोडऩा नहीं आता है,बच्चे को लघुत्तम समापवत्र्य लेना नहीं आता है SPACE FOR ROUGH WORK / रफ कार्य के लिए जगह,A child solved a problem : 1 + = . What is the most appropriate inference drawn from the solution ?,Child does not know how to represent fractions on number line,Child has extended the concept of addition of natural numbers to addition of fractions,Child does not know addition of numbers,Child does not know how to take L.C.M.,1,CTET 2024-12 Q53,1,2024-12
ctet1,math,CTET विगत वर्ष,2,,54,,,,राष्ट्रीय शिक्षा नीति 2020 गणित और कम्प्यूटेशनल सोच के महत्व को बढ़ावा देती हैं क्योंकि :,"यह एआई (AI), मशीन लर्निंग और डेटा साइंस आदि जैसी उभरती हुई तकनीकों का आधार है",यह एक शिक्षक का स्थान ले सकता है,यह स्कूल में सीखने का सबसे कठिन पहलू है,यह मानव अस्तित्व के लिए मूलभूत है,According to National Education Policy 2020 Mathematics and Computational Thinking is to be given increased importance as :,"It is foundational to evolving technologies like Artificial Intelligence (AI), machine learning and Data Science etc",It can be a substitute for a teacher,It is the most difficult aspect of learning in school,It is foundational to human survival,0,CTET 2024-12 Q54,1,2024-12
ctet1,math,CTET विगत वर्ष,2,,55,,,,According to National Curriculum Framework 2005 mathematics teachers need to shift towards :,संस्मरण और गहन रूप से एल्गोरिदम को बढ़ावा देना / (4) / और,राष्ट्रीय पाठ्यचर्या रूपरेखा 2005 के अनुसार गणित के शिक्षकों को इस ओर ध्यान केंद्रित करने की जरूरत है : / गणितीय तर्क विचार / (2) / और / SPACE FOR ROUGH WORK / रफ कार्य के लिए जगह,सही उत्तरों के लिए एकमात्र अधिकारी बनना सही विकल्प चुनें : (1) केवल / (3) केवल,,,,,,,0,CTET 2024-12 Q55,1,2024-12
ctet1,math,CTET विगत वर्ष,2,,56,,,,चौथी कक्षा के बच्चों को क्षेत्र की अवधारणा से परिचित कराने का सबसे प्रभावी तरीका कौन-सा है?,सूत्र आधारित विधि,सन्निकटन और अनुमान,Tessellations / टेसेलेशन (टाइलिंग),Abacus / गिनतारा,Which one of the following is the most effective way to introduce the concept of area to fourth graders ?,Formula based method,Approximation and Estimation,Tessellations / टेसेलेशन (टाइलिंग),Abacus / गिनतारा,2,CTET 2024-12 Q56,1,2024-12
ctet1,math,CTET विगत वर्ष,2,,57,,,,का मान है :,,,,,The value of 4 + − is : + −,,,,,0,CTET 2024-12 Q57,1,2024-12
ctet1,math,CTET विगत वर्ष,2,,58,,,,निम्न में से किस अक्षर की दो सममिति रेखाएं हैं?,,,,,Which of the following letters has two lines of symmetry ?,,,,,2,CTET 2024-12 Q58,1,2024-12
ctet1,math,CTET विगत वर्ष,2,,59,,,,निम्नलिखित में से कौन-सा भारतीय गणित से संबंधित नहीं है?,सूर्य सिद्धांत,बौधायन शुल्ब सूत्र,Lilavati / लीलावती,चरक संहिता,Which of the following is NOT related to Indian mathematics ?,Surya Siddhant,Baudhayan Sulba Sutra,Lilavati / लीलावती,Charak Samhita,3,CTET 2024-12 Q59,1,2024-12
ctet1,math,CTET विगत वर्ष,2,,60,,,,संख्या 352876 में 5 और 7 के स्थानीय मानों का अंतर है :,49997,50007,49930,पर्यावरण अध्ययन Direction : Answer the following questions by selecting the correct/most appropriate options. निर्देश : निम्नलिखित प्रश्नों के उत्तर देने के लिए सही/सबसे उपयुक्त विकल्प चुनिए।,The difference of the place values of 5 and 7 in the number 352876 is :,49997,50007,49930,49993 ENVIRONMENTAL STUDIES,2,CTET 2024-12 Q60,1,2024-12
ctet1,evs,CTET विगत वर्ष,2,,61,,,,अभिकथन एवं कारण को ध्यान से पढ़ें : अभिकथन : हाथियों के झुंड में केवल हथिनियाँ और बच्चे ही रहते हैं। कारण : हाथी 14 - 15 साल बाद झुंड छोड़ देते हैं और अकेले रहते हैं। निम्नलिखित में से सही उत्तर को चुनें :,अभिकथन सही है किन्तु कारण गलत है,अभिकथन गलत है किन्तु कारण सही है,"दोनों, अभिकथन तथा कारण सही है एवं कारण, अभिकथन की सही व्याख्या करता है","दोनों, अभिकथन तथा कारण सही है किन्तु कारण, अभिकथन की सही व्याख्या नहीं करता है",Read the Assertion and Reason properly. Assertion : An elephant herd has only female and baby elephants. Reason : Male elephants leave their herd after 14 - 15 years and move around alone. Choose the correct answer from the following :,Assertion is true but Reason is false,Assertion is false but Reason is true,Both Assertion and Reason are true and Reason is the correct explanation of Assertion,Both Assertion and Reason are true but Reason is not the correct explanation of Assertion,2,CTET 2024-12 Q61,1,2024-12
ctet1,evs,CTET विगत वर्ष,2,,62,,,,"एनसीईआरटी की पर्यावरण अध्ययन की पाठ्यपुस्तक के अध्याय 4 ''खाएं आम 12 महीने’’ में आम पापड़ बनाने की कहानी है ताकि ना सिर्फ प्रक्रिया और तकनीक को बच्चे समो, बल्कि पकाने और संरक्षण के कौशल को भी सराहा सकें। राष्ट्रीय पाठ्यचर्या की रूपरेखा 2005 के अनुसार, इस पाठ के माध्यम से ईवीएस पढ़ाने का कौन सा सामान्य उद्देश्य प्राप्त किया जा रहा है?",किसी वस्तु को बनाने में कितनी श्रम की जरूरत होती है उसकी व्याख्या करना।,प्राकृतिक परिवेश से किस प्रकार से विभिन्न वस्तुएं बनाई जा सकती हैं उसकी चर्चा करना।,अमूर्त के स्थान पर अपने अनुभवों के पहलुओं से जुड़े अवलोकन एवं उदाहरणों की सहायता से समा का विकास करना।,आम पापड़ किस प्रकार से बनाया जाता है इसकी समा विकसित करना।,"Chapter 4 “Mangoes Round the Year” of NCERT Environmental Studies textbook has a story on making mango papad so that children not only understand the process and technique but also appreciate the skills of cooking and preservation. As per NCF 2005, which general objective of teaching EVS is being achieved through this lesson ?",To explain how much labor is needed to make an object.,To discuss how various things can be made from the natural environment.,To develop understanding with the help of observation and examples related to our experiences in place of abstraction.,To develop an understanding of how Aam papad is made.,2,CTET 2024-12 Q62,1,2024-12
ctet1,evs,CTET विगत वर्ष,2,,63,,,,"मोहन कक्षा 5 का एक पर्यावरण अध्ययन का शिक्षक है। वह अपनी कक्षा में निम्नलिखित गतिविधि को श्यामपट्ट पर लिखता है। ''अपने माता-पिता और दादा-दादी के समय पानी की उपलब्धता के बारे में पता करें और उसकी वर्तमान स्थिति से तुलना करें।’’ उपरोक्त गतिविधि के लिए, निम्नलिखित में से कौन सी सबसे उपयुक्त रणनीति होगी?",Role Play / भूमिका निर्वहन,Project / परियोजना,Discussion / चर्चा करना,Interview / साक्षात्कार,"Mohan is a class V teacher of Environmental Studies. He writes the following activity on the blackboard in his class. “Find out about the availability of water at the time of your parents and grandparents and compare it with the current situation.” For the above activity, which of the following strategies would be most appropriate ?",Role Play / भूमिका निर्वहन,Project / परियोजना,Discussion / चर्चा करना,Interview / साक्षात्कार,1,CTET 2024-12 Q63,1,2024-12
ctet1,evs,CTET विगत वर्ष,2,,65,,,,बच्चा विभिन्न कुशल कार्यों जैसे खेती और दैनिक जीवन में उनकी विरासत (बुजुर्गों से) का वर्णन करता है। उपरोक्त कथन है :,सीखने के सूचक,सीखने के उद्देश्य,दक्षता कथन,सीखने के प्रतिफल,Child describes different skilled work related to farming and their inheritance (from elders) in daily life. The above statement is :,Learning indicator,Learning objective,Statement of competency,Learning outcome,3,CTET 2024-12 Q65,1,2024-12
ctet1,evs,CTET विगत वर्ष,2,,66,,,,बंगाल की खाड़ी पर समुद्र तट वाला राज्य/केंद्रशासित प्रदेश निम्नलिखित में से कौन सा है ?,Karnataka / कर्नाटक,Kerala / केरल,Telangana / तेलंगाना,आंध्र प्रदेश,The state/union territory having coast on the Bay of Bengal is :,Karnataka / कर्नाटक,Kerala / केरल,Telangana / तेलंगाना,Andhra Pradesh,3,CTET 2024-12 Q66,1,2024-12
ctet1,evs,CTET विगत वर्ष,2,,67,,,,एनसीईआरटी के पर्यावरण अध्ययन की पाँचवी कक्षा की पाठ्यपुस्तक में पाठ 13 ''गौरव जानी’’ के अद्भुत यात्रा का वर्णन करती है। यह पाठ निम्नलिखित में से कौन से थीम का हिस्सा है?,Interrelationship / आपसी संबंध,Work and Play / काम और खेल,परिवार और मित्र,Shelter / आवास,Lesson 13 in NCERT’s Class V Environmental Studies textbook describes the amazing journey of “Gaurav Jani”. This lesson is a part of which of the following themes ?,Interrelationship / आपसी संबंध,Work and Play / काम और खेल,Family and Friends,Shelter / आवास,3,CTET 2024-12 Q67,1,2024-12
ctet1,evs,CTET विगत वर्ष,2,,68,,,,"पर्यावरण अध्ययन की एक रचनावादी कक्षा में, निम्नलिखित में से कौन सी क्रिया नहीं होती हुई दिखाई देती है?",बच्चे सिर्फ जाने पहचाने सवाल हल कर रहे हैं।,बच्चे अवधारणाओं के बीच की नई-नई कडिय़ों को जोडऩे में अपना अनुभव उपयोग कर रहे हैं।,बच्चे ठोस वस्तुओं पर क्रिया करके सीख रहे हैं।,बच्चों के अनुभव को सम्मान दिया जा रहा है।,"In a constructivist EVS classroom, which of the following is NOT seen to be happening ?",Children are just solving familiar problems.,Children are using their experiences to make new connections between concepts.,Children are learning by doing activities with concrete objects.,Children’s experiences are being respected.,0,CTET 2024-12 Q68,1,2024-12
ctet1,evs,CTET विगत वर्ष,2,,69,,,,"सिद्धि, एक कक्षा 4 की शिक्षिका है। वह अपनी कक्षा के बच्चों को एनसीईआरटी के पर्यावरण अध्ययन की पाठ्यपुस्तक का पाठ 10 ''हु तू तू, हु तू तू’’ पढ़ाने के लिए सभी बच्चों को वह खेल के मैदान में ले जाकर कबड्डी खेल खिलाती है। खेल खेलने से पहले वह सभी बच्चों को इस खेल के नियम भी बताती है। शिक्षिका इस खेल को खेलने से पहले बच्चों को नियम क्यों बताती है? निम्नलिखित में से कौन सा सबसे उपयुक्त कारण हो सकता है? (A) वह बच्चों का ध्यान इस ओर खींचना चाहती है कि खेल की तरह ही जीवन में भी हम नियम बनाते हैं। (B) ताकि सभी कार्य सही ढंग से किए जाएं। (C) हम सभी समाज में इसी प्रकार से नियमों से बंधे हैं जिसके द्वारा हम आपस में मतभेद और झगड़े सुलाते हैं। (D) नियम बनाने से सभी बच्चों का ध्यान खेल की अपेक्षा नियम पर बहुत अधिक रहता है।",(C) and (D) / (C) और (D),(A) and (D) / (A) और (D),"(A), (B) and (C) / (A), (B) और (C)",(A) and (B) / (A) और (B),"Siddhi is a teacher of class 4. She takes all the children of her class to the playground to play Kabbadi, while teaching them lesson 10 “Hu tu tu, hu tu tu” of the NCERT Environmental Studies textbook. Before playing the game, she also explains the rules of this game to all the children. Why does the teacher tell the children the rules before playing this game ? Which of the following may be the most appropriate reason ? (A) She wants to draw the attention of the children that in life like in sports, we make rules. (B) So that all the work is done properly. (C) We are all bound by the rules in the same way in the society by which we settle differences and conflicts among ourselves. (D) By making rules, the attention of all children is much more on the rules than on the game.",(C) and (D) / (C) और (D),(A) and (D) / (A) और (D),"(A), (B) and (C) / (A), (B) और (C)",(A) and (B) / (A) और (B),2,CTET 2024-12 Q69,1,2024-12
ctet1,evs,CTET विगत वर्ष,2,,70,,,,"निम्नलिखित कथनों को पढ़िए एवं सही विकल्प चुनिए - अभिकथन (A) : जैव मात्रा एवं जीवाश्म ईंधन, दोनों ऊर्जा के परंपरागत स्रोत हैं। कारण (R) : पारंपरिक स्रोत वे हैं जिनका स्वभाव नवीकरणीय होता है।",सही है और (R) गलत है,गलत है और (R) सही है,दोनों (A) और (R) सही हैं,दोनों (A) और (R) गलत हैं,Read the following statements and choose the correct option. Assertion (A) : Biomass and Fossil Fuels are the two main conventional sources of energy. Reason (R) : Conventional sources are those which are renewable in nature.,"(A) is true, but (R) is false / (A)","(A) is false, but (R) is true / (A)",Both (A) and (R) are true,Both (A) and (R) are false,0,CTET 2024-12 Q70,1,2024-12
ctet1,evs,CTET विगत वर्ष,2,,71,,,,"नीचे दिए गए कथनों A और B पर विचार कीजिए : कथन A : सन् 1969 में नील आर्मस्ट्रॉन्ग चाँद पर उतरने वाले सबसे पहले व्यक्ति थे। कथन B : सन् 2007, में कल्पना चावला अंतरिक्ष में सबसे लंबे समय तक रहने वाली पहली महिला थीं। निम्नलिखित में से सही कोड चुनिए :",सही है परन्तु B गलत है,गलत है परन्तु B सही है,और B दोनों सही हैं,और B दोनों गलत हैं,"Consider the following statements A and B. Statement A : In 1969, Neil Armstrong was the first man to walk on the moon. Statement B : In 2007, Kalpana Chawla set a new record for the longest space flight by a woman. Select the correct code from the following :",A is correct but B is wrong / A,A is wrong but B is correct / A,A and B both are correct / A,A and B both are wrong / A,0,CTET 2024-12 Q71,1,2024-12
ctet1,evs,CTET विगत वर्ष,2,,72,,,,ऐसा पाया गया है कि बच्चों के सीखने और प्रगति का अवलोकन करते समय कुछ गलतियां हो जाती हैं। यह गलतियां हमारे पूर्वाग्रहों का परिणाम हो सकती हैं। निम्नलिखित में से कौन सी सूचना एक पूर्वाग्रह के रूप में दर्ज नहीं होनी चाहिए?,पोर्टफोलियो में बच्चों के काम के नमूने।,बच्चों की योग्यता व कार्य निष्पादन के संबंध में पहले के अनुभव।,किसी एक विषय और उसके किसी एक क्षेत्र की परीक्षा से जुड़े पूर्व परिणाम।,बच्चे की सामाजिक पृष्ठभूमि।,It has been observed that some mistakes are made while observing the learning and progress of children. These mistakes may be the result of our biases. Which of the following information should not be recorded as a bias ?,Samples of the children’s work in the portfolio.,Prior experiences regarding the ability and performance of the children.,Previous results related to the examination of any one subject and any area thereof.,Social background of the child.,0,CTET 2024-12 Q72,1,2024-12
ctet1,evs,CTET विगत वर्ष,2,,73,,,,अभिकथन (A) तथा कारण (R) को ध्यान से पढ़ें : अभिकथन (A) : जिन बकरियों के बालों से मुलायम पशमीना शाल बनाए जाते है वे लगभग 5000 मीटर ऊँचाई में पाए जाते है जहाँ बहुत सर्दी पड़ती है। कारण (R) : इतनी सर्दी से बचने के लिए बकरियों के शरीर पर गरम बालों के परत उग आते हैं। निम्नलिखित में से सही विकल्प को चुनें :,सही है किन्तु (R) गलत है,गलत है किन्तु (R) सही है,"दोनों (A) एवं (R) सही हैं तथा (R) , (A) की व्याख्या करता है","दोनों (A) एवं (R) सही हैं किन्तु (R), (A) की व्याख्या नहीं करता",Read the Assertion (A) and Reason (R) carefully - Assertion (A) : The goats from which the soft pashmina wool is collected are found on very high altitudes of 5000 meters in extreme cold. Reason (R) : A coat of warm hair grows on goats body which protects it from extreme cold. Choose the correct option from the following :,(A) is true but (R) is false / (A),(A) is false but (R) is true / (A),Both (A) and (R) are true and (R) explains (A),Both (A) and (R) are true but (R) does not explain (A),2,CTET 2024-12 Q73,1,2024-12
ctet1,evs,CTET विगत वर्ष,2,,74,,,,कथन I एवं II को ध्यान से पढ़ें। कथन I : अनीमिया के कारण बच्चे ठीक से बढ़ नहीं पाते हैं और उनमें फुर्ती भी कम होती है। कथन II : अनीमिया बच्चों की शारीरिक और दिमागी तंदुरूस्ती पर असर करता है। निम्नलिखित में से सही उत्तर चुनें :,सही है किन्तु II गलत है।,गलत है किन्तु II सही है।,दोनों I तथा II सही हंै।,दोनों I एवं II गलत हंै।,"Read the statements I and II. Statement I : Due to anaemia, children do not grow well, and their energy levels are low. Statement II : Anaemia affects both, children’s physical as well as mental health. Choose the correct answer from the following :",I is true but II is false / I,I is false but II is true / I,Both I and II are true,Both I and II are false,2,CTET 2024-12 Q74,1,2024-12
ctet1,evs,CTET विगत वर्ष,2,,75,,,,निम्नलिखित में से सही मिलान चुनिए :,लावणी - तमिलनाडु,भरतनाट्यम - ओडीशा,कथक - कर्नाटक,Bihu - Assam / बिहु - असम,Select the correct match from the following :,Lavani - Tamil nadu,Bharatnatyam - Odisha,Kathak - Karnataka,Bihu - Assam / बिहु - असम,3,CTET 2024-12 Q75,1,2024-12
ctet1,evs,CTET विगत वर्ष,2,,76,,,,गाय के आगे के दँात छोटे तथा पीछे के दाँत चपटे और बड़े होते हैं। ऐसा क्यों होता है?,क्रमश: घास काटने तथा घास को कुतरने के लिए,क्रमश: घास कुतरने तथा घास को काटने के लिए,क्रमश: घास काटने तथा घास चबाने के लिए,क्रमश: घास चबाने तथा घास काटने के लिए,Cows have Short front teeth and Large and flat side teeth for which one of the following ?,Cutting grass and gnawing grass respectively,Gnawing grass and cutting grass respectively,Snipping grass and chewing grass respectively,Chewing grass and snipping grass respectively,2,CTET 2024-12 Q76,1,2024-12
ctet1,evs,CTET विगत वर्ष,2,,77,,,,क्या कारण है कि पर्यावरण अध्ययन की पाठ्यपुस्तकों में किस्से और कहानियों को महत्वपूर्ण स्थान दिया गया है? निम्नलिखित में से कौन सा सबसे उपयुक्त कारण हो सकता है? (A) प्राथमिक स्तर पर पर्यावरण अध्ययन के शिक्षक किस्से और कहानियों को रुचि लेकर सुनाते हैं इसीलिए इनको महत्वपूर्ण स्थान दिया गया है। (B) बच्चों का पर्यावरण से संबंधित मुद्दों के प्रति संवेदनशीलता विकसित करने के लिए अक्सर किस्से और कहानियों का इस्तेमाल महत्वपूर्ण माना गया है। (C) क्योंकि बच्चे कहानी के पात्रों से अपने आपको आसानी से जोड़ लेते हैं इसीलिए इनको पाठ्य पुस्तकों में महत्वपूर्ण स्थान दिया गया है। (D) किस्से और कहानियां समाज को पसंद है इसीलिए इनको पर्यावरण की पाठ्य पुस्तकों में महत्वपूर्ण स्थान दिया गया है।,(C) and (D) / (C) और (D),(A) and (B) / (A) और (B),(A) and (D) / (A) और (D),(B) and (C) / (B) और (C),"What is the reason why tales and stories have been given an important place in the textbooks of Environmental Studies ? Which of the following may be the most appropriate reason ? (A) At the primary level, the teachers of Environmental Studies narrate tales and stories with interest, that is why they have been given an important place. (B) The use of stories has often been considered important in developing children’s sensitivity to environmental issues. (C) Because children easily relate themselves to the characters of the story, that is why they have been given an important place in the textbooks. (D) Tales and stories are liked by the society, that is why they have been given an important place in the textbooks of the environment.",(C) and (D) / (C) और (D),(A) and (B) / (A) और (B),(A) and (D) / (A) और (D),(B) and (C) / (B) और (C),3,CTET 2024-12 Q77,1,2024-12
ctet1,evs,CTET विगत वर्ष,2,,78,,,,"निम्नलिखित प्रश्न में, अभिकथन और कारण को आगे रखा गया है। कथनों को ध्यान से पढ़ें और निम्नलिखित में से सही विकल्प का चयन करें : अभिकथन : एनसीईआरटी के, पर्यावरण अध्ययन के पाठ्य पुस्तक के पाठों में आम जिंदगी की वास्तविक घटनाओं, रोजमर्रा की समस्याओं और आज से जुड़ी कुछ ज्वलंत समस्याओं को रखा गया है। कारण : इन सभी समस्याओं पर बच्चे खुलकर बहस कर सकें, समस्याओं से अवगत हो, उनके प्रति संवेदनशील बने और सही समा बना सकें।",अभिकथन सत्य है लेकिन कारण असत्य है।,अभिकथन असत्य है परन्तु कारण सत्य है।,"अभिकथन और कारण दोनों सही हैं और कारण, अभिकथन की सही व्याख्या है।","अभिकथन और कारण सही है लेकिन कारण, अभिकथन की सही व्याख्या नहीं है।","In the following question, Assertion and Reason are followed. Read the statements carefully and choose the correct option from the following : Assertion : In the lessons of NCERT’s Environmental Studies textbook, real incidents of common life, everyday problems and some burning problems related to today have been kept. Reason : Children can debate openly on all these problems, be aware of the problems, be sensitive to them and make correct understanding.",Assertion is true but Reason is false.,Assertion is false but Reason is true.,Both Assertion and Reason are correct and Reason is the correct explanation of Assertion.,Assertion and Reason are correct but Reason is not the correct explanation of Assertion.,2,CTET 2024-12 Q78,1,2024-12
ctet1,evs,CTET विगत वर्ष,2,,79,,,,How much time ‘boiled milk’ takes for digestion in the stomach ? Choose the correct answer from the following :,4 hours / 4 घंटे,5 hours / 5 घंटे,2 hours / 2 घंटे,3 hours 'उबला हुआ दूध’ पेट में पचने में कितना समय लेता है? निम्नलिखित में से सही उत्तर को चुनें। / 3 घंटे,,,,,,2,CTET 2024-12 Q79,1,2024-12
ctet1,evs,CTET विगत वर्ष,2,,80,,,,एक व्यक्ति मृत समुद्र या खारी झील में नहीं डूबेगा भले ही वह तैरना न जानता हो। इसकी वजह है :,"समुद्र के पानी का न उच्च, न निम्न घनत्व",समुद्र के पानी की मात्रा,समुद्र के पानी का उच्च घनत्व,समुद्र के पानी का निम्न घनत्व,A person would not drown in the dead sea or a salty lake even if the person does not know how to swim. This is due to :,neither high nor low density of sea water,volume of sea water,high density of sea water,low density of sea water,2,CTET 2024-12 Q80,1,2024-12
ctet1,evs,CTET विगत वर्ष,2,,81,,,,निम्नलिखित में से कौन सा समूह केवल तत्वों से बना है?,"स्टील, आयरन, जिंक","टिन, लिथियम, सोडियम","सोडियम, ब्रास, पोटैशियम","ब्रंाज़, कॉपर, एलुमिनियम",Which one of the following is a group consisting of elements only ?,"Steel, Iron, Zinc","Tin, Lithium, Sodium","Sodium, Brass, Potassium","Bronze, Copper, Aluminium",1,CTET 2024-12 Q81,1,2024-12
ctet1,evs,CTET विगत वर्ष,2,,82,,,,"पर्यावरण अध्ययन का एक शिक्षक कुछ बच्चों के गतिविधि कराने के दौरान, कुछ महत्वपूर्ण घटनाओं का अवलोकन करता है तथा उसका एक वर्णनात्मक टिप्पणियां भी दर्ज करता है। निम्नलिखित में से कौन-सा आकलन का उपकरण हो सकता है?",अवलोकन सूची,उपाख्यानात्मक अभिलेख,Rating Scale / रेटिंग स्केल,Portfolio / पोर्टफोलियो,"A teacher of Environmental Studies, while conducting an activity with some children, observes some important incidents and also makes a descriptive note of the same. Which of the following may be the tool of assessment ?",Observation List,Anecdotal Records,Rating Scale / रेटिंग स्केल,Portfolio / पोर्टफोलियो,1,CTET 2024-12 Q82,1,2024-12
ctet1,evs,CTET विगत वर्ष,2,,83,,,,दो भारतीय पक्षी वृक्ष या झाड़ी की डाली पर अपना लटकता घोंसला बनाते हैं। ये दो भारतीय पक्षी हैं :,बसंत गौरी और शक्करखोरा,दर्जिन चिडिय़ा और कल चिड़ी,कल चिड़ी और वीवर पक्षी,शक्करखोरा और दर्जिन चिडिय़ा,Two Indian birds make nests which hang from the branches of trees or bushes. These two birds are :,Barbet and Sun-bird,Tailor bird and Indian Robin,Indian Robin and Weaver bird,Sun-bird and Tailor bird,3,CTET 2024-12 Q83,1,2024-12
ctet1,evs,CTET विगत वर्ष,2,,84,,,,"कथन A एवं B को ध्यान से पढ़ें : कथन A : ठंड के मौसम में छिपकलियाँ लम्बी और गहरी निद्रा में चले जाते हैं। कथन B : कुछ ऋतुओं में, कुछ जानवर लम्बी, गहरी निद्रा में चले जाते हैं। निम्नलिखित में से सही उत्तर को चुनें :",सही है परन्तु ‘B’ गलत है।,गलत है परन्तु ‘B’ सही है।,"दोनों ‘A’ और ‘B’ सही हैं और ‘B’ , ‘A’ की सही व्याख्या है।","दोनों ‘A’ और ‘B’ सही है परन्तु ‘B’, ‘A’ की सही व्याख्या नहीं है।","Read the statements A and B carefully - Statement A : During the cold season lizards go into a long and deep sleep. Statement B : Some animals go into a long, deep sleep in certain seasons. Choose the correct answer from the following :",‘A’ is correct but ‘B’ is incorrect. / ‘A’,‘A’ is incorrect but ‘B’ is correct. / ‘A’,Both ‘A’ and ‘B’ are correct and ‘B’ explains ‘A’.,Both ‘A’ and ‘B’ are correct but ‘B’ does not explain ‘A’.,2,CTET 2024-12 Q84,1,2024-12
ctet1,evs,CTET विगत वर्ष,2,,85,,,,"एक शिक्षक अपनी पर्यावरण अध्ययन की कक्षा में बच्चों को समूह में बांटकर, विद्यालय में मौजूद उनसे कुछ वस्तुएं इक_े करने को कहता है। इसके बाद वह बच्चों के साथ बैठकर उन वस्तुओं को विभिन्न समूह में बांटने के लिए कहता है। बच्चे वस्तुओं को उनके गुणों के आधार पर विभिन्न समूह में बांट देते हैं। शिक्षक के द्वारा इस गतिविधि को कराने का क्या सबसे उपयुक्त उद्देश्य हो सकता है?",गतिविधि बच्चों में सीखने के अन्य पक्षों की तुलना में संज्ञानात्मक पक्ष को काफी हद तक मजबूत करती है।,गतिविधि बच्चों के सभी अवधारणाओं की समा विकसित करती है।,प्राथमिक स्तर पर बच्चे एक दूसरे के साथ अंत:क्रिया करते हुए बेहतर तरीके से सीख पाते हैं।,गतिविधि कराने से बच्चे परिभाषा और तथ्यों को समाने में बहुत कम गलतियां करते हैं।,"A teacher in his environmental studies class, divides the children into groups and asks them to collect some objects present in the school. After that he sits with the children and asks them to distribute those objects into different groups. Children divide objects into different groups on the basis of their properties. What could be the most appropriate purpose for the teacher to conduct this activity ?",Activity strengthens the cognitive domain to a greater extent than the other domains of learning in children.,The activity develops the child’s understanding of all the concepts.,"At the primary stage, children learn better by interacting with each other.","By doing the activity, children make very few mistakes in understanding the definition and facts.",2,CTET 2024-12 Q85,1,2024-12
ctet1,evs,CTET विगत वर्ष,2,,86,,,,"राकेश, कक्षा 5 का एक पर्यावरण अध्ययन का शिक्षक है। वह अपनी कक्षा में बच्चों से एक गतिविधि करने के लिए कहता है। जिसमें सभी बच्चे यह अवलोकन करते हैं कि कौन सी ''वस्तु पानी में तैरती है और कौन सी पानी में डूब जाती है’’? गतिविधि के उपरांत कुछ बच्चे शिक्षक से पूछते हैं कि कुछ वस्तुएं पानी में डूब जाती हैं और कुछ वस्तुएं पानी में तैरती हैं ऐसा क्यों है। निम्नलिखित परिस्थिति में एक शिक्षक को क्या सबसे उपयुक्त करना चाहिए? (A) शिक्षक को बच्चों से कहना चाहिए कि ऐसा घनत्व के कारण हो रहा है। (B) प्रत्येक बच्चे को निरीक्षण करने, अपनी टिप्पणियां दर्ज करने और उन टिप्पणियों का अर्थ बताने की आजादी दें। (C) प्रत्येक बच्चे को परिकल्पना करने, परीक्षण करने और गतिविधि आधारित सामान्यीकरण करने का अवसर प्रदान करें। (D) शिक्षक को यह कहना चाहिए कि इसका मुख्य कारण आप अपनी बड़ी कक्षाओं में समोंगे।",(C) and (D) / (C) और (D),(A) only / केवल (A),"(A), (B) and (C) / (A), (B) और (C)",(B) and (C) / (B) और (C),"Rakesh is a teacher of Environmental Studies of class V. He asks the children in his class to do an activity. In which, all children observe which “object floats in water and which sinks in water” ? After the activity some children ask the teacher why some objects sink in water and some objects float in water. What is the most appropriate thing a teacher should do in the following situation ? (A) The teacher should tell the children that this is happening because of the density. (B) Give each child the freedom to observe, record their observations, and interpret those observations. (C) Provide opportunity to each child to hypothesize, test and make activity based generalizations. (D) Teacher should say that the main reason for this you will understand in your higher classes.",(C) and (D) / (C) और (D),(A) only / केवल (A),"(A), (B) and (C) / (A), (B) और (C)",(B) and (C) / (B) और (C),3,CTET 2024-12 Q86,1,2024-12
ctet1,evs,CTET विगत वर्ष,2,,87,,,,आज अब भारत में 10 A.M. समय है। आज ही _________ में लगभग मध्याह्न है।,Japan / जापान,Singapore / सिंगापुर,London / लंदन,Karachi / कराची,"It is 10 A.M. now in India today, it is around noon of today in _________.",Japan / जापान,Singapore / सिंगापुर,London / लंदन,Karachi / कराची,1,CTET 2024-12 Q87,1,2024-12
ctet1,evs,CTET विगत वर्ष,2,,88,,,,"पर्यावरण अध्ययन की बाल केंद्रित कक्षा में, निम्नलिखित में से कौन सी क्रिया सबसे कम होती दिखाई देगी?",बच्चे कक्षा में चर्चा करते हुए अपने अनुभव बांटते हुए भी दिखाई देंगे।,"बच्चे कक्षा में, शिक्षक को सुनते हुए दिखाई देंगे।",बच्चे तरह-तरह की गतिविधियों में क्रियाशील होकर कार्य करते हुए दिखाई देंगे।,बच्चों की गतिविधि के अनुसार बैठने की व्यवस्था में परिवर्तन होता दिखाई देगा।,"In a child centered EVS classroom, which of the following activities would be LEAST likely to occur ?",Children will also be seen sharing their experiences while discussing in the class.,"Children will be seen in the classroom, listening to the teacher.",Children will be seen actively working in a variety of activities.,The seating arrangement will be seen to change according to the activity of the children.,1,CTET 2024-12 Q88,1,2024-12
ctet1,evs,CTET विगत वर्ष,2,,89,,,,"एक व्यक्ति ने 30 जनवरी 2023 को नई दिल्ली स्टेशन से बेंगलूरू के लिए ट्रेन पकड़ी। ट्रेन नई दिल्ली से 17 : 00 घंटे पर चली और 17 : 00 घंटे पर 31 जनवरी 2023 को बेंगलूरू पहुँची। यदि नई दिल्ली और बेंगलूरू के बीच की दूरी लगभग 1776 किलोमीटर है, तो ट्रेन की पूरी यात्रा की औसत गति क्या होगी?",77.21 km/hr,71.04 km/hr,74 km/hr,80.72 km/hr,A person boarded an express train on 30 January 2023 at New Delhi for Bangalore. The train departed from New Delhi at 17 : 00 hours and reached Bangalore at 17 : 00 hours on 31st January 2023. If the distance between New Delhi and Bangalore by train route is nearly 1776 km. The average speed of the train during this Journey was :,77.21 km/hr,71.04 km/hr,74 km/hr,80.72 km/hr,2,CTET 2024-12 Q89,1,2024-12
ctet1,evs,CTET विगत वर्ष,2,,90,,,,"निम्नलिखित प्रश्न में, अभिकथन और कारण को आगे रखा गया है। कथनों को ध्यान से पढ़ें और निम्नलिखित में से सही विकल्प का चयन करें : अभिकथन : पर्यावरण अध्ययन का पाठ्यचर्या थीम पर आधारित है और प्रत्येक थीम अंत:संबंधित हैं। कारण : पर्यावरण अध्ययन के पाठ्यचर्या को थीम आधारित रखने का सबसे मुख्य कारण है कि इससे हर थीम की गहरी समा बनती है और हर थीम की शुरुआत सवालों से होती हैं।",अभिकथन सत्य है लेकिन कारण असत्य है।,अभिकथन असत्य है परन्तु कारण सत्य है।,"अभिकथन और कारण सही है और कारण, अभिकथन की सही व्याख्या है।","अभिकथन और कारण सही है लेकिन कारण, अभिकथन की सही व्याख्या नहीं है। LANGUAGE – I : ENGLISH IMPORTANT : Candidates should attempt questions from Part-IV (Q. No. 91-120), if they have opted for ENGLISH as LANGUAGE-I only. Read the passage given below and answer the questions that follow : (91-99) Shreeram Lagoo was acting in a play staged at Ambernath’s Gandhi School. We had managed to get the tickets for the play after much running around. We left the hostel quietly after eating dinner in the mess. The play started at 9.30 p.m. and it was already 9.15 p.m. Patil and I were rushing along the road to the station. Suddenly we saw Upadhyayji coming from the opposite direction. He had seen us. ‘Maharshi, where are you off to at this time ?’ he said reprovingly. We looked at each other’s face. Suddenly Patil spoke up, ‘Sir, I have a headache. We are going to the station to have some tea or coffee. We will be back right after drinking a cup.’ ‘Why, don’t you get tea and coffee in the mess ?’ ‘We do, Sir. But today there wasn’t any milk in the mess. That’s why we are going to the station’, Patil improvised. Upadhyay said, ‘Come with me. I’ll get you some coffee.’ He brought us to his home. The tickets for the play were squirming in our pockets. We couldn’t work out how to get him off our backs. After seating us in the drawing room, he asked his wife to make the coffee and sat on the sofa across from us. As soon as Mrs. Upadhyay entered the kitchen, I got up and said, ‘Ammaji, Warden Saheb is bothering you unnecessarily. I will make the coffee’. She was pleased to see me. ‘Maharshi, you go sit ... I will make it.’ I went up to her and whispered, ‘Ammaji, both of us were going to the Gandhi School to see a play. Warden Saheb waylaid us and brought us here. See, here are the tickets, but he doesn’t know anything.’ Ammaji examined me from head to toe. ‘I see. Is it a good play ?’ I said , ‘Ammaji, it is very good.’ ‘Then why don’t you go ?’ she said with a laugh. ‘How can we go ? Warden Saheb won’t give us permission’, I whispered. She came into the drawing room. Listen, what kind of a warden are you ? Why don’t you let the children go and have some fun ? Go, Maharshi, but don’t be too late.","In the following question, Assertion and Reason are followed. Read the statements carefully and choose the correct option from the following : Assertion : The curriculum of Environmental Studies is theme-based and each theme is interreleted. Reason : The main reason for keeping the syllabus of Environmental Studies theme-based is that it creates a deep understanding of each theme and each theme begins with questions.",Assertion is true but Reason is false.,Assertion is false but Reason is true.,Both Assertion and Reason are correct and Reason is the correct explanation of Assertion.,Assertion and Reason are correct but Reason is not the correct explanation of Assertion.,2,CTET 2024-12 Q90,1,2024-12
ctet1,hindi,CTET विगत वर्ष,2,,91,,,,आनंद मार्ग दर्शन के अनुसार मानसिक स्तर के परिवर्तन को कहा गया है __________।,,,,,आनंद मार्ग दर्शन के अनुसार मानसिक स्तर के परिवर्तन को कहा गया है __________।,ज्ञान योग,सहज योग,ब्रह्म योग,राज योग,0,CTET 2024-12 Q91,1,2024-12
ctet1,hindi,CTET विगत वर्ष,2,,92,,,,'खामियाँ ’ शब्द है __________।,,,,,'खामियाँ ’ शब्द है __________।,तद्भव,तत्सम,आगत,देशज,2,CTET 2024-12 Q92,1,2024-12
ctet1,hindi,CTET विगत वर्ष,2,,93,,,,मानसिक दुनिया से तात्पर्य है __________।,,,,,मानसिक दुनिया से तात्पर्य है __________।,मन में उठने वाले भाव,मनभावन दुनिया,काल्पनिक दुनिया,मन की स्थिति,2,CTET 2024-12 Q93,1,2024-12
ctet1,hindi,CTET विगत वर्ष,2,,94,,,,गद्यांश के अनुसार मनुष्य को __________ की ज़रूरत है।,,,,,गद्यांश के अनुसार मनुष्य को __________ की ज़रूरत है।,अपनी क्षमताओं को उन्नत करने,ब्रह्मांडीय ऊर्जाओं की खोज करने,अपनी क्षमताओं को पहचानने,अपनी कमियों को दूर करने,3,CTET 2024-12 Q94,1,2024-12
ctet1,hindi,CTET विगत वर्ष,2,,95,,,,'अंतर्निहित’ का समानार्थी शब्द नहीं है __________।,,,,,'अंतर्निहित’ का समानार्थी शब्द नहीं है __________।,समाविष्ट,समायोजित,समाहित,सन्निहित,1,CTET 2024-12 Q95,1,2024-12
ctet1,hindi,CTET विगत वर्ष,2,,96,,,,मानसिक परिवर्तन कैसे होने लगे?,,,,,मानसिक परिवर्तन कैसे होने लगे?,अपनी कमियों को दूर करने के प्रयासों के कारण,परिवर्तन सतत: होने वाली प्रक्रिया है,मानव मन के विकास के कारण,मानसिक चिंतन करने के कारण,0,CTET 2024-12 Q96,1,2024-12
ctet1,hindi,CTET विगत वर्ष,2,,97,,,,'ब्रह्मांडीय ऊर्जा’ का अर्थ है __________।,,,,,'ब्रह्मांडीय ऊर्जा’ का अर्थ है __________।,ब्राह्मण की ऊर्जा,ब्रह्म और ऊर्जा,ब्रह्मांड की ऊर्जा,ब्रह्मा की ऊर्जा,2,CTET 2024-12 Q97,1,2024-12
ctet1,hindi,CTET विगत वर्ष,2,,98,,,,आरंभिक दिनों के संदर्भ में कौन सा कथन सत्य है?,,,,,आरंभिक दिनों के संदर्भ में कौन सा कथन सत्य है?,भौतिक जगत की अपेक्षा मानसिक जगत में कम कमियाँ थीं।,भौतिक व मानसिक जगत दोनों में कोई कमी नहीं थीं।,भौतिक व मानसिक जगत में एक सी कमियाँ थीं।,भौतिक जगत की अपेक्षा मानसिक जगत में अधिक कमियाँ थीं।,3,CTET 2024-12 Q98,1,2024-12
ctet1,hindi,CTET विगत वर्ष,2,,99,,,,'भौतिक’ में मूल शब्द तथा प्रत्यय है __________।,,,,,'भौतिक’ में मूल शब्द तथा प्रत्यय है __________।,भूत + ईक,भौति + क,भूत + तिक,"भूत + इक नीचे दी गई कविता की पंक्तियों को पढ़कर पूछे गए प्रश्नों के उत्तर के लिए सबसे उचित विकल्प का चयन कीजिए। (100 - 105) जीवन अर्पण लिए हुए पाता कभी खोता कभी आशा निराशा से घिरा हँसता कभी रोता कभी, गति-मति न हो अवरुद्ध इसका ध्यान आठों याम है चलना हमारा काम है।",3,CTET 2024-12 Q99,1,2024-12
ctet1,hindi,CTET विगत वर्ष,2,,100,,,,समूह से भिन्न शब्द है -,,,,,समूह से भिन्न शब्द है -,हँसना-रोना,आशा-निराशा,भिन्न-भिन्न,पाना-खोना,2,CTET 2024-12 Q100,1,2024-12
ctet1,hindi,CTET विगत वर्ष,2,,101,,,,'आठों याम’ से तात्पर्य है -,,,,,'आठों याम’ से तात्पर्य है -,आठ स्तर,आठ दिशाएँ,आठ की संख्या,आठ प्रहर,3,CTET 2024-12 Q101,1,2024-12
ctet1,hindi,CTET विगत वर्ष,2,,102,,,,"चाहे कितने भी दु:ख आएँ, मनुष्य को __________।",,,,,"चाहे कितने भी दु:ख आएँ, मनुष्य को __________।",कार्य रोक देने चाहिए,कार्य करते रहना चाहिए,सदा शांत रहना चाहिए,सदा मुस्कुराते रहना चाहिए,1,CTET 2024-12 Q102,1,2024-12
ctet1,hindi,CTET विगत वर्ष,2,,103,,,,कविता के भावानुसार जीवन में __________सदा रहते हैं।,,,,,कविता के भावानुसार जीवन में __________सदा रहते हैं।,आठों याम,सुख-दु:ख,अपने-अपने,गति-मति,1,CTET 2024-12 Q103,1,2024-12
ctet1,hindi,CTET विगत वर्ष,2,,104,,,,जीवन कैसा है?,,,,,जीवन कैसा है?,आशा-निराशा से घिरा,आशाओं से घिरा हुआ,बेहद दुखद,बेहद सुखद,0,CTET 2024-12 Q104,1,2024-12
ctet1,hindi,CTET विगत वर्ष,2,,105,,,,जीवन की विषम परिस्थितियों को व्यक्त करने के लिए उचित उदाहरण नहीं है?,,,,,जीवन की विषम परिस्थितियों को व्यक्त करने के लिए उचित उदाहरण नहीं है?,कभी हँसना कभी रोना,कभी सोना कभी रोना,कभी खोना कभी पाना,कभी आशा कभी निराशा,1,CTET 2024-12 Q105,1,2024-12
ctet1,hindi,CTET विगत वर्ष,2,,106,,,,मातृभाषा आधारित बहुभाषावाद किसकी अनुशंसा करता है?,,,,,मातृभाषा आधारित बहुभाषावाद किसकी अनुशंसा करता है?,सभी बच्चों की विद्यालयी शिक्षा की शुरुआत अंग्रेज़ी माध्यम और घर की भाषा में होनी चाहिए,सभी बच्चे अपनी प्रथम भाषा के रूप में हिन्दी का अध्ययन करते हैं,सभी बच्चों की विद्यालयी शिक्षा उनकी मातृभाषा या घर की भाषा में शुरू होनी चाहिए,सभी बच्चों की विद्यालयी शिक्षा उनके राज्य की भाषा में शुरू होनी चाहिए,2,CTET 2024-12 Q106,1,2024-12
ctet1,hindi,CTET विगत वर्ष,2,,107,,,,पाठ्य सामग्री बोधगम्यता के संदर्भ में निम्नलिखित में से गलत कथन का चयन करें :,,,,,पाठ्य सामग्री बोधगम्यता के संदर्भ में निम्नलिखित में से गलत कथन का चयन करें :,स्किमिंग समीक्षा करने के लिए अधिक उपयुक्त है जबकि स्कैनिंग द्वारा किसी विशेष प्रश्न का उत्तर देने में मदद मिलती है।,स्किमिंग और स्कैनिंग दोनों में ही पाठ्य सामग्री पढऩे के दौरान तीव्र नेत्र गति शामिल है।,स्किमिंग (सरसरी तौर पर पठन) के अन्तर्गत पाठ्य सामग्री को शीघ्रता से पढ़ा जाता है जबकि स्कैनिंग (बारीकी से पठन) के अन्तर्गत विशिष्ट तथ्य जानने के लिए पढ़ा जाता है।,स्किमिंग में गहराई से पठन किया जाता है जबकि स्कैनिंग में सरसरी तौर पर पढ़ा जाता है।,3,CTET 2024-12 Q107,1,2024-12
ctet1,hindi,CTET विगत वर्ष,2,,108,,,,"जब बच्चे अपने आस-पास के परिवेश की वस्तुओं, घटनाओं और अवधारणाओं के बारे में पूछना आरंभ कर देते हैं तो भाषा का कौन-सा प्रकार्य अधिक प्रयोग में लाया जाता है?",,,,,"जब बच्चे अपने आस-पास के परिवेश की वस्तुओं, घटनाओं और अवधारणाओं के बारे में पूछना आरंभ कर देते हैं तो भाषा का कौन-सा प्रकार्य अधिक प्रयोग में लाया जाता है?",सूचनात्मक,खोजबीन परक,कल्पनाशीलता,नियन्त्रक (रेग्युलेटरी),1,CTET 2024-12 Q108,1,2024-12
ctet1,hindi,CTET विगत वर्ष,2,,109,,,,मानव भाषा के किस गुणधर्म के कारण मनुष्य उन चीज़ों के बारे में बोल पाते हैं जो उनके तात्कालिक समय और स्थान में मौजूद नहीं है?,,,,,मानव भाषा के किस गुणधर्म के कारण मनुष्य उन चीज़ों के बारे में बोल पाते हैं जो उनके तात्कालिक समय और स्थान में मौजूद नहीं है?,संरचना निर्भरता,वियोजन सामथ्र्य (डिस्क्रीटनैस),विस्थापन (डिस्प्लेसमैंट),यादृच्छिकता,2,CTET 2024-12 Q109,1,2024-12
ctet1,hindi,CTET विगत वर्ष,2,,110,,,,निम्नलिखित में से कौन-सा कौशल समा के साथ पठन का लक्षण नहीं है?,,,,,निम्नलिखित में से कौन-सा कौशल समा के साथ पठन का लक्षण नहीं है?,घटनाओं और विचारों के क्रम का संयोजन और आकलन करना,अब तक पढ़ी गई सामग्री का मानसिक रूप से सारांशीकरण करना,अक्षरों और वर्णमाला पर ध्यान केन्द्रित करना,विषयवस्तु से आगे का अनुमान लगाना,2,CTET 2024-12 Q110,1,2024-12
ctet1,hindi,CTET विगत वर्ष,2,,111,,,,निम्नलिखित में से कौन-सा द्वितीय भाषा शिक्षण के व्याकरण अनुवाद विधि का गुणधर्म नहीं है?,,,,,निम्नलिखित में से कौन-सा द्वितीय भाषा शिक्षण के व्याकरण अनुवाद विधि का गुणधर्म नहीं है?,द्वितीय भाषा में सीधे ही सम्प्रेषण करना और उसके बाद दो भाषाओं के व्याकरण के नियमों की तुलना करना,भाषा के प्रकार्यों के स्थान पर नियमों पर अधिक ध्यान देना,प्रथम और द्वितीय भाषा के व्याकरणिक नियमों की तुलना करना,द्वितीय भाषा के व्याकरण के नियमों का अधिगम और अभ्यास,0,CTET 2024-12 Q111,1,2024-12
ctet1,hindi,CTET विगत वर्ष,2,,112,,,,एक अध्यापक ने अपने विद्यार्थियों से कहा कि वे इस बात पर विमर्श करें कि उन्होंने उसके द्वारा दिए गए अनुभवजनित प्रश्न का उत्तर किस प्रकार दिया और उस प्रश्न का उत्तर लिखते समय वे क्या और किस प्रकार सोच रहे थे। यह किसका उदाहरण है?,,,,,एक अध्यापक ने अपने विद्यार्थियों से कहा कि वे इस बात पर विमर्श करें कि उन्होंने उसके द्वारा दिए गए अनुभवजनित प्रश्न का उत्तर किस प्रकार दिया और उस प्रश्न का उत्तर लिखते समय वे क्या और किस प्रकार सोच रहे थे। यह किसका उदाहरण है?,अधिभाषावाद,अधिसांकेतिकता (मेटासीमियोटिक),अधिसंज्ञान,रूपक,2,CTET 2024-12 Q112,1,2024-12
ctet1,hindi,CTET विगत वर्ष,2,,113,,,,निम्नलिखित में से क्रेशन की परिकल्पना में से कौन-सा वायगोत्सकी के ZPD के समान है?,,,,,निम्नलिखित में से क्रेशन की परिकल्पना में से कौन-सा वायगोत्सकी के ZPD के समान है?,प्राकृतिक व्यवस्था परिकल्पना,अफेक्टिव फिल्टर परिकल्पना,निवेश परिकल्पना,परिवीक्षण (मॉनीटर) परिकल्पना,2,CTET 2024-12 Q113,1,2024-12
ctet1,hindi,CTET विगत वर्ष,2,,114,,,,क्यूमिन की अन्तरनिर्भरता परिकल्पना के अनुसार निम्नलिखित में से कौन-सी एक-दूसरे पर पारस्परिक रूप से निर्भर है?,,,,,क्यूमिन की अन्तरनिर्भरता परिकल्पना के अनुसार निम्नलिखित में से कौन-सी एक-दूसरे पर पारस्परिक रूप से निर्भर है?,द्वितीय भाषा में पठन और लेखन,प्रथम और द्वितीय भाषा में बुनियादी अन्त: वैयक्तिक कौशल,द्वितीय भाषा में बोधगम्यता और उत्पाद,प्रथम और द्वितीय भाषा में संज्ञानात्मक अकादमिक निपुणता,3,CTET 2024-12 Q114,1,2024-12
ctet1,hindi,CTET विगत वर्ष,2,,115,,,,निम्नलिखित में से कौन-सा अक्षरों और वर्णमाला के स्थान पर शब्दों और लघुकथा सामग्री के आधार पर पठन कौशल आरंभ करने को तर्कसंगत नहीं ठहराता?,,,,,निम्नलिखित में से कौन-सा अक्षरों और वर्णमाला के स्थान पर शब्दों और लघुकथा सामग्री के आधार पर पठन कौशल आरंभ करने को तर्कसंगत नहीं ठहराता?,शब्द और पाठ्य सामग्री अधिक रुचिकर होती हैं जबकि अक्षर नहीं,शब्दों की अपेक्षा पृथक अक्षरों को कंठस्थ करना अधिक कठिन है,शुरुआती पाठक छोटी-छोटी इकाइयों की तुलना में बड़ी इकाइयों पर बेहतर तरीके से ध्यान केन्द्रित कर पाते हैं,शब्द और पाठ्य सामग्री सार्थक सम्बद्धता सृजित कर पाती हैं जो कि अक्षर नहीं कर पाते हैं,2,CTET 2024-12 Q115,1,2024-12
ctet1,hindi,CTET विगत वर्ष,2,,116,,,,निम्नलिखित में से कौन-सा भाषाओं और बोलियों के बारे में भाषिक रूप से सही है?,,,,,निम्नलिखित में से कौन-सा भाषाओं और बोलियों के बारे में भाषिक रूप से सही है?,,भाषा और बोलियों में कोई सुपरिभाषित भाषिक अन्तर नहीं है।,,,1,CTET 2024-12 Q116,1,2024-12
ctet1,hindi,CTET विगत वर्ष,2,,117,,,,वीरा सात माह की शिशु है। वह अब कुछ इस तरह की आवाजें निकाल रही है जिसमें स्वर और व्यंजन मिश्रित हैं। वह किस रूप में सम्प्रेषित कर रही है?,,,,,वीरा सात माह की शिशु है। वह अब कुछ इस तरह की आवाजें निकाल रही है जिसमें स्वर और व्यंजन मिश्रित हैं। वह किस रूप में सम्प्रेषित कर रही है?,कूजन (कूइंग),भाषिक वाक्,ध्वनिग्राम,बबलाना,3,CTET 2024-12 Q117,1,2024-12
ctet1,hindi,CTET विगत वर्ष,2,,118,,,,उत्पादक शब्द संपदा क्या है?,,,,,उत्पादक शब्द संपदा क्या है?,वे शब्द जिनका प्रयोग लेखन और बोलने में किया जाता है,वे शब्द जो पाठक के लिए नए हैं,वे शब्द जिनको हम जैसा सुनते हैं वैसा ही पहचानते हैं,उन शब्दों पर ध्यान देना जिनको हम पंक्तियों से परे जाकर पढ़ते हैं,0,CTET 2024-12 Q118,1,2024-12
ctet1,hindi,CTET विगत वर्ष,2,,119,,,,निम्नलिखित में से किसके द्वारा भाषा अर्जन उपकरण की अवधारणा की व्याख्या नहीं की गयी है?,,,,,निम्नलिखित में से किसके द्वारा भाषा अर्जन उपकरण की अवधारणा की व्याख्या नहीं की गयी है?,बच्चे आकृति मूलक भाषा कैसे सीख लेते हैं।,बच्चों का भाषिक उत्पाद उन्हें मिले भाषिक निवेश से अधिक क्यों होता है।,बच्चे अपनी प्रथम भाषा कैसे सीखते हैं।,बच्चे 4 - 5 वर्षों की कम अवधि के भीतर कैसे भाषा सीखने योग्य बन जाते हैं।,0,CTET 2024-12 Q119,1,2024-12
ctet1,hindi,CTET विगत वर्ष,2,,120,,,,एक समुदाय विशेष के बोलने-चालने के तरीके में यह देखा गया कि दो भिन्न-भिन्न सामाजिक आर्थिक समूहों के लोग '21’ को भिन्न-भिन्न तरीके से उच्चारित करते हैं। यह किस प्रकार का उदाहरण है?,,,,,एक समुदाय विशेष के बोलने-चालने के तरीके में यह देखा गया कि दो भिन्न-भिन्न सामाजिक आर्थिक समूहों के लोग '21’ को भिन्न-भिन्न तरीके से उच्चारित करते हैं। यह किस प्रकार का उदाहरण है?,सामाजिक सांस्कृतिक चर,सामाजिक मनोवैज्ञानिक चर,सामाजिक भाषिक चर,"परिणामवादी (प्रेग्मेटिक) चर LANGUAGE – II : ENGLISH IMPORTANT : Candidates should attempt questions from Part-V (Q. No. 121-150), if they have opted for ENGLISH as LANGUAGE-II only. Read the passage given below and answer the questions that follow : (121-128) A couple of days later, there was a music recital in the Bharatendu Auditorium, one of the two largest auditoriums in town. One of the performers was Ustad Majeed Khan. Lata and Malati both managed to get tickets. So did Hema, a tall, thin and high-spirited friend of theirs who lived with innumerable cousins–boys and girls–in a house not far from Nabiganj. They were all under the care of a strict elder member of the family who was referred to by everyone as Tauji. Hema’s Tauji had quite a job on his hands, as he was not only responsible for the well-being and reputation of the girls of the family but also had to make sure that the boys did not get into the countless kinds of mischief that boys are prone to. He had often cursed his luck that he was the sole representative in a university town of a large and far-flung family. He had on occasions threatened to send everyone straight back home when they had caused him more trouble than he could bear. But his wife, Taiji to everyone, thought she herself had been brought up with almost no liberty or latitude, felt it was a great pity that her nieces and grandnieces should be similarly constrained. She managed to obtain for the girls what they could not obtain by a more direct approach. This evening Hema and her cousin had thus succeeded in reserving the use of Tauji’s large maroon Packard car and went around town collecting their friends for the concert. No sooner was Tauji out of sight than they had entirely forgotten his outraged parting comment. “Flowers ? Flowers in your hair ? Rushing off in exam time- and listening to all this pleasure - music! Everyone will think you are completely dissolute–you will never get married.”",2,CTET 2024-12 Q120,1,2024-12
ctet1,english,CTET विगत वर्ष,2,,121,,,,State which of the following statements is True/False. (A) Taiji was relatively liberal in her approach. (B) Lata and Malati could not obtain tickets for the recital.,,,,,State which of the following statements is True/False. (A) Taiji was relatively liberal in her approach. (B) Lata and Malati could not obtain tickets for the recital.,(A) is True but (B) is False.,(B) is True but (A) is False.,Both (A) and (B) are True.,Both (A) and (B) are False.,0,CTET 2024-12 Q121,1,2024-12
ctet1,english,CTET विगत वर्ष,2,,122,,,,What does the underlined expression 'the boys are prone to' mean ?,,,,,What does the underlined expression 'the boys are prone to' mean ?,impossible to have/get,likely to have/get,sure to have/get,not likely to have/get,1,CTET 2024-12 Q122,1,2024-12
ctet1,english,CTET विगत वर्ष,2,,123,,,,Identify the tense of the given expression ‘...... had thus succeeded...’,,,,,Identify the tense of the given expression ‘...... had thus succeeded...’,Simple Present Tense,Present Perfect Tense,Simple Past Tense,Past Perfect Tense,3,CTET 2024-12 Q123,1,2024-12
ctet1,english,CTET विगत वर्ष,2,,124,,,,What was Tauji’s duty as a family patriarch ?,,,,,What was Tauji’s duty as a family patriarch ?,To get the youngsters married,To cook for the youngsters,To teach the youngsters,To keep a strict watch on the youngsters’ activities,3,CTET 2024-12 Q124,1,2024-12
ctet1,english,CTET विगत वर्ष,2,,125,,,,How did Taiji manage to get concessions for the girls ?,,,,,How did Taiji manage to get concessions for the girls ?,By fighting with Tauji,By adopting an indirect approach,By arguing with Tauji,By persuading Tauji,1,CTET 2024-12 Q125,1,2024-12
ctet1,english,CTET विगत वर्ष,2,,126,,,,What cultural show was being held in the town ?,,,,,What cultural show was being held in the town ?,A classical music recital,A blockbuster movie,A popular play,A dance performance,0,CTET 2024-12 Q126,1,2024-12
ctet1,english,CTET विगत वर्ष,2,,127,,,,"By nature and beliefs, Tauji can be described as a/an...",,,,,"By nature and beliefs, Tauji can be described as a/an...",anarchist,agnostic,conservative,liberal,2,CTET 2024-12 Q127,1,2024-12
ctet1,english,CTET विगत वर्ष,2,,128,,,,Identify the word nearest in meaning to ‘constrained’.,,,,,Identify the word nearest in meaning to ‘constrained’.,confined,laid,arrested,"caught Read the passage given below and answer the questions that follow : (129-135) I designed, after my first voyage, to spend the rest of my days at Baghdad, but it was not long ere I grew weary of an indolent life and I put to sea a second time with merchants of known probity. We embarked on board of a good ship and set sail. One day we landed on an island covered with several sorts of fruit trees, but we could see neither man nor animal. While some diverted themselves with gathering flowers, and other fruits, I took my wine and provisions and sat down near a stream betwixt two high trees, which afforded a delightful shade. I made a good meal and afterwards fell asleep. When I woke up, the ship was no longer in view. In this sad condition, I was ready to die with grief. When I gazed towards the sea, I could discern nothing but sky and water, but looking over the land I beheld something white, and coming down, I took what provision I had left and went towards the object which was so distant that at first could not distinguish what it was. As I approached, I thought it to be a white dome of a prodigious height and extent. I drew near to it, and walked round it and found no door to it. I found that I had not strength nor activity to climb it on account of its exceeding smoothness. I went round the dome measuring its circumference. I meditated upon some means of gaining an entrance into it but no means of accomplishing this occurred to me. By this time the sun was about to set, and all of a sudden the sky became as dark as if it had been covered with a thick cloud. I was much astonished at this sudden darkness but much more when I found it occasioned by a bird of a most extraordinary size that came flying towards me. I remembered that I had often heard mariners speak of a miraculous bird called the roc, and conceived that the great dome which I so much admired must be her egg. Shortly afterwards the bird alighted and sat over the egg.",0,CTET 2024-12 Q128,1,2024-12
ctet1,english,CTET विगत वर्ष,2,,129,,,,The narrator left Baghdad because....,,,,,The narrator left Baghdad because....,He was weary of the city / and,He was keen to visit another city,He did not want to live a lazy life,Both,2,CTET 2024-12 Q129,1,2024-12
ctet1,english,CTET विगत वर्ष,2,,130,,,,"After realising that the ship had left, the narrator.....",,,,,"After realising that the ship had left, the narrator.....",was relieved,did not react,felt amused,was shocked,3,CTET 2024-12 Q130,1,2024-12
ctet1,english,CTET विगत वर्ष,2,,131,,,,What did the narrator do after reaching the island ?,,,,,What did the narrator do after reaching the island ?,He chatted with his colleagues.,He sat down for a filling meal.,He took endless strolls around the island.,He gathered fruits and flowers.,1,CTET 2024-12 Q131,1,2024-12
ctet1,english,CTET विगत वर्ष,2,,132,,,,Choose the word nearest in meaning to the underlined word : ‘...... of a prodigious height and extent.’,,,,,Choose the word nearest in meaning to the underlined word : ‘...... of a prodigious height and extent.’,narrow,marvellous,tall,large,3,CTET 2024-12 Q132,1,2024-12
ctet1,english,CTET विगत वर्ष,2,,133,,,,Identify the tense of the underlined word in : ‘I drew near to it....’,,,,,Identify the tense of the underlined word in : ‘I drew near to it....’,Simple Present,Future Perfect,Past Perfect,Simple Past,3,CTET 2024-12 Q133,1,2024-12
ctet1,english,CTET विगत वर्ष,2,,134,,,,Identify the Part of Speech of the underlined word in the expression : ‘.... to die with grief.’,,,,,Identify the Part of Speech of the underlined word in the expression : ‘.... to die with grief.’,Conjunction,Preposition,Adverb,Adjective,1,CTET 2024-12 Q134,1,2024-12
ctet1,english,CTET विगत वर्ष,2,,135,,,,The ‘White dome’ finally turned out to be...,,,,,The ‘White dome’ finally turned out to be...,a place of worship,a luxurious mansion,a massive egg,a royal palace,2,CTET 2024-12 Q135,1,2024-12
ctet1,english,CTET विगत वर्ष,2,,136,,,,Which one of the following is NOT true about an assessment ?,,,,,Which one of the following is NOT true about an assessment ?,It helps to evaluate the pace of a student’s progress.,It can only be done by the teacher.,It provides a holistic view of the student’s progress.,It presents concrete evidence of the student’s performance.,1,CTET 2024-12 Q136,1,2024-12
ctet1,english,CTET विगत वर्ष,2,,137,,,,Error-analysis is important in order to look at the gaps in learning because :,,,,,Error-analysis is important in order to look at the gaps in learning because :,Errors indicate a lack in the understanding of the learners.,Errors show extent of concept development and motivation.,Most errors are caused by callous attitude of the learners.,Errors are a window into the minds of the learners and their stage of learning.,3,CTET 2024-12 Q137,1,2024-12
ctet1,english,CTET विगत वर्ष,2,,138,,,,Which of the following is NOT true regarding the Monitor Hypothesis given by Stephen Krashen ?,,,,,Which of the following is NOT true regarding the Monitor Hypothesis given by Stephen Krashen ?,What is ‘acquired’ helps in monitoring what is ‘learnt’.,The learner can only monitor if s/he has enough time and enough knowledge of the rules.,It is used in the context of second language acquisition.,It is based on the relationship between acquisition and learning.,0,CTET 2024-12 Q138,1,2024-12
ctet1,english,CTET विगत वर्ष,2,,139,,,,Which of the following is NOT an example of formative assessment ?,,,,,Which of the following is NOT an example of formative assessment ?,A combination of a comprehensive written test and few other tasks scattered over a period of time.,Assessment strategies ranging from short tests to peer-reviews throughout the session.,"A series of oral and written tasks, role-play etc. throughout the session.",A term-paper at the end of the session.,3,CTET 2024-12 Q139,1,2024-12
ctet1,english,CTET विगत वर्ष,2,,140,,,,"When a beginner reader uses his/her general knowledge about the text theme, cultural aspects etc. to make sense of the specific textual content, it is called :",,,,,"When a beginner reader uses his/her general knowledge about the text theme, cultural aspects etc. to make sense of the specific textual content, it is called :",Bottom-up approach.,Bottom-down approach.,Top-down approach.,Top-up approach.,2,CTET 2024-12 Q140,1,2024-12
ctet1,english,CTET विगत वर्ष,2,,141,,,,Which of the following would not help in textual comprehension and vocabulary development ?,,,,,Which of the following would not help in textual comprehension and vocabulary development ?,Theme-maps.,Picture dictionaries.,Word-maps.,Alphabet charts.,3,CTET 2024-12 Q141,1,2024-12
ctet1,english,CTET विगत वर्ष,2,,142,,,,Which of these statements is CORRECT regarding the two major types of assessment ?,,,,,Which of these statements is CORRECT regarding the two major types of assessment ?,Formative assessment goes on continuously through the learning phase.,Summative assessment is done before and during the learning phase.,Formative assessment focuses on the form rather than function of learning.,Summative assessment is about the sum total of every form of assessment through the year.,0,CTET 2024-12 Q142,1,2024-12
ctet1,english,CTET विगत वर्ष,2,,143,,,,Which of the following DOES NOT help in creating an inclusive classroom ?,,,,,Which of the following DOES NOT help in creating an inclusive classroom ?,Adopting a multilingual approach.,Having some students as monitors in the class.,Peer-group interaction and feedback system.,Giving team-tasks.,1,CTET 2024-12 Q143,1,2024-12
ctet1,english,CTET विगत वर्ष,2,,144,,,,Reading or writing ‘p’ as ‘b’ or ‘6’ as ‘9’ is a common error among children with :,,,,,Reading or writing ‘p’ as ‘b’ or ‘6’ as ‘9’ is a common error among children with :,Anomia.,Dyslexia.,Stuttering.,Aphasia.,1,CTET 2024-12 Q144,1,2024-12
ctet1,english,CTET विगत वर्ष,2,,145,,,,Basic Interpersonal Communicative Skills is known as :,,,,,Basic Interpersonal Communicative Skills is known as :,Language used for day-to-day communication.,Interlanguage.,Higher order language skills.,Language of abstraction.,0,CTET 2024-12 Q145,1,2024-12
ctet1,english,CTET विगत वर्ष,2,,146,,,,"A teacher teaching English as second language to Hindi-speaking students provides them contexts and opportunities to engage in little conversations in English without telling them explicit rules. She presents examples before them which they use in their conversations. Gradually, they come up with rules on their own with the help of the teacher. Which model/ approach do you think the teacher is following ?",,,,,"A teacher teaching English as second language to Hindi-speaking students provides them contexts and opportunities to engage in little conversations in English without telling them explicit rules. She presents examples before them which they use in their conversations. Gradually, they come up with rules on their own with the help of the teacher. Which model/ approach do you think the teacher is following ?",Communicative approach.,Direct method.,Grammar translation method.,Audio-lingual method.,0,CTET 2024-12 Q146,1,2024-12
ctet1,english,CTET विगत वर्ष,2,,147,,,,Which of the following is NOT a feature of communicative approach ?,,,,,Which of the following is NOT a feature of communicative approach ?,Discovering rules of grammar instead of teaching explicitly.,Developing communicative competence.,More focus on form than function.,Contextualised use of language.,2,CTET 2024-12 Q147,1,2024-12
ctet1,english,CTET विगत वर्ष,2,,148,,,,Which genre of stories are the most relevant to propagate multilingualism and multiculturalism ?,,,,,Which genre of stories are the most relevant to propagate multilingualism and multiculturalism ?,Science fiction.,Lengthy tale.,Folktales.,Autobiographies.,2,CTET 2024-12 Q148,1,2024-12
ctet1,english,CTET विगत वर्ष,2,,149,,,,Which of the following is NOT a desirable feature in children’s literature ?,,,,,Which of the following is NOT a desirable feature in children’s literature ?,Big font size and familiar words.,Attractive pictures.,Animal characters.,Explicit moral values.,3,CTET 2024-12 Q149,1,2024-12
ctet1,english,CTET विगत वर्ष,2,,150,,,,Which of the following is NOT considered a major domain of learning ?,,,,,Which of the following is NOT considered a major domain of learning ?,Affective,Psychomotor,Cognitive,"Socio-cultural भाग - V भाषा - II : हिन्दी महत्वपूर्ण : परीक्षार्थी भाग-V (प्र.सं. 121 से 150) के प्रश्नों के उत्तर केवल तभी दें यदि उन्होंने भाषा-II का विकल्प हिन्दी चुना हो। निम्नलिखित गद्यांश को पढ़कर पूछे गए प्रश्नों के उत्तर के लिए सबसे उपयुक्त विकल्प का चयन कीजिए। (121-128) स्वातंत्र्योत्तर भारत की सबसे बड़ी ट्रेजेडी यह नहीं है कि शासक वर्ग ने औद्योगीकरण का मार्ग चुना, ट्रेजेडी यह रही है कि पश्चिम की देखादेखी और नकल में योजनाएँ बनाते समय - प्रकृति, मनुष्य और संस्कृति के बीच का नाजुक संतुलन किस तरह नष्ट होने से बचाया जा सकता है - इस ओर हमारे पश्चिम शिक्षित सत्ताधारियों का ध्यान कभी नहीं गया। हम बिना पश्चिम को मॉडल बनाए, अपनी शर्तों और मर्यादाओं के आधार पर, औद्योगिक विकास का भारतीय स्वरूप निर्धारित कर सकते हैं, कभी इसका ख्याल भी हमारे शासकों को आया हो, ऐसा नहीं जान पड़ता।",3,CTET 2024-12 Q150,1,2024-12
