csv_line,source,section,severity,issue_code,affected_fields,finding,recommended_action,related_lines
2,CTET 2018 Q1,cdp,medium,pyq_year_missing,years,"Row is marked PYQ but years is blank, so year-based scoring/filters lose provenance.",Populate the normalized YYYY or YYYY-MM value from source metadata.,
3,CTET 2018 Q2,cdp,medium,pyq_year_missing,years,"Row is marked PYQ but years is blank, so year-based scoring/filters lose provenance.",Populate the normalized YYYY or YYYY-MM value from source metadata.,
4,CTET 2018 Q3,cdp,medium,pyq_year_missing,years,"Row is marked PYQ but years is blank, so year-based scoring/filters lose provenance.",Populate the normalized YYYY or YYYY-MM value from source metadata.,
5,CTET 2018 Q4,cdp,medium,pyq_year_missing,years,"Row is marked PYQ but years is blank, so year-based scoring/filters lose provenance.",Populate the normalized YYYY or YYYY-MM value from source metadata.,
6,CTET 2018 Q5,cdp,medium,pyq_year_missing,years,"Row is marked PYQ but years is blank, so year-based scoring/filters lose provenance.",Populate the normalized YYYY or YYYY-MM value from source metadata.,
7,CTET 2018 Q6,cdp,medium,pyq_year_missing,years,"Row is marked PYQ but years is blank, so year-based scoring/filters lose provenance.",Populate the normalized YYYY or YYYY-MM value from source metadata.,
8,CTET 2018 Q7,cdp,medium,pyq_year_missing,years,"Row is marked PYQ but years is blank, so year-based scoring/filters lose provenance.",Populate the normalized YYYY or YYYY-MM value from source metadata.,
9,CTET 2018 Q8,cdp,medium,pyq_year_missing,years,"Row is marked PYQ but years is blank, so year-based scoring/filters lose provenance.",Populate the normalized YYYY or YYYY-MM value from source metadata.,
10,CTET 2018 Q9,cdp,medium,pyq_year_missing,years,"Row is marked PYQ but years is blank, so year-based scoring/filters lose provenance.",Populate the normalized YYYY or YYYY-MM value from source metadata.,
11,CTET 2018 Q10,cdp,medium,pyq_year_missing,years,"Row is marked PYQ but years is blank, so year-based scoring/filters lose provenance.",Populate the normalized YYYY or YYYY-MM value from source metadata.,
12,CTET 2018 Q11,cdp,medium,pyq_year_missing,years,"Row is marked PYQ but years is blank, so year-based scoring/filters lose provenance.",Populate the normalized YYYY or YYYY-MM value from source metadata.,
13,CTET 2018 Q12,cdp,medium,pyq_year_missing,years,"Row is marked PYQ but years is blank, so year-based scoring/filters lose provenance.",Populate the normalized YYYY or YYYY-MM value from source metadata.,
14,CTET 2018 Q13,cdp,medium,pyq_year_missing,years,"Row is marked PYQ but years is blank, so year-based scoring/filters lose provenance.",Populate the normalized YYYY or YYYY-MM value from source metadata.,
15,CTET 2018 Q14,cdp,medium,pyq_year_missing,years,"Row is marked PYQ but years is blank, so year-based scoring/filters lose provenance.",Populate the normalized YYYY or YYYY-MM value from source metadata.,
16,CTET 2018 Q15,cdp,medium,pyq_year_missing,years,"Row is marked PYQ but years is blank, so year-based scoring/filters lose provenance.",Populate the normalized YYYY or YYYY-MM value from source metadata.,
17,CTET 2018 Q16,cdp,medium,pyq_year_missing,years,"Row is marked PYQ but years is blank, so year-based scoring/filters lose provenance.",Populate the normalized YYYY or YYYY-MM value from source metadata.,
18,CTET 2018 Q17,cdp,medium,pyq_year_missing,years,"Row is marked PYQ but years is blank, so year-based scoring/filters lose provenance.",Populate the normalized YYYY or YYYY-MM value from source metadata.,
19,CTET 2018 Q18,cdp,medium,pyq_year_missing,years,"Row is marked PYQ but years is blank, so year-based scoring/filters lose provenance.",Populate the normalized YYYY or YYYY-MM value from source metadata.,
20,CTET 2018 Q19,cdp,medium,pyq_year_missing,years,"Row is marked PYQ but years is blank, so year-based scoring/filters lose provenance.",Populate the normalized YYYY or YYYY-MM value from source metadata.,
21,CTET 2018 Q20,cdp,medium,pyq_year_missing,years,"Row is marked PYQ but years is blank, so year-based scoring/filters lose provenance.",Populate the normalized YYYY or YYYY-MM value from source metadata.,
22,CTET 2018 Q21,cdp,medium,pyq_year_missing,years,"Row is marked PYQ but years is blank, so year-based scoring/filters lose provenance.",Populate the normalized YYYY or YYYY-MM value from source metadata.,
23,CTET 2018 Q22,cdp,medium,pyq_year_missing,years,"Row is marked PYQ but years is blank, so year-based scoring/filters lose provenance.",Populate the normalized YYYY or YYYY-MM value from source metadata.,
24,CTET 2018 Q23,cdp,critical,wrong_answer_key,ans,Stored d; correct a — development of symbolic thought is not a limitation of preoperational thought.,Correct the key after recording a source citation and regression test.,
24,CTET 2018 Q23,cdp,medium,pyq_year_missing,years,"Row is marked PYQ but years is blank, so year-based scoring/filters lose provenance.",Populate the normalized YYYY or YYYY-MM value from source metadata.,
25,CTET 2018 Q24,cdp,medium,pyq_year_missing,years,"Row is marked PYQ but years is blank, so year-based scoring/filters lose provenance.",Populate the normalized YYYY or YYYY-MM value from source metadata.,
26,CTET 2018 Q25,cdp,medium,pyq_year_missing,years,"Row is marked PYQ but years is blank, so year-based scoring/filters lose provenance.",Populate the normalized YYYY or YYYY-MM value from source metadata.,
27,CTET 2018 Q26,cdp,medium,pyq_year_missing,years,"Row is marked PYQ but years is blank, so year-based scoring/filters lose provenance.",Populate the normalized YYYY or YYYY-MM value from source metadata.,
28,CTET 2018 Q27,cdp,medium,pyq_year_missing,years,"Row is marked PYQ but years is blank, so year-based scoring/filters lose provenance.",Populate the normalized YYYY or YYYY-MM value from source metadata.,
29,CTET 2018 Q28,cdp,medium,pyq_year_missing,years,"Row is marked PYQ but years is blank, so year-based scoring/filters lose provenance.",Populate the normalized YYYY or YYYY-MM value from source metadata.,
30,CTET 2018 Q29,cdp,medium,pyq_year_missing,years,"Row is marked PYQ but years is blank, so year-based scoring/filters lose provenance.",Populate the normalized YYYY or YYYY-MM value from source metadata.,
31,CTET 2018 Q30,cdp,medium,pyq_year_missing,years,"Row is marked PYQ but years is blank, so year-based scoring/filters lose provenance.",Populate the normalized YYYY or YYYY-MM value from source metadata.,
32,CTET 2018 Q31,math,medium,pyq_year_missing,years,"Row is marked PYQ but years is blank, so year-based scoring/filters lose provenance.",Populate the normalized YYYY or YYYY-MM value from source metadata.,
33,CTET 2018 Q32,math,medium,pyq_year_missing,years,"Row is marked PYQ but years is blank, so year-based scoring/filters lose provenance.",Populate the normalized YYYY or YYYY-MM value from source metadata.,
34,CTET 2018 Q33,math,medium,pyq_year_missing,years,"Row is marked PYQ but years is blank, so year-based scoring/filters lose provenance.",Populate the normalized YYYY or YYYY-MM value from source metadata.,
35,CTET 2018 Q34,math,medium,pyq_year_missing,years,"Row is marked PYQ but years is blank, so year-based scoring/filters lose provenance.",Populate the normalized YYYY or YYYY-MM value from source metadata.,
36,CTET 2018 Q35,math,medium,pyq_year_missing,years,"Row is marked PYQ but years is blank, so year-based scoring/filters lose provenance.",Populate the normalized YYYY or YYYY-MM value from source metadata.,
37,CTET 2018 Q36,math,medium,pyq_year_missing,years,"Row is marked PYQ but years is blank, so year-based scoring/filters lose provenance.",Populate the normalized YYYY or YYYY-MM value from source metadata.,
38,CTET 2018 Q37,math,medium,pyq_year_missing,years,"Row is marked PYQ but years is blank, so year-based scoring/filters lose provenance.",Populate the normalized YYYY or YYYY-MM value from source metadata.,
39,CTET 2018 Q38,math,critical,wrong_answer_key,ans,Stored b; correct d — the discovery activity uses the inductive method.,Correct the key after recording a source citation and regression test.,
39,CTET 2018 Q38,math,medium,pyq_year_missing,years,"Row is marked PYQ but years is blank, so year-based scoring/filters lose provenance.",Populate the normalized YYYY or YYYY-MM value from source metadata.,
40,CTET 2018 Q39,math,medium,pyq_year_missing,years,"Row is marked PYQ but years is blank, so year-based scoring/filters lose provenance.",Populate the normalized YYYY or YYYY-MM value from source metadata.,
41,CTET 2018 Q42,math,medium,pyq_year_missing,years,"Row is marked PYQ but years is blank, so year-based scoring/filters lose provenance.",Populate the normalized YYYY or YYYY-MM value from source metadata.,
42,CTET 2018 Q43,math,critical,missing_visual_stimulus,"q_hi,q_en","Number-line point labels A/B are absent. The CSV schema has no media reference, and no Markdown image asset exists upstream.","Restore the original figure and add a supported media/alt-text representation, or remove the item.",
42,CTET 2018 Q43,math,medium,pyq_year_missing,years,"Row is marked PYQ but years is blank, so year-based scoring/filters lose provenance.",Populate the normalized YYYY or YYYY-MM value from source metadata.,
43,CTET 2018 Q44,math,critical,math_expression_lost,"q_hi,q_en",Mixed fractions and packet size are flattened (3 1/4 and 1/16 are not represented correctly).,Restore the original expression with unambiguous Unicode or LaTeX-style serialization and revalidate the key.,
43,CTET 2018 Q44,math,medium,pyq_year_missing,years,"Row is marked PYQ but years is blank, so year-based scoring/filters lose provenance.",Populate the normalized YYYY or YYYY-MM value from source metadata.,
44,CTET 2018 Q45,math,medium,pyq_year_missing,years,"Row is marked PYQ but years is blank, so year-based scoring/filters lose provenance.",Populate the normalized YYYY or YYYY-MM value from source metadata.,
45,CTET 2018 Q46,math,medium,pyq_year_missing,years,"Row is marked PYQ but years is blank, so year-based scoring/filters lose provenance.",Populate the normalized YYYY or YYYY-MM value from source metadata.,
46,CTET 2018 Q47,math,medium,pyq_year_missing,years,"Row is marked PYQ but years is blank, so year-based scoring/filters lose provenance.",Populate the normalized YYYY or YYYY-MM value from source metadata.,
47,CTET 2018 Q48,math,critical,missing_visual_stimulus,"q_hi,q_en","The rectangle/grid is absent. The CSV schema has no media reference, and no Markdown image asset exists upstream.","Restore the original figure and add a supported media/alt-text representation, or remove the item.",
47,CTET 2018 Q48,math,medium,pyq_year_missing,years,"Row is marked PYQ but years is blank, so year-based scoring/filters lose provenance.",Populate the normalized YYYY or YYYY-MM value from source metadata.,
48,CTET 2018 Q49,math,medium,pyq_year_missing,years,"Row is marked PYQ but years is blank, so year-based scoring/filters lose provenance.",Populate the normalized YYYY or YYYY-MM value from source metadata.,
49,CTET 2018 Q51,math,critical,missing_visual_stimulus,"q_hi,q_en","The pie chart is absent. The CSV schema has no media reference, and no Markdown image asset exists upstream.","Restore the original figure and add a supported media/alt-text representation, or remove the item.",
49,CTET 2018 Q51,math,medium,pyq_year_missing,years,"Row is marked PYQ but years is blank, so year-based scoring/filters lose provenance.",Populate the normalized YYYY or YYYY-MM value from source metadata.,
50,CTET 2018 Q53,math,medium,pyq_year_missing,years,"Row is marked PYQ but years is blank, so year-based scoring/filters lose provenance.",Populate the normalized YYYY or YYYY-MM value from source metadata.,
51,CTET 2018 Q54,math,medium,pyq_year_missing,years,"Row is marked PYQ but years is blank, so year-based scoring/filters lose provenance.",Populate the normalized YYYY or YYYY-MM value from source metadata.,
52,CTET 2018 Q55,math,critical,wrong_answer_key,ans,Stored a; correct b — assessment should not focus on precision in answers.,Correct the key after recording a source citation and regression test.,
52,CTET 2018 Q55,math,medium,pyq_year_missing,years,"Row is marked PYQ but years is blank, so year-based scoring/filters lose provenance.",Populate the normalized YYYY or YYYY-MM value from source metadata.,
53,CTET 2018 Q56,math,medium,pyq_year_missing,years,"Row is marked PYQ but years is blank, so year-based scoring/filters lose provenance.",Populate the normalized YYYY or YYYY-MM value from source metadata.,
54,CTET 2018 Q57,math,critical,missing_visual_stimulus,"q_hi,q_en","The child’s worked subtraction is absent. The CSV schema has no media reference, and no Markdown image asset exists upstream.","Restore the original figure and add a supported media/alt-text representation, or remove the item.",
54,CTET 2018 Q57,math,medium,pyq_year_missing,years,"Row is marked PYQ but years is blank, so year-based scoring/filters lose provenance.",Populate the normalized YYYY or YYYY-MM value from source metadata.,
55,CTET 2018 Q58,math,medium,pyq_year_missing,years,"Row is marked PYQ but years is blank, so year-based scoring/filters lose provenance.",Populate the normalized YYYY or YYYY-MM value from source metadata.,
56,CTET 2018 Q59,math,medium,pyq_year_missing,years,"Row is marked PYQ but years is blank, so year-based scoring/filters lose provenance.",Populate the normalized YYYY or YYYY-MM value from source metadata.,
57,CTET 2018 Q60,math,medium,pyq_year_missing,years,"Row is marked PYQ but years is blank, so year-based scoring/filters lose provenance.",Populate the normalized YYYY or YYYY-MM value from source metadata.,
58,CTET 2018 Q61,evs,medium,pyq_year_missing,years,"Row is marked PYQ but years is blank, so year-based scoring/filters lose provenance.",Populate the normalized YYYY or YYYY-MM value from source metadata.,
59,CTET 2018 Q62,evs,medium,pyq_year_missing,years,"Row is marked PYQ but years is blank, so year-based scoring/filters lose provenance.",Populate the normalized YYYY or YYYY-MM value from source metadata.,
60,CTET 2018 Q63,evs,medium,pyq_year_missing,years,"Row is marked PYQ but years is blank, so year-based scoring/filters lose provenance.",Populate the normalized YYYY or YYYY-MM value from source metadata.,
61,CTET 2018 Q64,evs,medium,pyq_year_missing,years,"Row is marked PYQ but years is blank, so year-based scoring/filters lose provenance.",Populate the normalized YYYY or YYYY-MM value from source metadata.,
62,CTET 2018 Q65,evs,medium,pyq_year_missing,years,"Row is marked PYQ but years is blank, so year-based scoring/filters lose provenance.",Populate the normalized YYYY or YYYY-MM value from source metadata.,
63,CTET 2018 Q66,evs,medium,pyq_year_missing,years,"Row is marked PYQ but years is blank, so year-based scoring/filters lose provenance.",Populate the normalized YYYY or YYYY-MM value from source metadata.,
64,CTET 2018 Q67,evs,medium,pyq_year_missing,years,"Row is marked PYQ but years is blank, so year-based scoring/filters lose provenance.",Populate the normalized YYYY or YYYY-MM value from source metadata.,
65,CTET 2018 Q68,evs,medium,pyq_year_missing,years,"Row is marked PYQ but years is blank, so year-based scoring/filters lose provenance.",Populate the normalized YYYY or YYYY-MM value from source metadata.,
66,CTET 2018 Q69,evs,medium,pyq_year_missing,years,"Row is marked PYQ but years is blank, so year-based scoring/filters lose provenance.",Populate the normalized YYYY or YYYY-MM value from source metadata.,
67,CTET 2018 Q70,evs,medium,pyq_year_missing,years,"Row is marked PYQ but years is blank, so year-based scoring/filters lose provenance.",Populate the normalized YYYY or YYYY-MM value from source metadata.,
68,CTET 2018 Q71,evs,medium,pyq_year_missing,years,"Row is marked PYQ but years is blank, so year-based scoring/filters lose provenance.",Populate the normalized YYYY or YYYY-MM value from source metadata.,
69,CTET 2018 Q72,evs,critical,wrong_answer_key,ans,Stored c; correct b — the described family-teaching approach is not inclusive.,Correct the key after recording a source citation and regression test.,
69,CTET 2018 Q72,evs,medium,pyq_year_missing,years,"Row is marked PYQ but years is blank, so year-based scoring/filters lose provenance.",Populate the normalized YYYY or YYYY-MM value from source metadata.,
70,CTET 2018 Q73,evs,medium,pyq_year_missing,years,"Row is marked PYQ but years is blank, so year-based scoring/filters lose provenance.",Populate the normalized YYYY or YYYY-MM value from source metadata.,
71,CTET 2018 Q74,evs,medium,pyq_year_missing,years,"Row is marked PYQ but years is blank, so year-based scoring/filters lose provenance.",Populate the normalized YYYY or YYYY-MM value from source metadata.,
72,CTET 2018 Q75,evs,medium,pyq_year_missing,years,"Row is marked PYQ but years is blank, so year-based scoring/filters lose provenance.",Populate the normalized YYYY or YYYY-MM value from source metadata.,
73,CTET 2018 Q76,evs,medium,pyq_year_missing,years,"Row is marked PYQ but years is blank, so year-based scoring/filters lose provenance.",Populate the normalized YYYY or YYYY-MM value from source metadata.,
74,CTET 2018 Q77,evs,medium,pyq_year_missing,years,"Row is marked PYQ but years is blank, so year-based scoring/filters lose provenance.",Populate the normalized YYYY or YYYY-MM value from source metadata.,
75,CTET 2018 Q78,evs,medium,pyq_year_missing,years,"Row is marked PYQ but years is blank, so year-based scoring/filters lose provenance.",Populate the normalized YYYY or YYYY-MM value from source metadata.,
76,CTET 2018 Q79,evs,critical,wrong_answer_key,ans,Stored d; correct b — BALA means Building as Learning Aid.,Correct the key after recording a source citation and regression test.,
76,CTET 2018 Q79,evs,medium,pyq_year_missing,years,"Row is marked PYQ but years is blank, so year-based scoring/filters lose provenance.",Populate the normalized YYYY or YYYY-MM value from source metadata.,
77,CTET 2018 Q80,evs,medium,pyq_year_missing,years,"Row is marked PYQ but years is blank, so year-based scoring/filters lose provenance.",Populate the normalized YYYY or YYYY-MM value from source metadata.,
78,CTET 2018 Q81,evs,critical,wrong_answer_key,ans,Stored d; correct b — ‘Women are weaker than men’ is a stereotype.,Correct the key after recording a source citation and regression test.,
78,CTET 2018 Q81,evs,medium,pyq_year_missing,years,"Row is marked PYQ but years is blank, so year-based scoring/filters lose provenance.",Populate the normalized YYYY or YYYY-MM value from source metadata.,
79,CTET 2018 Q82,evs,medium,pyq_year_missing,years,"Row is marked PYQ but years is blank, so year-based scoring/filters lose provenance.",Populate the normalized YYYY or YYYY-MM value from source metadata.,
80,CTET 2018 Q83,evs,medium,pyq_year_missing,years,"Row is marked PYQ but years is blank, so year-based scoring/filters lose provenance.",Populate the normalized YYYY or YYYY-MM value from source metadata.,
81,CTET 2018 Q84,evs,medium,pyq_year_missing,years,"Row is marked PYQ but years is blank, so year-based scoring/filters lose provenance.",Populate the normalized YYYY or YYYY-MM value from source metadata.,
82,CTET 2018 Q85,evs,critical,wrong_answer_key,ans,Stored c; correct b — NCF-2000 recommended integrated EVS across the primary stage.,Correct the key after recording a source citation and regression test.,
82,CTET 2018 Q85,evs,medium,pyq_year_missing,years,"Row is marked PYQ but years is blank, so year-based scoring/filters lose provenance.",Populate the normalized YYYY or YYYY-MM value from source metadata.,
83,CTET 2018 Q86,evs,medium,pyq_year_missing,years,"Row is marked PYQ but years is blank, so year-based scoring/filters lose provenance.",Populate the normalized YYYY or YYYY-MM value from source metadata.,
84,CTET 2018 Q87,evs,medium,pyq_year_missing,years,"Row is marked PYQ but years is blank, so year-based scoring/filters lose provenance.",Populate the normalized YYYY or YYYY-MM value from source metadata.,
85,CTET 2018 Q88,evs,medium,pyq_year_missing,years,"Row is marked PYQ but years is blank, so year-based scoring/filters lose provenance.",Populate the normalized YYYY or YYYY-MM value from source metadata.,
86,CTET 2018 Q89,evs,medium,pyq_year_missing,years,"Row is marked PYQ but years is blank, so year-based scoring/filters lose provenance.",Populate the normalized YYYY or YYYY-MM value from source metadata.,
87,CTET 2018 Q90,evs,medium,pyq_year_missing,years,"Row is marked PYQ but years is blank, so year-based scoring/filters lose provenance.",Populate the normalized YYYY or YYYY-MM value from source metadata.,
88,CTET 2018 Q91,english,medium,pyq_year_missing,years,"Row is marked PYQ but years is blank, so year-based scoring/filters lose provenance.",Populate the normalized YYYY or YYYY-MM value from source metadata.,
89,CTET 2018 Q92,english,medium,pyq_year_missing,years,"Row is marked PYQ but years is blank, so year-based scoring/filters lose provenance.",Populate the normalized YYYY or YYYY-MM value from source metadata.,
90,CTET 2018 Q93,english,medium,pyq_year_missing,years,"Row is marked PYQ but years is blank, so year-based scoring/filters lose provenance.",Populate the normalized YYYY or YYYY-MM value from source metadata.,
91,CTET 2018 Q94,english,medium,pyq_year_missing,years,"Row is marked PYQ but years is blank, so year-based scoring/filters lose provenance.",Populate the normalized YYYY or YYYY-MM value from source metadata.,
92,CTET 2018 Q95,english,medium,pyq_year_missing,years,"Row is marked PYQ but years is blank, so year-based scoring/filters lose provenance.",Populate the normalized YYYY or YYYY-MM value from source metadata.,
93,CTET 2018 Q96,english,medium,pyq_year_missing,years,"Row is marked PYQ but years is blank, so year-based scoring/filters lose provenance.",Populate the normalized YYYY or YYYY-MM value from source metadata.,
94,CTET 2018 Q97,english,medium,pyq_year_missing,years,"Row is marked PYQ but years is blank, so year-based scoring/filters lose provenance.",Populate the normalized YYYY or YYYY-MM value from source metadata.,
95,CTET 2018 Q98,english,medium,pyq_year_missing,years,"Row is marked PYQ but years is blank, so year-based scoring/filters lose provenance.",Populate the normalized YYYY or YYYY-MM value from source metadata.,
96,CTET 2018 Q99,english,medium,pyq_year_missing,years,"Row is marked PYQ but years is blank, so year-based scoring/filters lose provenance.",Populate the normalized YYYY or YYYY-MM value from source metadata.,
97,CTET 2018 Q100,english,medium,pyq_year_missing,years,"Row is marked PYQ but years is blank, so year-based scoring/filters lose provenance.",Populate the normalized YYYY or YYYY-MM value from source metadata.,
98,CTET 2018 Q101,english,medium,pyq_year_missing,years,"Row is marked PYQ but years is blank, so year-based scoring/filters lose provenance.",Populate the normalized YYYY or YYYY-MM value from source metadata.,
99,CTET 2018 Q102,english,medium,pyq_year_missing,years,"Row is marked PYQ but years is blank, so year-based scoring/filters lose provenance.",Populate the normalized YYYY or YYYY-MM value from source metadata.,
100,CTET 2018 Q103,english,medium,pyq_year_missing,years,"Row is marked PYQ but years is blank, so year-based scoring/filters lose provenance.",Populate the normalized YYYY or YYYY-MM value from source metadata.,
101,CTET 2018 Q104,english,medium,pyq_year_missing,years,"Row is marked PYQ but years is blank, so year-based scoring/filters lose provenance.",Populate the normalized YYYY or YYYY-MM value from source metadata.,
102,CTET 2018 Q105,english,medium,pyq_year_missing,years,"Row is marked PYQ but years is blank, so year-based scoring/filters lose provenance.",Populate the normalized YYYY or YYYY-MM value from source metadata.,
103,CTET 2018 Q106,english,medium,pyq_year_missing,years,"Row is marked PYQ but years is blank, so year-based scoring/filters lose provenance.",Populate the normalized YYYY or YYYY-MM value from source metadata.,
104,CTET 2018 Q107,english,medium,pyq_year_missing,years,"Row is marked PYQ but years is blank, so year-based scoring/filters lose provenance.",Populate the normalized YYYY or YYYY-MM value from source metadata.,
105,CTET 2018 Q108,english,medium,pyq_year_missing,years,"Row is marked PYQ but years is blank, so year-based scoring/filters lose provenance.",Populate the normalized YYYY or YYYY-MM value from source metadata.,
106,CTET 2018 Q109,english,medium,pyq_year_missing,years,"Row is marked PYQ but years is blank, so year-based scoring/filters lose provenance.",Populate the normalized YYYY or YYYY-MM value from source metadata.,
107,CTET 2018 Q110,english,medium,pyq_year_missing,years,"Row is marked PYQ but years is blank, so year-based scoring/filters lose provenance.",Populate the normalized YYYY or YYYY-MM value from source metadata.,
108,CTET 2018 Q111,english,medium,pyq_year_missing,years,"Row is marked PYQ but years is blank, so year-based scoring/filters lose provenance.",Populate the normalized YYYY or YYYY-MM value from source metadata.,
109,CTET 2018 Q112,english,medium,pyq_year_missing,years,"Row is marked PYQ but years is blank, so year-based scoring/filters lose provenance.",Populate the normalized YYYY or YYYY-MM value from source metadata.,
110,CTET 2018 Q113,english,medium,pyq_year_missing,years,"Row is marked PYQ but years is blank, so year-based scoring/filters lose provenance.",Populate the normalized YYYY or YYYY-MM value from source metadata.,
111,CTET 2018 Q114,english,medium,pyq_year_missing,years,"Row is marked PYQ but years is blank, so year-based scoring/filters lose provenance.",Populate the normalized YYYY or YYYY-MM value from source metadata.,
112,CTET 2018 Q115,english,medium,pyq_year_missing,years,"Row is marked PYQ but years is blank, so year-based scoring/filters lose provenance.",Populate the normalized YYYY or YYYY-MM value from source metadata.,
113,CTET 2018 Q116,english,medium,pyq_year_missing,years,"Row is marked PYQ but years is blank, so year-based scoring/filters lose provenance.",Populate the normalized YYYY or YYYY-MM value from source metadata.,
114,CTET 2018 Q117,english,medium,pyq_year_missing,years,"Row is marked PYQ but years is blank, so year-based scoring/filters lose provenance.",Populate the normalized YYYY or YYYY-MM value from source metadata.,
115,CTET 2018 Q118,english,medium,pyq_year_missing,years,"Row is marked PYQ but years is blank, so year-based scoring/filters lose provenance.",Populate the normalized YYYY or YYYY-MM value from source metadata.,
116,CTET 2018 Q119,english,medium,pyq_year_missing,years,"Row is marked PYQ but years is blank, so year-based scoring/filters lose provenance.",Populate the normalized YYYY or YYYY-MM value from source metadata.,
117,CTET 2018 Q120,english,medium,pyq_year_missing,years,"Row is marked PYQ but years is blank, so year-based scoring/filters lose provenance.",Populate the normalized YYYY or YYYY-MM value from source metadata.,
118,CTET 2018 Q121,hindi,medium,pyq_year_missing,years,"Row is marked PYQ but years is blank, so year-based scoring/filters lose provenance.",Populate the normalized YYYY or YYYY-MM value from source metadata.,
119,CTET 2018 Q122,hindi,medium,pyq_year_missing,years,"Row is marked PYQ but years is blank, so year-based scoring/filters lose provenance.",Populate the normalized YYYY or YYYY-MM value from source metadata.,
120,CTET 2018 Q123,hindi,medium,pyq_year_missing,years,"Row is marked PYQ but years is blank, so year-based scoring/filters lose provenance.",Populate the normalized YYYY or YYYY-MM value from source metadata.,
121,CTET 2018 Q124,hindi,medium,pyq_year_missing,years,"Row is marked PYQ but years is blank, so year-based scoring/filters lose provenance.",Populate the normalized YYYY or YYYY-MM value from source metadata.,
122,CTET 2018 Q125,hindi,medium,pyq_year_missing,years,"Row is marked PYQ but years is blank, so year-based scoring/filters lose provenance.",Populate the normalized YYYY or YYYY-MM value from source metadata.,
123,CTET 2018 Q126,hindi,medium,pyq_year_missing,years,"Row is marked PYQ but years is blank, so year-based scoring/filters lose provenance.",Populate the normalized YYYY or YYYY-MM value from source metadata.,
124,CTET 2018 Q127,hindi,medium,pyq_year_missing,years,"Row is marked PYQ but years is blank, so year-based scoring/filters lose provenance.",Populate the normalized YYYY or YYYY-MM value from source metadata.,
125,CTET 2018 Q128,hindi,medium,pyq_year_missing,years,"Row is marked PYQ but years is blank, so year-based scoring/filters lose provenance.",Populate the normalized YYYY or YYYY-MM value from source metadata.,
126,CTET 2018 Q129,hindi,medium,pyq_year_missing,years,"Row is marked PYQ but years is blank, so year-based scoring/filters lose provenance.",Populate the normalized YYYY or YYYY-MM value from source metadata.,
127,CTET 2018 Q130,hindi,medium,pyq_year_missing,years,"Row is marked PYQ but years is blank, so year-based scoring/filters lose provenance.",Populate the normalized YYYY or YYYY-MM value from source metadata.,
128,CTET 2018 Q131,hindi,medium,pyq_year_missing,years,"Row is marked PYQ but years is blank, so year-based scoring/filters lose provenance.",Populate the normalized YYYY or YYYY-MM value from source metadata.,
129,CTET 2018 Q132,hindi,medium,pyq_year_missing,years,"Row is marked PYQ but years is blank, so year-based scoring/filters lose provenance.",Populate the normalized YYYY or YYYY-MM value from source metadata.,
130,CTET 2018 Q133,hindi,medium,pyq_year_missing,years,"Row is marked PYQ but years is blank, so year-based scoring/filters lose provenance.",Populate the normalized YYYY or YYYY-MM value from source metadata.,
131,CTET 2018 Q134,hindi,medium,pyq_year_missing,years,"Row is marked PYQ but years is blank, so year-based scoring/filters lose provenance.",Populate the normalized YYYY or YYYY-MM value from source metadata.,
132,CTET 2018 Q135,hindi,medium,pyq_year_missing,years,"Row is marked PYQ but years is blank, so year-based scoring/filters lose provenance.",Populate the normalized YYYY or YYYY-MM value from source metadata.,
133,CTET 2018 Q136,hindi,medium,pyq_year_missing,years,"Row is marked PYQ but years is blank, so year-based scoring/filters lose provenance.",Populate the normalized YYYY or YYYY-MM value from source metadata.,
134,CTET 2018 Q137,hindi,medium,pyq_year_missing,years,"Row is marked PYQ but years is blank, so year-based scoring/filters lose provenance.",Populate the normalized YYYY or YYYY-MM value from source metadata.,
135,CTET 2018 Q138,hindi,medium,pyq_year_missing,years,"Row is marked PYQ but years is blank, so year-based scoring/filters lose provenance.",Populate the normalized YYYY or YYYY-MM value from source metadata.,
136,CTET 2018 Q139,hindi,medium,pyq_year_missing,years,"Row is marked PYQ but years is blank, so year-based scoring/filters lose provenance.",Populate the normalized YYYY or YYYY-MM value from source metadata.,
137,CTET 2018 Q140,hindi,medium,pyq_year_missing,years,"Row is marked PYQ but years is blank, so year-based scoring/filters lose provenance.",Populate the normalized YYYY or YYYY-MM value from source metadata.,
138,CTET 2018 Q141,hindi,medium,pyq_year_missing,years,"Row is marked PYQ but years is blank, so year-based scoring/filters lose provenance.",Populate the normalized YYYY or YYYY-MM value from source metadata.,
139,CTET 2018 Q142,hindi,medium,pyq_year_missing,years,"Row is marked PYQ but years is blank, so year-based scoring/filters lose provenance.",Populate the normalized YYYY or YYYY-MM value from source metadata.,
140,CTET 2018 Q143,hindi,medium,pyq_year_missing,years,"Row is marked PYQ but years is blank, so year-based scoring/filters lose provenance.",Populate the normalized YYYY or YYYY-MM value from source metadata.,
141,CTET 2018 Q144,hindi,medium,pyq_year_missing,years,"Row is marked PYQ but years is blank, so year-based scoring/filters lose provenance.",Populate the normalized YYYY or YYYY-MM value from source metadata.,
142,CTET 2018 Q145,hindi,medium,pyq_year_missing,years,"Row is marked PYQ but years is blank, so year-based scoring/filters lose provenance.",Populate the normalized YYYY or YYYY-MM value from source metadata.,
143,CTET 2018 Q146,hindi,medium,pyq_year_missing,years,"Row is marked PYQ but years is blank, so year-based scoring/filters lose provenance.",Populate the normalized YYYY or YYYY-MM value from source metadata.,
144,CTET 2018 Q147,hindi,medium,pyq_year_missing,years,"Row is marked PYQ but years is blank, so year-based scoring/filters lose provenance.",Populate the normalized YYYY or YYYY-MM value from source metadata.,
146,CTET 2018 Q149,hindi,medium,pyq_year_missing,years,"Row is marked PYQ but years is blank, so year-based scoring/filters lose provenance.",Populate the normalized YYYY or YYYY-MM value from source metadata.,
147,CTET 2018 Q150,hindi,medium,pyq_year_missing,years,"Row is marked PYQ but years is blank, so year-based scoring/filters lose provenance.",Populate the normalized YYYY or YYYY-MM value from source metadata.,
148,"CTET Bank CDP Questiins for Paper-1 Q1 [CTET (I-V) 9 December, 2018]",cdp,high,unrelated_preamble_or_ocr_garbage,"q_hi,q_en","The stem includes unrelated chapter headings, preceding explanations/questions, lists, or OCR debris before the actual question.",Delete unrelated text and retain one complete canonical stem only.,
148,"CTET Bank CDP Questiins for Paper-1 Q1 [CTET (I-V) 9 December, 2018]",cdp,medium,pyq_year_missing,years,"Row is marked PYQ but years is blank, so year-based scoring/filters lose provenance.",Populate the normalized YYYY or YYYY-MM value from source metadata.,
172,CTET Bank CDP Questiins for Paper-1 Q26 [CTET Paper - I (Class I-V) 22 Feb 2015],cdp,high,wrong_option_text,"d_hi,d_en",The official Feb-2015 item has ‘6 to 11 years’; this row says ‘9 to 12 years’.,Replace option d in both languages with 6 to 11 years and retain d as the key.,4518
184,CTET Bank CDP Questiins for Paper-1 Q38 [UK TET Paper - I (Class I-V) 2014],cdp,medium,scope_non_ctet_exam,"exams,source,is_pyq,years",Source tag identifies a non-CTET exam: [UK TET Paper - I (Class I-V) 2014].,Keep only if cross-TET practice is intentional; otherwise remove from the CTET bank or relabel exam provenance.,
185,CTET Bank CDP Questiins for Paper-1 Q39 [MP TET Paper - I (Class I-V) 2011],cdp,medium,scope_non_ctet_exam,"exams,source,is_pyq,years",Source tag identifies a non-CTET exam: [MP TET Paper - I (Class I-V) 2011].,Keep only if cross-TET practice is intentional; otherwise remove from the CTET bank or relabel exam provenance.,
187,CTET Bank CDP Questiins for Paper-1 Q41 [Jharkhand TET Paper - I (Class I-V) 2011],cdp,medium,scope_non_ctet_exam,"exams,source,is_pyq,years",Source tag identifies a non-CTET exam: [Jharkhand TET Paper - I (Class I-V) 2011].,Keep only if cross-TET practice is intentional; otherwise remove from the CTET bank or relabel exam provenance.,
191,CTET Bank CDP Questiins for Paper-1 Q45 [UK TET Paper - I (Class I-V) 2014],cdp,medium,scope_non_ctet_exam,"exams,source,is_pyq,years",Source tag identifies a non-CTET exam: [UK TET Paper - I (Class I-V) 2014].,Keep only if cross-TET practice is intentional; otherwise remove from the CTET bank or relabel exam provenance.,
200,CTET Bank CDP Questiins for Paper-1 Q54 [Jharkhand TET Paper - I (Class I-V) 2011],cdp,medium,scope_non_ctet_exam,"exams,source,is_pyq,years",Source tag identifies a non-CTET exam: [Jharkhand TET Paper - I (Class I-V) 2011].,Keep only if cross-TET practice is intentional; otherwise remove from the CTET bank or relabel exam provenance.,
212,CTET Bank CDP Questiins for Paper-1 Q66 [MP TET Paper - I (Class I-V) 2011],cdp,medium,scope_non_ctet_exam,"exams,source,is_pyq,years",Source tag identifies a non-CTET exam: [MP TET Paper - I (Class I-V) 2011].,Keep only if cross-TET practice is intentional; otherwise remove from the CTET bank or relabel exam provenance.,
213,CTET Bank CDP Questiins for Paper-1 Q67 [MP TET Paper - I (Class I-V) 2011],cdp,medium,scope_non_ctet_exam,"exams,source,is_pyq,years",Source tag identifies a non-CTET exam: [MP TET Paper - I (Class I-V) 2011].,Keep only if cross-TET practice is intentional; otherwise remove from the CTET bank or relabel exam provenance.,
214,CTET Bank CDP Questiins for Paper-1 Q68 [MP TET Paper - I (Class I-V) 2011],cdp,medium,scope_non_ctet_exam,"exams,source,is_pyq,years",Source tag identifies a non-CTET exam: [MP TET Paper - I (Class I-V) 2011].,Keep only if cross-TET practice is intentional; otherwise remove from the CTET bank or relabel exam provenance.,
224,CTET Bank CDP Questiins for Paper-1 Q78 [MP TET Paper - I (Class I-V) 2011],cdp,medium,scope_non_ctet_exam,"exams,source,is_pyq,years",Source tag identifies a non-CTET exam: [MP TET Paper - I (Class I-V) 2011].,Keep only if cross-TET practice is intentional; otherwise remove from the CTET bank or relabel exam provenance.,
227,CTET Bank CDP Questiins for Paper-1 Q81 [UK TET Paper - I (Class I-V) 2014],cdp,medium,scope_non_ctet_exam,"exams,source,is_pyq,years",Source tag identifies a non-CTET exam: [UK TET Paper - I (Class I-V) 2014].,Keep only if cross-TET practice is intentional; otherwise remove from the CTET bank or relabel exam provenance.,
239,CTET Bank CDP Questiins for Paper-1 Q93 [CTET Paper - I (Class I-V) 22 Feb 2015],cdp,medium,pyq_year_missing,years,"Row is marked PYQ but years is blank, so year-based scoring/filters lose provenance.",Populate the normalized YYYY or YYYY-MM value from source metadata.,
272,CTET Bank CDP Questiins for Paper-1 Q126 [MP TET Paper - I (Class I-V) 2011],cdp,medium,scope_non_ctet_exam,"exams,source,is_pyq,years",Source tag identifies a non-CTET exam: [MP TET Paper - I (Class I-V) 2011].,Keep only if cross-TET practice is intentional; otherwise remove from the CTET bank or relabel exam provenance.,
281,CTET Bank CDP Questiins for Paper-1 Q135 [Jharkhand TET Paper - I (Class I-V) 2011],cdp,medium,scope_non_ctet_exam,"exams,source,is_pyq,years",Source tag identifies a non-CTET exam: [Jharkhand TET Paper - I (Class I-V) 2011].,Keep only if cross-TET practice is intentional; otherwise remove from the CTET bank or relabel exam provenance.,
290,CTET Bank CDP Questiins for Paper-1 Q144 [Jharkhand TET Paper - I (Class I-V) 2011],cdp,medium,scope_non_ctet_exam,"exams,source,is_pyq,years",Source tag identifies a non-CTET exam: [Jharkhand TET Paper - I (Class I-V) 2011].,Keep only if cross-TET practice is intentional; otherwise remove from the CTET bank or relabel exam provenance.,
305,CTET Bank CDP Questiins for Paper-1 Q159,cdp,critical,wrong_answer_key,ans,Stored b; correct a — school and neighbourhood are secondary socialisation agents.,Correct the key after recording a source citation and regression test.,
318,CTET Bank CDP Questiins for Paper-1 Q172 [MP TET Paper - I (Class I-V) 2011],cdp,medium,scope_non_ctet_exam,"exams,source,is_pyq,years",Source tag identifies a non-CTET exam: [MP TET Paper - I (Class I-V) 2011].,Keep only if cross-TET practice is intentional; otherwise remove from the CTET bank or relabel exam provenance.,
319,CTET Bank CDP Questiins for Paper-1 Q173 [MP TET Paper - I (Class I-V) 2011],cdp,medium,scope_non_ctet_exam,"exams,source,is_pyq,years",Source tag identifies a non-CTET exam: [MP TET Paper - I (Class I-V) 2011].,Keep only if cross-TET practice is intentional; otherwise remove from the CTET bank or relabel exam provenance.,
327,CTET Bank CDP Questiins for Paper-1 Q181 [MP TET Paper - I (Class I-V) 2011],cdp,medium,scope_non_ctet_exam,"exams,source,is_pyq,years",Source tag identifies a non-CTET exam: [MP TET Paper - I (Class I-V) 2011].,Keep only if cross-TET practice is intentional; otherwise remove from the CTET bank or relabel exam provenance.,
336,CTET Bank CDP Questiins for Paper-1 Q190 [CTET Paper - I (Class I-V) 20 Sep 2015],cdp,medium,pyq_year_missing,years,"Row is marked PYQ but years is blank, so year-based scoring/filters lose provenance.",Populate the normalized YYYY or YYYY-MM value from source metadata.,
340,CTET Bank CDP Questiins for Paper-1 Q194 [MP TET Paper - I (Class I-V) 2011],cdp,medium,scope_non_ctet_exam,"exams,source,is_pyq,years",Source tag identifies a non-CTET exam: [MP TET Paper - I (Class I-V) 2011].,Keep only if cross-TET practice is intentional; otherwise remove from the CTET bank or relabel exam provenance.,
341,CTET Bank CDP Questiins for Paper-1 Q195 [MP TET Paper - I (Class I-V) 2011],cdp,medium,scope_non_ctet_exam,"exams,source,is_pyq,years",Source tag identifies a non-CTET exam: [MP TET Paper - I (Class I-V) 2011].,Keep only if cross-TET practice is intentional; otherwise remove from the CTET bank or relabel exam provenance.,
346,CTET Bank CDP Questiins for Paper-1 Q200 [MP TET Paper - I (Class I-V) 2011],cdp,medium,scope_non_ctet_exam,"exams,source,is_pyq,years",Source tag identifies a non-CTET exam: [MP TET Paper - I (Class I-V) 2011].,Keep only if cross-TET practice is intentional; otherwise remove from the CTET bank or relabel exam provenance.,
349,CTET Bank CDP Questiins for Paper-1 Q203,cdp,high,scope_paper2_source_match,"exams,source","Row is classified as ctet1, but its bank label, question number, and normalized stem match a source Markdown block marked Paper II/Classes VI-VIII, with no Paper-I marker in that block.",Move to ctet2 or remove from the Paper-I bank after provenance review.,
350,CTET Bank CDP Questiins for Paper-1 Q204 [UPTET Paper - I (Class I-V) 21 Feb 2016],cdp,medium,scope_non_ctet_exam,"exams,source,is_pyq,years",Source tag identifies a non-CTET exam: [UPTET Paper - I (Class I-V) 21 Feb 2016].,Keep only if cross-TET practice is intentional; otherwise remove from the CTET bank or relabel exam provenance.,
359,CTET Bank CDP Questiins for Paper-1 Q213 [Jharkhand TET Paper - I (Class I-V) 2011],cdp,medium,scope_non_ctet_exam,"exams,source,is_pyq,years",Source tag identifies a non-CTET exam: [Jharkhand TET Paper - I (Class I-V) 2011].,Keep only if cross-TET practice is intentional; otherwise remove from the CTET bank or relabel exam provenance.,
361,CTET Bank CDP Questiins for Paper-1 Q215 [MP TET Paper - I (Class I-V) 2011],cdp,medium,scope_non_ctet_exam,"exams,source,is_pyq,years",Source tag identifies a non-CTET exam: [MP TET Paper - I (Class I-V) 2011].,Keep only if cross-TET practice is intentional; otherwise remove from the CTET bank or relabel exam provenance.,
377,CTET Bank CDP Questiins for Paper-1 Q14 [MP TET Paper - I (Class I-V) 2011],cdp,medium,scope_non_ctet_exam,"exams,source,is_pyq,years",Source tag identifies a non-CTET exam: [MP TET Paper - I (Class I-V) 2011].,Keep only if cross-TET practice is intentional; otherwise remove from the CTET bank or relabel exam provenance.,
380,CTET Bank CDP Questiins for Paper-1 Q17 [Jharkhand TET Paper - I (Class I-V) 2011],cdp,medium,scope_non_ctet_exam,"exams,source,is_pyq,years",Source tag identifies a non-CTET exam: [Jharkhand TET Paper - I (Class I-V) 2011].,Keep only if cross-TET practice is intentional; otherwise remove from the CTET bank or relabel exam provenance.,
383,CTET Bank CDP Questiins for Paper-1 Q20 [MP TET Paper - I (Class I-V) 2011],cdp,medium,scope_non_ctet_exam,"exams,source,is_pyq,years",Source tag identifies a non-CTET exam: [MP TET Paper - I (Class I-V) 2011].,Keep only if cross-TET practice is intentional; otherwise remove from the CTET bank or relabel exam provenance.,
385,CTET Bank CDP Questiins for Paper-1 Q22 [MP TET Paper - I (Class I-V) 2011],cdp,medium,scope_non_ctet_exam,"exams,source,is_pyq,years",Source tag identifies a non-CTET exam: [MP TET Paper - I (Class I-V) 2011].,Keep only if cross-TET practice is intentional; otherwise remove from the CTET bank or relabel exam provenance.,
402,CTET Bank CDP Questiins for Paper-1 Q17 [UK TET Paper - I (Class I-V) 2014],cdp,medium,scope_non_ctet_exam,"exams,source,is_pyq,years",Source tag identifies a non-CTET exam: [UK TET Paper - I (Class I-V) 2014].,Keep only if cross-TET practice is intentional; otherwise remove from the CTET bank or relabel exam provenance.,
427,CTET Bank CDP Questiins for Paper-1 Q13 [MP TET Paper - I (Class I-V) 2011],cdp,medium,scope_non_ctet_exam,"exams,source,is_pyq,years",Source tag identifies a non-CTET exam: [MP TET Paper - I (Class I-V) 2011].,Keep only if cross-TET practice is intentional; otherwise remove from the CTET bank or relabel exam provenance.,
464,CTET Bank CDP Questiins for Paper-1 Q50 [CTET Paper - I (Class I-V) 21 Feb 2016],cdp,medium,pyq_year_missing,years,"Row is marked PYQ but years is blank, so year-based scoring/filters lose provenance.",Populate the normalized YYYY or YYYY-MM value from source metadata.,
465,CTET Bank CDP Questiins for Paper-1 Q51 [CTET Paper - I (Class I-V) 20 Sep 2015],cdp,medium,pyq_year_missing,years,"Row is marked PYQ but years is blank, so year-based scoring/filters lose provenance.",Populate the normalized YYYY or YYYY-MM value from source metadata.,
478,CTET Bank CDP Questiins for Paper-1 Q64 [MP TET Paper - I (Class I-V) 2011],cdp,medium,scope_non_ctet_exam,"exams,source,is_pyq,years",Source tag identifies a non-CTET exam: [MP TET Paper - I (Class I-V) 2011].,Keep only if cross-TET practice is intentional; otherwise remove from the CTET bank or relabel exam provenance.,
495,CTET Bank CDP Questiins for Paper-1 Q82 [CTET Paper - I (Class I-V) 21 Feb 2016],cdp,medium,pyq_year_missing,years,"Row is marked PYQ but years is blank, so year-based scoring/filters lose provenance.",Populate the normalized YYYY or YYYY-MM value from source metadata.,
509,CTET Bank CDP Questiins for Paper-1 Q10 [UK TET Paper - I (Class I-V) 29 Jan 2011],cdp,medium,scope_non_ctet_exam,"exams,source,is_pyq,years",Source tag identifies a non-CTET exam: [UK TET Paper - I (Class I-V) 29 Jan 2011].,Keep only if cross-TET practice is intentional; otherwise remove from the CTET bank or relabel exam provenance.,
545,CTET Bank CDP Questiins for Paper-1 Q46 [Jharkhand TET Paper - I (Class I-V) 2011],cdp,medium,scope_non_ctet_exam,"exams,source,is_pyq,years",Source tag identifies a non-CTET exam: [Jharkhand TET Paper - I (Class I-V) 2011].,Keep only if cross-TET practice is intentional; otherwise remove from the CTET bank or relabel exam provenance.,
554,CTET Bank CDP Questiins for Paper-1 Q55,cdp,high,scope_upper_primary_probable,"exams,q_hi,q_en",The stem explicitly targets upper-primary or Class VI/VII/VIII while the row is ctet1.,Review provenance; move to ctet2 unless the official Paper-I source is verified.,
555,CTET Bank CDP Questiins for Paper-1 Q56 [Jharkhand TET Paper - I (Class I-V) 2011],cdp,medium,scope_non_ctet_exam,"exams,source,is_pyq,years",Source tag identifies a non-CTET exam: [Jharkhand TET Paper - I (Class I-V) 2011].,Keep only if cross-TET practice is intentional; otherwise remove from the CTET bank or relabel exam provenance.,
556,CTET Bank CDP Questiins for Paper-1 Q57 [UK TET Paper - I (Class I-V) 2014],cdp,medium,scope_non_ctet_exam,"exams,source,is_pyq,years",Source tag identifies a non-CTET exam: [UK TET Paper - I (Class I-V) 2014].,Keep only if cross-TET practice is intentional; otherwise remove from the CTET bank or relabel exam provenance.,
565,CTET Bank CDP Questiins for Paper-1 Q66 [UPTET Paper - I (Class I-V) 21 Feb 2016],cdp,medium,scope_non_ctet_exam,"exams,source,is_pyq,years",Source tag identifies a non-CTET exam: [UPTET Paper - I (Class I-V) 21 Feb 2016].,Keep only if cross-TET practice is intentional; otherwise remove from the CTET bank or relabel exam provenance.,
584,"CTET Bank CDP Questiins for Paper-1 Q85 [CTET (I-V) 9 December, 2018]",cdp,medium,pyq_year_missing,years,"Row is marked PYQ but years is blank, so year-based scoring/filters lose provenance.",Populate the normalized YYYY or YYYY-MM value from source metadata.,
591,CTET Bank CDP Questiins for Paper-1 Q92 [CTET Paper - I (Class I-V) 20 Sep 2015],cdp,medium,pyq_year_missing,years,"Row is marked PYQ but years is blank, so year-based scoring/filters lose provenance.",Populate the normalized YYYY or YYYY-MM value from source metadata.,
605,CTET Bank CDP Questiins for Paper-1 Q106 [Jharkhand TET Paper - I (Class I-V) 2011],cdp,medium,scope_non_ctet_exam,"exams,source,is_pyq,years",Source tag identifies a non-CTET exam: [Jharkhand TET Paper - I (Class I-V) 2011].,Keep only if cross-TET practice is intentional; otherwise remove from the CTET bank or relabel exam provenance.,
606,CTET Bank CDP Questiins for Paper-1 Q107 [UK TET Paper - I (Class I-V) 2014],cdp,medium,scope_non_ctet_exam,"exams,source,is_pyq,years",Source tag identifies a non-CTET exam: [UK TET Paper - I (Class I-V) 2014].,Keep only if cross-TET practice is intentional; otherwise remove from the CTET bank or relabel exam provenance.,
617,CTET Bank CDP Questiins for Paper-1 Q118 [UK TET Paper - I (Class I-V) 29 Jan 2011],cdp,medium,scope_non_ctet_exam,"exams,source,is_pyq,years",Source tag identifies a non-CTET exam: [UK TET Paper - I (Class I-V) 29 Jan 2011].,Keep only if cross-TET practice is intentional; otherwise remove from the CTET bank or relabel exam provenance.,
619,CTET Bank CDP Questiins for Paper-1 Q120 [UK TET Paper - I (Class I-V) 29 Jan 2011],cdp,medium,scope_non_ctet_exam,"exams,source,is_pyq,years",Source tag identifies a non-CTET exam: [UK TET Paper - I (Class I-V) 29 Jan 2011].,Keep only if cross-TET practice is intentional; otherwise remove from the CTET bank or relabel exam provenance.,
623,CTET Bank CDP Questiins for Paper-1 Q1 [CTET (I-V) 7 July 2019],cdp,critical,bilingual_semantic_mismatch,"q_hi,q_en,a_hi,b_hi,c_hi,d_hi,a_en,b_en,c_en,d_en",Hindi contains unrelated chapter material and asks about RTE 2009; English asks about two child-freedom principles.,Re-translate from one verified canonical question and align option meanings and key across languages.,
623,CTET Bank CDP Questiins for Paper-1 Q1 [CTET (I-V) 7 July 2019],cdp,high,unrelated_preamble_or_ocr_garbage,"q_hi,q_en","The stem includes unrelated chapter headings, preceding explanations/questions, lists, or OCR debris before the actual question.",Delete unrelated text and retain one complete canonical stem only.,
623,CTET Bank CDP Questiins for Paper-1 Q1 [CTET (I-V) 7 July 2019],cdp,medium,pyq_year_missing,years,"Row is marked PYQ but years is blank, so year-based scoring/filters lose provenance.",Populate the normalized YYYY or YYYY-MM value from source metadata.,
624,CTET Bank CDP Questiins for Paper-1 Q2 [CTET (I-V) 7 July 2019],cdp,medium,pyq_year_missing,years,"Row is marked PYQ but years is blank, so year-based scoring/filters lose provenance.",Populate the normalized YYYY or YYYY-MM value from source metadata.,
642,CTET Bank CDP Questiins for Paper-1 Q22,cdp,critical,wrong_answer_key,ans,Stored b; correct c — learning disability is a variable state.,Correct the key after recording a source citation and regression test.,
650,CTET Bank CDP Questiins for Paper-1 Q30 [CTET Paper -I (Class (I-V) 26 June 2011],cdp,medium,pyq_year_missing,years,"Row is marked PYQ but years is blank, so year-based scoring/filters lose provenance.",Populate the normalized YYYY or YYYY-MM value from source metadata.,
656,CTET Bank CDP Questiins for Paper-1 Q36,cdp,high,duplicate_or_lost_option,"a_hi,b_hi,c_hi,d_hi,a_en,b_en,c_en,d_en",English options c and d are both ‘child/system’; Hindi d is child/environment.,Restore distinct complete options from the source and revalidate the answer index.,
694,CTET Bank CDP Questiins for Paper-1 Q74 [MP TET Paper - I (Class I-V) 2011],cdp,medium,scope_non_ctet_exam,"exams,source,is_pyq,years",Source tag identifies a non-CTET exam: [MP TET Paper - I (Class I-V) 2011].,Keep only if cross-TET practice is intentional; otherwise remove from the CTET bank or relabel exam provenance.,
713,CTET Bank CDP Questiins for Paper-1 Q93 [UK TET Paper - I (Class I-V) 2014],cdp,medium,scope_non_ctet_exam,"exams,source,is_pyq,years",Source tag identifies a non-CTET exam: [UK TET Paper - I (Class I-V) 2014].,Keep only if cross-TET practice is intentional; otherwise remove from the CTET bank or relabel exam provenance.,
718,CTET Bank CDP Questiins for Paper-1 Q98 [Jharkhand TET Paper - I (Class I-V) 2011],cdp,medium,scope_non_ctet_exam,"exams,source,is_pyq,years",Source tag identifies a non-CTET exam: [Jharkhand TET Paper - I (Class I-V) 2011].,Keep only if cross-TET practice is intentional; otherwise remove from the CTET bank or relabel exam provenance.,
719,CTET Bank CDP Questiins for Paper-1 Q99 [UK TET Paper - I (Class I-V) 29 Jan 2011],cdp,medium,scope_non_ctet_exam,"exams,source,is_pyq,years",Source tag identifies a non-CTET exam: [UK TET Paper - I (Class I-V) 29 Jan 2011].,Keep only if cross-TET practice is intentional; otherwise remove from the CTET bank or relabel exam provenance.,
723,CTET Bank CDP Questiins for Paper-1 Q1 [CTET (I-V) 7 July 2019],cdp,medium,pyq_year_missing,years,"Row is marked PYQ but years is blank, so year-based scoring/filters lose provenance.",Populate the normalized YYYY or YYYY-MM value from source metadata.,
732,CTET Bank CDP Questiins for Paper-1 Q10 [CTET Paper - I (Class I-V) 20 Sep 2015],cdp,medium,pyq_year_missing,years,"Row is marked PYQ but years is blank, so year-based scoring/filters lose provenance.",Populate the normalized YYYY or YYYY-MM value from source metadata.,
733,CTET Bank CDP Questiins for Paper-1 Q11 [CTET Paper - I (Class I-V) 21 Feb 2016],cdp,medium,pyq_year_missing,years,"Row is marked PYQ but years is blank, so year-based scoring/filters lose provenance.",Populate the normalized YYYY or YYYY-MM value from source metadata.,
736,CTET Bank CDP Questiins for Paper-1 Q14 [Jharkhand TET Paper - I (Class I-V) 2011],cdp,medium,scope_non_ctet_exam,"exams,source,is_pyq,years",Source tag identifies a non-CTET exam: [Jharkhand TET Paper - I (Class I-V) 2011].,Keep only if cross-TET practice is intentional; otherwise remove from the CTET bank or relabel exam provenance.,
745,CTET Bank CDP Questiins for Paper-1 Q1 [CTET Paper - I (Class I-V) 21 Sep 2014],cdp,medium,pyq_year_missing,years,"Row is marked PYQ but years is blank, so year-based scoring/filters lose provenance.",Populate the normalized YYYY or YYYY-MM value from source metadata.,
759,CTET Bank CDP Questiins for Paper-1 Q16 [Jharkhand TET Paper - I (Class I-V) 2011],cdp,medium,scope_non_ctet_exam,"exams,source,is_pyq,years",Source tag identifies a non-CTET exam: [Jharkhand TET Paper - I (Class I-V) 2011].,Keep only if cross-TET practice is intentional; otherwise remove from the CTET bank or relabel exam provenance.,
760,CTET Bank CDP Questiins for Paper-1 Q17 [Jharkhand TET Paper - I (Class I-V) 2011],cdp,medium,scope_non_ctet_exam,"exams,source,is_pyq,years",Source tag identifies a non-CTET exam: [Jharkhand TET Paper - I (Class I-V) 2011].,Keep only if cross-TET practice is intentional; otherwise remove from the CTET bank or relabel exam provenance.,
764,CTET Bank CDP Questiins for Paper-1 Q21 [UK TET Paper - I (Class I-V) 29 Jan 2011],cdp,medium,scope_non_ctet_exam,"exams,source,is_pyq,years",Source tag identifies a non-CTET exam: [UK TET Paper - I (Class I-V) 29 Jan 2011].,Keep only if cross-TET practice is intentional; otherwise remove from the CTET bank or relabel exam provenance.,
774,CTET Bank CDP Questiins for Paper-1 Q6 [CTET Paper - I (Class I-V) 21 Feb 2016],cdp,medium,pyq_year_missing,years,"Row is marked PYQ but years is blank, so year-based scoring/filters lose provenance.",Populate the normalized YYYY or YYYY-MM value from source metadata.,
776,CTET Bank CDP Questiins for Paper-1 Q8 [Jharkhand TET Paper - I (Class I-V) 2011],cdp,medium,scope_non_ctet_exam,"exams,source,is_pyq,years",Source tag identifies a non-CTET exam: [Jharkhand TET Paper - I (Class I-V) 2011].,Keep only if cross-TET practice is intentional; otherwise remove from the CTET bank or relabel exam provenance.,
785,CTET Bank CDP Questiins for Paper-1 Q6 [UK TET Paper - I (Class I-V) 29 Jan 2011],cdp,medium,scope_non_ctet_exam,"exams,source,is_pyq,years",Source tag identifies a non-CTET exam: [UK TET Paper - I (Class I-V) 29 Jan 2011].,Keep only if cross-TET practice is intentional; otherwise remove from the CTET bank or relabel exam provenance.,
786,CTET Bank CDP Questiins for Paper-1 Q7 [UK TET Paper - I (Class I-V) 29 Jan 2011],cdp,medium,scope_non_ctet_exam,"exams,source,is_pyq,years",Source tag identifies a non-CTET exam: [UK TET Paper - I (Class I-V) 29 Jan 2011].,Keep only if cross-TET practice is intentional; otherwise remove from the CTET bank or relabel exam provenance.,
787,CTET Bank CDP Questiins for Paper-1 Q1,cdp,high,unrelated_preamble_or_ocr_garbage,"q_hi,q_en","The stem includes unrelated chapter headings, preceding explanations/questions, lists, or OCR debris before the actual question.",Delete unrelated text and retain one complete canonical stem only.,
809,CTET Bank CDP Questiins for Paper-1 Q5 [CTET Paper - I (Class I-V) 21 Feb 2016],cdp,medium,pyq_year_missing,years,"Row is marked PYQ but years is blank, so year-based scoring/filters lose provenance.",Populate the normalized YYYY or YYYY-MM value from source metadata.,
810,CTET Bank CDP Questiins for Paper-1 Q6 [UPTET Paper - I (Class I-V) 21 Feb 2016],cdp,medium,scope_non_ctet_exam,"exams,source,is_pyq,years",Source tag identifies a non-CTET exam: [UPTET Paper - I (Class I-V) 21 Feb 2016].,Keep only if cross-TET practice is intentional; otherwise remove from the CTET bank or relabel exam provenance.,
815,CTET Bank CDP Questiins for Paper-1 Q11 [CTET Paper -I (Class (I-V) 28 July 2013],cdp,medium,pyq_year_missing,years,"Row is marked PYQ but years is blank, so year-based scoring/filters lose provenance.",Populate the normalized YYYY or YYYY-MM value from source metadata.,
816,CTET Bank CDP Questiins for Paper-1 Q12,cdp,critical,stem_option_code_merged,"q_hi,a_hi,b_hi,c_hi,d_hi,q_en,a_en,b_en,c_en,d_en","Statements/activities and answer-code choices have been fused into the same option fields, omitted, or split across languages; the item is not reliably answerable as stored.",Reconstruct statement labels and four answer-code options from the original paper in both languages.,
825,CTET Bank CDP Questiins for Paper-1 Q21 [UK TET Paper - I (Class I-V) 29 Jan 2011],cdp,medium,scope_non_ctet_exam,"exams,source,is_pyq,years",Source tag identifies a non-CTET exam: [UK TET Paper - I (Class I-V) 29 Jan 2011].,Keep only if cross-TET practice is intentional; otherwise remove from the CTET bank or relabel exam provenance.,
826,CTET Bank CDP Questiins for Paper-1 Q22 [UK TET Paper - I (Class I-V) 29 Jan 2011],cdp,medium,scope_non_ctet_exam,"exams,source,is_pyq,years",Source tag identifies a non-CTET exam: [UK TET Paper - I (Class I-V) 29 Jan 2011].,Keep only if cross-TET practice is intentional; otherwise remove from the CTET bank or relabel exam provenance.,
830,CTET Bank CDP Questiins for Paper-1 Q1 [CTET (I-V) 7 July 2019],cdp,high,unrelated_preamble_or_ocr_garbage,"q_hi,q_en","The stem includes unrelated chapter headings, preceding explanations/questions, lists, or OCR debris before the actual question.",Delete unrelated text and retain one complete canonical stem only.,
830,CTET Bank CDP Questiins for Paper-1 Q1 [CTET (I-V) 7 July 2019],cdp,medium,pyq_year_missing,years,"Row is marked PYQ but years is blank, so year-based scoring/filters lose provenance.",Populate the normalized YYYY or YYYY-MM value from source metadata.,
841,CTET Bank CDP Questiins for Paper-1 Q12 [CTET Paper - I (Class I-V) 22 Feb 2015],cdp,medium,pyq_year_missing,years,"Row is marked PYQ but years is blank, so year-based scoring/filters lose provenance.",Populate the normalized YYYY or YYYY-MM value from source metadata.,
842,CTET Bank CDP Questiins for Paper-1 Q13 [CTET Paper - I (Class I-V) 16 Feb 2014],cdp,medium,pyq_year_missing,years,"Row is marked PYQ but years is blank, so year-based scoring/filters lose provenance.",Populate the normalized YYYY or YYYY-MM value from source metadata.,
845,CTET Bank CDP Questiins for Paper-1 Q17 [Jharkhand TET Paper - I (Class I-V) 2011],cdp,medium,scope_non_ctet_exam,"exams,source,is_pyq,years",Source tag identifies a non-CTET exam: [Jharkhand TET Paper - I (Class I-V) 2011].,Keep only if cross-TET practice is intentional; otherwise remove from the CTET bank or relabel exam provenance.,
874,CTET Bank CDP Questiins for Paper-1 Q46 [UK TET Paper - I (Class I-V) 2014],cdp,medium,scope_non_ctet_exam,"exams,source,is_pyq,years",Source tag identifies a non-CTET exam: [UK TET Paper - I (Class I-V) 2014].,Keep only if cross-TET practice is intentional; otherwise remove from the CTET bank or relabel exam provenance.,
875,CTET Bank CDP Questiins for Paper-1 Q47 [UK TET Paper - I (Class I-V) 2014],cdp,medium,scope_non_ctet_exam,"exams,source,is_pyq,years",Source tag identifies a non-CTET exam: [UK TET Paper - I (Class I-V) 2014].,Keep only if cross-TET practice is intentional; otherwise remove from the CTET bank or relabel exam provenance.,
877,CTET Bank CDP Questiins for Paper-1 Q49 [UK TET Paper - I (Class I-V) 29 Jan 2011],cdp,medium,scope_non_ctet_exam,"exams,source,is_pyq,years",Source tag identifies a non-CTET exam: [UK TET Paper - I (Class I-V) 29 Jan 2011].,Keep only if cross-TET practice is intentional; otherwise remove from the CTET bank or relabel exam provenance.,
878,CTET Bank CDP Questiins for Paper-1 Q50 [UK TET Paper - I (Class I-V) 29 Jan 2011],cdp,medium,scope_non_ctet_exam,"exams,source,is_pyq,years",Source tag identifies a non-CTET exam: [UK TET Paper - I (Class I-V) 29 Jan 2011].,Keep only if cross-TET practice is intentional; otherwise remove from the CTET bank or relabel exam provenance.,
879,CTET Bank CDP Questiins for Paper-1 Q51 [UK TET Paper - I (Class I-V) 29 Jan 2011],cdp,medium,scope_non_ctet_exam,"exams,source,is_pyq,years",Source tag identifies a non-CTET exam: [UK TET Paper - I (Class I-V) 29 Jan 2011].,Keep only if cross-TET practice is intentional; otherwise remove from the CTET bank or relabel exam provenance.,
891,CTET Bank CDP Questiins for Paper-1 Q13 [UK TET Paper - I (Class I-V) 29 Jan 2011],cdp,medium,scope_non_ctet_exam,"exams,source,is_pyq,years",Source tag identifies a non-CTET exam: [UK TET Paper - I (Class I-V) 29 Jan 2011].,Keep only if cross-TET practice is intentional; otherwise remove from the CTET bank or relabel exam provenance.,
913,CTET Bank CDP Questiins for Paper-1 Q23 [CTET Paper - I (Class I-V) 22 Feb 2015],cdp,medium,pyq_year_missing,years,"Row is marked PYQ but years is blank, so year-based scoring/filters lose provenance.",Populate the normalized YYYY or YYYY-MM value from source metadata.,
919,CTET Bank CDP Questiins for Paper-1 Q29 [UK TET Paper - I (Class I-V) 2014],cdp,medium,scope_non_ctet_exam,"exams,source,is_pyq,years",Source tag identifies a non-CTET exam: [UK TET Paper - I (Class I-V) 2014].,Keep only if cross-TET practice is intentional; otherwise remove from the CTET bank or relabel exam provenance.,
920,CTET Bank CDP Questiins for Paper-1 Q30 [UK TET Paper - I (Class I-V) 2014],cdp,medium,scope_non_ctet_exam,"exams,source,is_pyq,years",Source tag identifies a non-CTET exam: [UK TET Paper - I (Class I-V) 2014].,Keep only if cross-TET practice is intentional; otherwise remove from the CTET bank or relabel exam provenance.,
944,CTET Bank CDP Questiins for Paper-1 Q24 [UK TET Paper - I (Class I-V) 29 Jan 2011],cdp,medium,scope_non_ctet_exam,"exams,source,is_pyq,years",Source tag identifies a non-CTET exam: [UK TET Paper - I (Class I-V) 29 Jan 2011].,Keep only if cross-TET practice is intentional; otherwise remove from the CTET bank or relabel exam provenance.,
946,CTET Bank CDP Questiins for Paper-1 Q26 [MP TET Paper - I (Class I-V) 2011],cdp,medium,scope_non_ctet_exam,"exams,source,is_pyq,years",Source tag identifies a non-CTET exam: [MP TET Paper - I (Class I-V) 2011].,Keep only if cross-TET practice is intentional; otherwise remove from the CTET bank or relabel exam provenance.,
981,CTET Bank CDP Questiins for Paper-1 Q33 [UK TET Paper - I (Class I-V) 29 Jan 2011],cdp,medium,scope_non_ctet_exam,"exams,source,is_pyq,years",Source tag identifies a non-CTET exam: [UK TET Paper - I (Class I-V) 29 Jan 2011].,Keep only if cross-TET practice is intentional; otherwise remove from the CTET bank or relabel exam provenance.,
982,CTET Bank CDP Questiins for Paper-1 Q34 [UK TET Paper - I (Class I-V) 29 Jan 2011],cdp,medium,scope_non_ctet_exam,"exams,source,is_pyq,years",Source tag identifies a non-CTET exam: [UK TET Paper - I (Class I-V) 29 Jan 2011].,Keep only if cross-TET practice is intentional; otherwise remove from the CTET bank or relabel exam provenance.,
983,CTET Bank CDP Questiins for Paper-1 Q35 [MP TET Paper - I (Class I-V) 2011],cdp,medium,scope_non_ctet_exam,"exams,source,is_pyq,years",Source tag identifies a non-CTET exam: [MP TET Paper - I (Class I-V) 2011].,Keep only if cross-TET practice is intentional; otherwise remove from the CTET bank or relabel exam provenance.,
1046,CTET Bank CDP Questiins for Paper-1 Q46 [CTET Paper - I (Class I-V) 16 Feb 2014],cdp,medium,pyq_year_missing,years,"Row is marked PYQ but years is blank, so year-based scoring/filters lose provenance.",Populate the normalized YYYY or YYYY-MM value from source metadata.,
1059,CTET Bank CDP Questiins for Paper-1 Q60 [Jharkhand TET Paper - I (Class I-V) 2011],cdp,medium,scope_non_ctet_exam,"exams,source,is_pyq,years",Source tag identifies a non-CTET exam: [Jharkhand TET Paper - I (Class I-V) 2011].,Keep only if cross-TET practice is intentional; otherwise remove from the CTET bank or relabel exam provenance.,
1090,CTET Bank CDP Questiins for Paper-1 Q91 [MP TET Paper - I (Class I-V) 2011],cdp,medium,scope_non_ctet_exam,"exams,source,is_pyq,years",Source tag identifies a non-CTET exam: [MP TET Paper - I (Class I-V) 2011].,Keep only if cross-TET practice is intentional; otherwise remove from the CTET bank or relabel exam provenance.,
1091,CTET Bank CDP Questiins for Paper-1 Q92 [MP TET Paper - I (Class I-V) 2011],cdp,medium,scope_non_ctet_exam,"exams,source,is_pyq,years",Source tag identifies a non-CTET exam: [MP TET Paper - I (Class I-V) 2011].,Keep only if cross-TET practice is intentional; otherwise remove from the CTET bank or relabel exam provenance.,
1092,CTET Bank CDP Questiins for Paper-1 Q93 [MP TET Paper - I (Class I-V) 2011],cdp,medium,scope_non_ctet_exam,"exams,source,is_pyq,years",Source tag identifies a non-CTET exam: [MP TET Paper - I (Class I-V) 2011].,Keep only if cross-TET practice is intentional; otherwise remove from the CTET bank or relabel exam provenance.,
1100,CTET Bank CDP Questiins for Paper-1 Q101 [UK TET Paper - I (Class I-V) 29 Jan 2011],cdp,medium,scope_non_ctet_exam,"exams,source,is_pyq,years",Source tag identifies a non-CTET exam: [UK TET Paper - I (Class I-V) 29 Jan 2011].,Keep only if cross-TET practice is intentional; otherwise remove from the CTET bank or relabel exam provenance.,
1101,CTET Bank CDP Questiins for Paper-1 Q102 [UK TET Paper - I (Class I-V) 2014],cdp,medium,scope_non_ctet_exam,"exams,source,is_pyq,years",Source tag identifies a non-CTET exam: [UK TET Paper - I (Class I-V) 2014].,Keep only if cross-TET practice is intentional; otherwise remove from the CTET bank or relabel exam provenance.,
1104,CTET Bank CDP Questiins for Paper-1 Q105 [UK TET Paper - I (Class I-V) 29 Jan 2011],cdp,medium,scope_non_ctet_exam,"exams,source,is_pyq,years",Source tag identifies a non-CTET exam: [UK TET Paper - I (Class I-V) 29 Jan 2011].,Keep only if cross-TET practice is intentional; otherwise remove from the CTET bank or relabel exam provenance.,
1106,CTET Bank CDP Questiins for Paper-1 Q107 [MP TET Paper - I (Class I-V) 2011],cdp,medium,scope_non_ctet_exam,"exams,source,is_pyq,years",Source tag identifies a non-CTET exam: [MP TET Paper - I (Class I-V) 2011].,Keep only if cross-TET practice is intentional; otherwise remove from the CTET bank or relabel exam provenance.,
1122,CTET Bank CDP Questiins for Paper-1 Q123 [UK TET Paper - I (Class I-V) 29 Jan 2011],cdp,medium,scope_non_ctet_exam,"exams,source,is_pyq,years",Source tag identifies a non-CTET exam: [UK TET Paper - I (Class I-V) 29 Jan 2011].,Keep only if cross-TET practice is intentional; otherwise remove from the CTET bank or relabel exam provenance.,
1123,CTET Bank Evs Notes and Pedagogy Q1 [CTET (I-V) 9 December 2018],evs,medium,pyq_year_missing,years,"Row is marked PYQ but years is blank, so year-based scoring/filters lose provenance.",Populate the normalized YYYY or YYYY-MM value from source metadata.,
1155,"CTET Bank Evs Notes and Pedagogy Q25 [CTET (I-V) 26 JUN, 2011]",evs,medium,pyq_year_missing,years,"Row is marked PYQ but years is blank, so year-based scoring/filters lose provenance.",Populate the normalized YYYY or YYYY-MM value from source metadata.,
1195,"CTET Bank Evs Notes and Pedagogy Q8 [CTET (I-V) 20 SEP, 2015]",evs,medium,pyq_year_missing,years,"Row is marked PYQ but years is blank, so year-based scoring/filters lose provenance.",Populate the normalized YYYY or YYYY-MM value from source metadata.,
1205,CTET Bank Evs Notes and Pedagogy Q2 [CTET (I-V) 7 July 2019],evs,high,english_stem_truncated,q_en,"English is an ellipsis-based summary that omits statements, values, conditions, or the actual task present in Hindi.",Provide a complete faithful English translation or leave English unavailable rather than serving an incomplete item.,
1205,CTET Bank Evs Notes and Pedagogy Q2 [CTET (I-V) 7 July 2019],evs,medium,pyq_year_missing,years,"Row is marked PYQ but years is blank, so year-based scoring/filters lose provenance.",Populate the normalized YYYY or YYYY-MM value from source metadata.,
1226,"CTET Bank Evs Notes and Pedagogy Q23 [CTET (I-V) 22 FEB, 2015]",evs,medium,pyq_year_missing,years,"Row is marked PYQ but years is blank, so year-based scoring/filters lose provenance.",Populate the normalized YYYY or YYYY-MM value from source metadata.,
1231,"CTET Bank Evs Notes and Pedagogy Q28 [CTET (I-V) 16 FEB, 2014]",evs,high,english_stem_truncated,q_en,"English is an ellipsis-based summary that omits statements, values, conditions, or the actual task present in Hindi.",Provide a complete faithful English translation or leave English unavailable rather than serving an incomplete item.,
1231,"CTET Bank Evs Notes and Pedagogy Q28 [CTET (I-V) 16 FEB, 2014]",evs,medium,pyq_year_missing,years,"Row is marked PYQ but years is blank, so year-based scoring/filters lose provenance.",Populate the normalized YYYY or YYYY-MM value from source metadata.,
1232,"CTET Bank Evs Notes and Pedagogy Q29 [CTET (I-V) 16 FEB, 2014]",evs,high,english_stem_truncated,q_en,"English is an ellipsis-based summary that omits statements, values, conditions, or the actual task present in Hindi.",Provide a complete faithful English translation or leave English unavailable rather than serving an incomplete item.,
1234,"CTET Bank Evs Notes and Pedagogy Q31 [CTET (I-V) 16 FEB, 2014]",evs,high,english_stem_truncated,q_en,"English is an ellipsis-based summary that omits statements, values, conditions, or the actual task present in Hindi.",Provide a complete faithful English translation or leave English unavailable rather than serving an incomplete item.,
1236,"CTET Bank Evs Notes and Pedagogy Q33 [CTET (I-V) 28 JUL, 2013]",evs,high,english_stem_truncated,q_en,"English is an ellipsis-based summary that omits statements, values, conditions, or the actual task present in Hindi.",Provide a complete faithful English translation or leave English unavailable rather than serving an incomplete item.,
1245,CTET Bank Evs Notes and Pedagogy Q42,evs,critical,wrong_answer_key,ans,Stored c; correct b — flooding deprives roots of oxygen and root respiration stops.,Correct the key after recording a source citation and regression test.,
1289,CTET Bank Evs Notes and Pedagogy Q1 [CTET (I-V) 7 July 2019],evs,high,english_stem_truncated,q_en,"English is an ellipsis-based summary that omits statements, values, conditions, or the actual task present in Hindi.",Provide a complete faithful English translation or leave English unavailable rather than serving an incomplete item.,
1289,CTET Bank Evs Notes and Pedagogy Q1 [CTET (I-V) 7 July 2019],evs,medium,pyq_year_missing,years,"Row is marked PYQ but years is blank, so year-based scoring/filters lose provenance.",Populate the normalized YYYY or YYYY-MM value from source metadata.,
1357,CTET Bank Evs Notes and Pedagogy Q23 [MP TET (I-V) 2011],evs,medium,scope_non_ctet_exam,"exams,source,is_pyq,years",Source tag identifies a non-CTET exam: [MP TET (I-V) 2011].,Keep only if cross-TET practice is intentional; otherwise remove from the CTET bank or relabel exam provenance.,
1366,"CTET Bank Evs Notes and Pedagogy Q33 [CTET (I-V) 22 FEB, 2015]",evs,high,english_stem_truncated,q_en,"English is an ellipsis-based summary that omits statements, values, conditions, or the actual task present in Hindi.",Provide a complete faithful English translation or leave English unavailable rather than serving an incomplete item.,
1369,CTET Bank Evs Notes and Pedagogy Q36 [MP TET (I-V) 2011],evs,medium,scope_non_ctet_exam,"exams,source,is_pyq,years",Source tag identifies a non-CTET exam: [MP TET (I-V) 2011].,Keep only if cross-TET practice is intentional; otherwise remove from the CTET bank or relabel exam provenance.,
1398,CTET Bank Evs Notes and Pedagogy Q1,evs,critical,bilingual_semantic_mismatch,"q_hi,q_en,a_hi,b_hi,c_hi,d_hi,a_en,b_en,c_en,d_en","Hindi ultimately asks for India’s national river (answer Ganga); English asks which river Lucknow is on (answer Gomti), after large unrelated lists.",Re-translate from one verified canonical question and align option meanings and key across languages.,
1398,CTET Bank Evs Notes and Pedagogy Q1,evs,high,english_stem_truncated,q_en,"English is an ellipsis-based summary that omits statements, values, conditions, or the actual task present in Hindi.",Provide a complete faithful English translation or leave English unavailable rather than serving an incomplete item.,
1398,CTET Bank Evs Notes and Pedagogy Q1,evs,high,unrelated_preamble_or_ocr_garbage,"q_hi,q_en","The stem includes unrelated chapter headings, preceding explanations/questions, lists, or OCR debris before the actual question.",Delete unrelated text and retain one complete canonical stem only.,
1429,CTET Bank Evs Notes and Pedagogy Q9 [MP TET (I-V) 2011],evs,medium,scope_non_ctet_exam,"exams,source,is_pyq,years",Source tag identifies a non-CTET exam: [MP TET (I-V) 2011].,Keep only if cross-TET practice is intentional; otherwise remove from the CTET bank or relabel exam provenance.,
1444,CTET Bank Evs Notes and Pedagogy Q25,evs,high,english_stem_truncated,q_en,"English is an ellipsis-based summary that omits statements, values, conditions, or the actual task present in Hindi.",Provide a complete faithful English translation or leave English unavailable rather than serving an incomplete item.,
1450,CTET Bank Evs Notes and Pedagogy Q4,evs,high,english_stem_truncated,q_en,"English is an ellipsis-based summary that omits statements, values, conditions, or the actual task present in Hindi.",Provide a complete faithful English translation or leave English unavailable rather than serving an incomplete item.,
1451,CTET Bank Evs Notes and Pedagogy Q5 [MP TET (I-V) 2011],evs,medium,scope_non_ctet_exam,"exams,source,is_pyq,years",Source tag identifies a non-CTET exam: [MP TET (I-V) 2011].,Keep only if cross-TET practice is intentional; otherwise remove from the CTET bank or relabel exam provenance.,
1500,CTET Bank Evs Notes and Pedagogy Q21,evs,high,english_stem_truncated,q_en,"English is an ellipsis-based summary that omits statements, values, conditions, or the actual task present in Hindi.",Provide a complete faithful English translation or leave English unavailable rather than serving an incomplete item.,
1524,"CTET Bank Evs Notes and Pedagogy Q12 [CTET (I-V) 18 SEP, 2016]",evs,high,english_stem_truncated,q_en,"English is an ellipsis-based summary that omits statements, values, conditions, or the actual task present in Hindi.",Provide a complete faithful English translation or leave English unavailable rather than serving an incomplete item.,
1525,"CTET Bank Evs Notes and Pedagogy Q13 [CTET (I-V) 21 FEB, 2016]",evs,medium,pyq_year_missing,years,"Row is marked PYQ but years is blank, so year-based scoring/filters lose provenance.",Populate the normalized YYYY or YYYY-MM value from source metadata.,
1527,CTET Bank Evs Notes and Pedagogy Q2 [CTET (I-V) 9 December 2018],evs,medium,pyq_year_missing,years,"Row is marked PYQ but years is blank, so year-based scoring/filters lose provenance.",Populate the normalized YYYY or YYYY-MM value from source metadata.,
1538,"CTET Bank Evs Notes and Pedagogy Q13 [CTET (I-V) 26 JUN, 2011]",evs,medium,pyq_year_missing,years,"Row is marked PYQ but years is blank, so year-based scoring/filters lose provenance.",Populate the normalized YYYY or YYYY-MM value from source metadata.,
1551,CTET Bank Evs Notes and Pedagogy Q3 [CTET (I-V) 7 July 2019],evs,critical,bilingual_semantic_mismatch,"q_hi,q_en,a_hi,b_hi,c_hi,d_hi,a_en,b_en,c_en,d_en",Hindi asks which conditions construct EVS knowledge; English asks which item is an EVS theme.,Re-translate from one verified canonical question and align option meanings and key across languages.,
1551,CTET Bank Evs Notes and Pedagogy Q3 [CTET (I-V) 7 July 2019],evs,high,unrelated_preamble_or_ocr_garbage,"q_hi,q_en","The stem includes unrelated chapter headings, preceding explanations/questions, lists, or OCR debris before the actual question.",Delete unrelated text and retain one complete canonical stem only.,
1551,CTET Bank Evs Notes and Pedagogy Q3 [CTET (I-V) 7 July 2019],evs,medium,pyq_year_missing,years,"Row is marked PYQ but years is blank, so year-based scoring/filters lose provenance.",Populate the normalized YYYY or YYYY-MM value from source metadata.,
1568,CTET Bank Evs Notes and Pedagogy Q20 [MP TET (I-V) 2011],evs,medium,scope_non_ctet_exam,"exams,source,is_pyq,years",Source tag identifies a non-CTET exam: [MP TET (I-V) 2011].,Keep only if cross-TET practice is intentional; otherwise remove from the CTET bank or relabel exam provenance.,
1582,CTET Bank Evs Notes and Pedagogy Q1 [CTET (I-V) 7 July 2019],evs,high,unrelated_preamble_or_ocr_garbage,"q_hi,q_en","The stem includes unrelated chapter headings, preceding explanations/questions, lists, or OCR debris before the actual question.",Delete unrelated text and retain one complete canonical stem only.,
1582,CTET Bank Evs Notes and Pedagogy Q1 [CTET (I-V) 7 July 2019],evs,medium,pyq_year_missing,years,"Row is marked PYQ but years is blank, so year-based scoring/filters lose provenance.",Populate the normalized YYYY or YYYY-MM value from source metadata.,
1584,CTET Bank Evs Notes and Pedagogy Q3 [CTET (I-V) 9 December 2018],evs,medium,pyq_year_missing,years,"Row is marked PYQ but years is blank, so year-based scoring/filters lose provenance.",Populate the normalized YYYY or YYYY-MM value from source metadata.,
1591,"CTET Bank Evs Notes and Pedagogy Q10 [CTET (I-V) 21 FEB, 2016]",evs,high,english_stem_truncated,q_en,"English is an ellipsis-based summary that omits statements, values, conditions, or the actual task present in Hindi.",Provide a complete faithful English translation or leave English unavailable rather than serving an incomplete item.,
1591,"CTET Bank Evs Notes and Pedagogy Q10 [CTET (I-V) 21 FEB, 2016]",evs,medium,pyq_year_missing,years,"Row is marked PYQ but years is blank, so year-based scoring/filters lose provenance.",Populate the normalized YYYY or YYYY-MM value from source metadata.,
1600,CTET Bank Evs Notes and Pedagogy Q2 [CTET (I-V) 9 December 2018],evs,medium,pyq_year_missing,years,"Row is marked PYQ but years is blank, so year-based scoring/filters lose provenance.",Populate the normalized YYYY or YYYY-MM value from source metadata.,
1612,CTET Bank Evs Notes and Pedagogy Q1 [CTET (I-V) 9 December 2018],evs,medium,pyq_year_missing,years,"Row is marked PYQ but years is blank, so year-based scoring/filters lose provenance.",Populate the normalized YYYY or YYYY-MM value from source metadata.,
1625,"CTET Bank Evs Notes and Pedagogy Q14 [CTET (I-V) 21 SEP, 2014]",evs,medium,pyq_year_missing,years,"Row is marked PYQ but years is blank, so year-based scoring/filters lose provenance.",Populate the normalized YYYY or YYYY-MM value from source metadata.,
1627,"CTET Bank Evs Notes and Pedagogy Q16 [CTET (I-V) 22 FEB, 2015]",evs,high,english_stem_truncated,q_en,"English is an ellipsis-based summary that omits statements, values, conditions, or the actual task present in Hindi.",Provide a complete faithful English translation or leave English unavailable rather than serving an incomplete item.,
1629,CTET Bank Evs Notes and Pedagogy Q1 [CTET (I-V) 7 July 2019],evs,medium,pyq_year_missing,years,"Row is marked PYQ but years is blank, so year-based scoring/filters lose provenance.",Populate the normalized YYYY or YYYY-MM value from source metadata.,
1630,CTET Bank Evs Notes and Pedagogy Q2 [CTET (I-V) 9 December 2018],evs,medium,pyq_year_missing,years,"Row is marked PYQ but years is blank, so year-based scoring/filters lose provenance.",Populate the normalized YYYY or YYYY-MM value from source metadata.,
1641,"CTET Bank Evs Notes and Pedagogy Q13 [CTET (I-V) 18 SEP, 2016]",evs,critical,bilingual_semantic_mismatch,"q_hi,q_en,a_hi,b_hi,c_hi,d_hi,a_en,b_en,c_en,d_en",English removes the teacher’s accept/reject setup and turns the item into a different vague question.,Re-translate from one verified canonical question and align option meanings and key across languages.,
1641,"CTET Bank Evs Notes and Pedagogy Q13 [CTET (I-V) 18 SEP, 2016]",evs,critical,stem_option_code_merged,"q_hi,a_hi,b_hi,c_hi,d_hi,q_en,a_en,b_en,c_en,d_en","Statements/activities and answer-code choices have been fused into the same option fields, omitted, or split across languages; the item is not reliably answerable as stored.",Reconstruct statement labels and four answer-code options from the original paper in both languages.,
1642,"CTET Bank Evs Notes and Pedagogy Q14 [CTET (I-V) 18 SEP, 2016]",evs,high,english_stem_truncated,q_en,"English is an ellipsis-based summary that omits statements, values, conditions, or the actual task present in Hindi.",Provide a complete faithful English translation or leave English unavailable rather than serving an incomplete item.,
1644,CTET Bank Evs Notes and Pedagogy Q1 [CTET (I-V) 7 July 2019],evs,high,english_stem_truncated,q_en,"English is an ellipsis-based summary that omits statements, values, conditions, or the actual task present in Hindi.",Provide a complete faithful English translation or leave English unavailable rather than serving an incomplete item.,
1644,CTET Bank Evs Notes and Pedagogy Q1 [CTET (I-V) 7 July 2019],evs,medium,pyq_year_missing,years,"Row is marked PYQ but years is blank, so year-based scoring/filters lose provenance.",Populate the normalized YYYY or YYYY-MM value from source metadata.,
1645,CTET Bank Evs Notes and Pedagogy Q2 [CTET (I-V) 7 July 2019],evs,medium,pyq_year_missing,years,"Row is marked PYQ but years is blank, so year-based scoring/filters lose provenance.",Populate the normalized YYYY or YYYY-MM value from source metadata.,
1656,CTET Bank Evs Notes and Pedagogy Q14,evs,critical,incomplete_table_or_data,"q_hi,q_en",The experiment table containing A and B is absent.,Restore the complete table/data from the original paper and verify all options and the key.,
1656,CTET Bank Evs Notes and Pedagogy Q14,evs,high,scope_upper_primary_probable,"exams,q_hi,q_en",The stem explicitly targets upper-primary or Class VI/VII/VIII while the row is ctet1.,Review provenance; move to ctet2 unless the official Paper-I source is verified.,
1660,"CTET Bank Evs Notes and Pedagogy Q18 [CTET (I-V) 29 JAN, 2012]",evs,medium,pyq_year_missing,years,"Row is marked PYQ but years is blank, so year-based scoring/filters lose provenance.",Populate the normalized YYYY or YYYY-MM value from source metadata.,
1664,"CTET Bank Evs Notes and Pedagogy Q22 [CTET (I-V) 21 FEB, 2016]",evs,medium,pyq_year_missing,years,"Row is marked PYQ but years is blank, so year-based scoring/filters lose provenance.",Populate the normalized YYYY or YYYY-MM value from source metadata.,
1669,CTET Bank Evs Notes and Pedagogy Q1 [CTET (I-V) 7 July 2019],evs,medium,pyq_year_missing,years,"Row is marked PYQ but years is blank, so year-based scoring/filters lose provenance.",Populate the normalized YYYY or YYYY-MM value from source metadata.,
1678,CTET Bank Evs Notes and Pedagogy Q10,evs,medium,duplicate_survives_build,"q_hi,a_hi,b_hi,c_hi,d_hi,source",Same normalized Hindi stem and option set survives because option order or formatting defeats the current fingerprint.,Consolidate the pair and make deduplication order-insensitive while preserving the correct answer mapping.,q_ctet.csv:1618
1681,"CTET Bank Evs Notes and Pedagogy Q13 [CTET (I-V) 16 FEB, 2014]",evs,high,english_stem_truncated,q_en,"English is an ellipsis-based summary that omits statements, values, conditions, or the actual task present in Hindi.",Provide a complete faithful English translation or leave English unavailable rather than serving an incomplete item.,
1684,"CTET Bank Evs Notes and Pedagogy Q16 [CTET (I-V) 21 FEB, 2016]",evs,medium,pyq_year_missing,years,"Row is marked PYQ but years is blank, so year-based scoring/filters lose provenance.",Populate the normalized YYYY or YYYY-MM value from source metadata.,
1686,"CTET Bank Evs Notes and Pedagogy Q18 [CTET (I-V) 21 FEB, 2016]",evs,medium,pyq_year_missing,years,"Row is marked PYQ but years is blank, so year-based scoring/filters lose provenance.",Populate the normalized YYYY or YYYY-MM value from source metadata.,
1693,"CTET Bank Evs Notes and Pedagogy Q26 [CTET (I-V) 29 JAN, 2012]",evs,critical,bilingual_semantic_mismatch,"q_hi,q_en,a_hi,b_hi,c_hi,d_hi,a_en,b_en,c_en,d_en",Hindi asks which 5Es are not included; English asks which activity represents Explore.,Re-translate from one verified canonical question and align option meanings and key across languages.,
1693,"CTET Bank Evs Notes and Pedagogy Q26 [CTET (I-V) 29 JAN, 2012]",evs,critical,stem_option_code_merged,"q_hi,a_hi,b_hi,c_hi,d_hi,q_en,a_en,b_en,c_en,d_en","Statements/activities and answer-code choices have been fused into the same option fields, omitted, or split across languages; the item is not reliably answerable as stored.",Reconstruct statement labels and four answer-code options from the original paper in both languages.,
1693,"CTET Bank Evs Notes and Pedagogy Q26 [CTET (I-V) 29 JAN, 2012]",evs,medium,pyq_year_missing,years,"Row is marked PYQ but years is blank, so year-based scoring/filters lose provenance.",Populate the normalized YYYY or YYYY-MM value from source metadata.,
1700,"CTET Bank Evs Notes and Pedagogy Q33 [CTET (I-V) 21 FEB, 2016]",evs,medium,pyq_year_missing,years,"Row is marked PYQ but years is blank, so year-based scoring/filters lose provenance.",Populate the normalized YYYY or YYYY-MM value from source metadata.,
1701,"CTET Bank Evs Notes and Pedagogy Q34 [CTET (I-V) 21 FEB, 2016]",evs,high,english_stem_truncated,q_en,"English is an ellipsis-based summary that omits statements, values, conditions, or the actual task present in Hindi.",Provide a complete faithful English translation or leave English unavailable rather than serving an incomplete item.,
1703,CTET Bank Evs Notes and Pedagogy Q1 [CTET (I-V) 7 July 2019],evs,medium,pyq_year_missing,years,"Row is marked PYQ but years is blank, so year-based scoring/filters lose provenance.",Populate the normalized YYYY or YYYY-MM value from source metadata.,
1722,"CTET Bank Evs Notes and Pedagogy Q20 [CTET (I-V) 26 JUN, 2011]",evs,medium,pyq_year_missing,years,"Row is marked PYQ but years is blank, so year-based scoring/filters lose provenance.",Populate the normalized YYYY or YYYY-MM value from source metadata.,
1739,"CTET Bank Evs Notes and Pedagogy Q37 [CTET (I-V) 29 JAN, 2012]",evs,medium,pyq_year_missing,years,"Row is marked PYQ but years is blank, so year-based scoring/filters lose provenance.",Populate the normalized YYYY or YYYY-MM value from source metadata.,
1743,"CTET Bank Evs Notes and Pedagogy Q41 [CTET (I-V) 16 FEB, 2014]",evs,medium,pyq_year_missing,years,"Row is marked PYQ but years is blank, so year-based scoring/filters lose provenance.",Populate the normalized YYYY or YYYY-MM value from source metadata.,
1744,"CTET Bank Evs Notes and Pedagogy Q42 [CTET (I-V) 21 SEP, 2014]",evs,high,english_stem_truncated,q_en,"English is an ellipsis-based summary that omits statements, values, conditions, or the actual task present in Hindi.",Provide a complete faithful English translation or leave English unavailable rather than serving an incomplete item.,
1749,"CTET Bank Evs Notes and Pedagogy Q47 [CTET (I-V) 22 FEB, 2015]",evs,high,english_stem_truncated,q_en,"English is an ellipsis-based summary that omits statements, values, conditions, or the actual task present in Hindi.",Provide a complete faithful English translation or leave English unavailable rather than serving an incomplete item.,
1752,CTET Bank Evs Notes and Pedagogy Q1 [CTET (I-V) 9 December 2018],evs,medium,pyq_year_missing,years,"Row is marked PYQ but years is blank, so year-based scoring/filters lose provenance.",Populate the normalized YYYY or YYYY-MM value from source metadata.,
1759,"CTET Bank Evs Notes and Pedagogy Q8 [CTET (I-V) 16 FEB, 2014]",evs,high,english_stem_truncated,q_en,"English is an ellipsis-based summary that omits statements, values, conditions, or the actual task present in Hindi.",Provide a complete faithful English translation or leave English unavailable rather than serving an incomplete item.,
1762,CTET Bank Evs Notes and Pedagogy Q11,evs,medium,duplicate_survives_build,"q_hi,a_hi,b_hi,c_hi,d_hi,source",Same normalized Hindi stem and option set survives because option order or formatting defeats the current fingerprint.,Consolidate the pair and make deduplication order-insensitive while preserving the correct answer mapping.,q_ctet.csv:1578
1770,CTET Bank Hindi Language_ Pedagogy Q1 [UP Aided J.H.S. Assistant Teacher 2021],hindi,medium,scope_non_ctet_exam,"exams,source,is_pyq,years",Source tag identifies a non-CTET exam: [UP Aided J.H.S. Assistant Teacher 2021].,Keep only if cross-TET practice is intentional; otherwise remove from the CTET bank or relabel exam provenance.,
1771,CTET Bank Hindi Language_ Pedagogy Q2 [UP Aided J.H.S. Assistant Teacher 2021],hindi,medium,scope_non_ctet_exam,"exams,source,is_pyq,years",Source tag identifies a non-CTET exam: [UP Aided J.H.S. Assistant Teacher 2021].,Keep only if cross-TET practice is intentional; otherwise remove from the CTET bank or relabel exam provenance.,
1772,CTET Bank Hindi Language_ Pedagogy Q3 [UP Aided J.H.S. Assistant Teacher 2021],hindi,medium,scope_non_ctet_exam,"exams,source,is_pyq,years",Source tag identifies a non-CTET exam: [UP Aided J.H.S. Assistant Teacher 2021].,Keep only if cross-TET practice is intentional; otherwise remove from the CTET bank or relabel exam provenance.,
1773,CTET Bank Hindi Language_ Pedagogy Q4,hindi,high,scope_paper2_visible,"exams,source","Row is classified as ctet1, but its CSV source/option metadata explicitly says Paper II or Classes VI-VIII.",Move to ctet2 or remove from the Paper-I bank after provenance review.,
1774,CTET Bank Hindi Language_ Pedagogy Q5,hindi,high,scope_paper2_visible,"exams,source","Row is classified as ctet1, but its CSV source/option metadata explicitly says Paper II or Classes VI-VIII.",Move to ctet2 or remove from the Paper-I bank after provenance review.,
1775,CTET Bank Hindi Language_ Pedagogy Q6,hindi,high,scope_paper2_visible,"exams,source","Row is classified as ctet1, but its CSV source/option metadata explicitly says Paper II or Classes VI-VIII.",Move to ctet2 or remove from the Paper-I bank after provenance review.,
1776,CTET Bank Hindi Language_ Pedagogy Q7,hindi,high,scope_paper2_visible,"exams,source","Row is classified as ctet1, but its CSV source/option metadata explicitly says Paper II or Classes VI-VIII.",Move to ctet2 or remove from the Paper-I bank after provenance review.,
1777,CTET Bank Hindi Language_ Pedagogy Q8,hindi,high,scope_paper2_visible,"exams,source","Row is classified as ctet1, but its CSV source/option metadata explicitly says Paper II or Classes VI-VIII.",Move to ctet2 or remove from the Paper-I bank after provenance review.,
1781,CTET Bank Hindi Language_ Pedagogy Q12,hindi,high,scope_paper2_source_match,"exams,source","Row is classified as ctet1, but its bank label, question number, and normalized stem match a source Markdown block marked Paper II/Classes VI-VIII, with no Paper-I marker in that block.",Move to ctet2 or remove from the Paper-I bank after provenance review.,
1782,CTET Bank Hindi Language_ Pedagogy Q13,hindi,high,scope_paper2_source_match,"exams,source","Row is classified as ctet1, but its bank label, question number, and normalized stem match a source Markdown block marked Paper II/Classes VI-VIII, with no Paper-I marker in that block.",Move to ctet2 or remove from the Paper-I bank after provenance review.,
1783,CTET Bank Hindi Language_ Pedagogy Q14,hindi,high,scope_paper2_source_match,"exams,source","Row is classified as ctet1, but its bank label, question number, and normalized stem match a source Markdown block marked Paper II/Classes VI-VIII, with no Paper-I marker in that block.",Move to ctet2 or remove from the Paper-I bank after provenance review.,
1784,CTET Bank Hindi Language_ Pedagogy Q15,hindi,high,scope_paper2_source_match,"exams,source","Row is classified as ctet1, but its bank label, question number, and normalized stem match a source Markdown block marked Paper II/Classes VI-VIII, with no Paper-I marker in that block.",Move to ctet2 or remove from the Paper-I bank after provenance review.,
1785,CTET Bank Hindi Language_ Pedagogy Q16,hindi,high,scope_paper2_source_match,"exams,source","Row is classified as ctet1, but its bank label, question number, and normalized stem match a source Markdown block marked Paper II/Classes VI-VIII, with no Paper-I marker in that block.",Move to ctet2 or remove from the Paper-I bank after provenance review.,
1786,CTET Bank Hindi Language_ Pedagogy Q17,hindi,high,scope_paper2_source_match,"exams,source","Row is classified as ctet1, but its bank label, question number, and normalized stem match a source Markdown block marked Paper II/Classes VI-VIII, with no Paper-I marker in that block.",Move to ctet2 or remove from the Paper-I bank after provenance review.,
1787,CTET Bank Hindi Language_ Pedagogy Q18,hindi,high,scope_paper2_source_match,"exams,source","Row is classified as ctet1, but its bank label, question number, and normalized stem match a source Markdown block marked Paper II/Classes VI-VIII, with no Paper-I marker in that block.",Move to ctet2 or remove from the Paper-I bank after provenance review.,
1788,CTET Bank Hindi Language_ Pedagogy Q19,hindi,high,scope_paper2_source_match,"exams,source","Row is classified as ctet1, but its bank label, question number, and normalized stem match a source Markdown block marked Paper II/Classes VI-VIII, with no Paper-I marker in that block.",Move to ctet2 or remove from the Paper-I bank after provenance review.,
1790,CTET Bank Hindi Language_ Pedagogy Q21,hindi,high,scope_paper2_source_match,"exams,source","Row is classified as ctet1, but its bank label, question number, and normalized stem match a source Markdown block marked Paper II/Classes VI-VIII, with no Paper-I marker in that block.",Move to ctet2 or remove from the Paper-I bank after provenance review.,
1791,CTET Bank Hindi Language_ Pedagogy Q22,hindi,high,scope_paper2_source_match,"exams,source","Row is classified as ctet1, but its bank label, question number, and normalized stem match a source Markdown block marked Paper II/Classes VI-VIII, with no Paper-I marker in that block.",Move to ctet2 or remove from the Paper-I bank after provenance review.,
1792,CTET Bank Hindi Language_ Pedagogy Q23,hindi,high,scope_paper2_source_match,"exams,source","Row is classified as ctet1, but its bank label, question number, and normalized stem match a source Markdown block marked Paper II/Classes VI-VIII, with no Paper-I marker in that block.",Move to ctet2 or remove from the Paper-I bank after provenance review.,
1806,CTET Bank Hindi Language_ Pedagogy Q7,hindi,high,scope_paper2_visible,"exams,source","Row is classified as ctet1, but its CSV source/option metadata explicitly says Paper II or Classes VI-VIII.",Move to ctet2 or remove from the Paper-I bank after provenance review.,
1807,CTET Bank Hindi Language_ Pedagogy Q8,hindi,high,scope_paper2_visible,"exams,source","Row is classified as ctet1, but its CSV source/option metadata explicitly says Paper II or Classes VI-VIII.",Move to ctet2 or remove from the Paper-I bank after provenance review.,
1808,CTET Bank Hindi Language_ Pedagogy Q9,hindi,high,scope_paper2_visible,"exams,source","Row is classified as ctet1, but its CSV source/option metadata explicitly says Paper II or Classes VI-VIII.",Move to ctet2 or remove from the Paper-I bank after provenance review.,
1814,CTET Bank Hindi Language_ Pedagogy Q15,hindi,high,scope_paper2_source_match,"exams,source","Row is classified as ctet1, but its bank label, question number, and normalized stem match a source Markdown block marked Paper II/Classes VI-VIII, with no Paper-I marker in that block.",Move to ctet2 or remove from the Paper-I bank after provenance review.,
1815,CTET Bank Hindi Language_ Pedagogy Q16,hindi,high,scope_paper2_source_match,"exams,source","Row is classified as ctet1, but its bank label, question number, and normalized stem match a source Markdown block marked Paper II/Classes VI-VIII, with no Paper-I marker in that block.",Move to ctet2 or remove from the Paper-I bank after provenance review.,
1816,CTET Bank Hindi Language_ Pedagogy Q17,hindi,high,scope_paper2_source_match,"exams,source","Row is classified as ctet1, but its bank label, question number, and normalized stem match a source Markdown block marked Paper II/Classes VI-VIII, with no Paper-I marker in that block.",Move to ctet2 or remove from the Paper-I bank after provenance review.,
1817,CTET Bank Hindi Language_ Pedagogy Q18,hindi,high,scope_paper2_source_match,"exams,source","Row is classified as ctet1, but its bank label, question number, and normalized stem match a source Markdown block marked Paper II/Classes VI-VIII, with no Paper-I marker in that block.",Move to ctet2 or remove from the Paper-I bank after provenance review.,
1818,CTET Bank Hindi Language_ Pedagogy Q19,hindi,high,scope_paper2_source_match,"exams,source","Row is classified as ctet1, but its bank label, question number, and normalized stem match a source Markdown block marked Paper II/Classes VI-VIII, with no Paper-I marker in that block.",Move to ctet2 or remove from the Paper-I bank after provenance review.,
1821,CTET Bank Hindi Language_ Pedagogy Q22,hindi,high,scope_paper2_source_match,"exams,source","Row is classified as ctet1, but its bank label, question number, and normalized stem match a source Markdown block marked Paper II/Classes VI-VIII, with no Paper-I marker in that block.",Move to ctet2 or remove from the Paper-I bank after provenance review.,
1822,CTET Bank Hindi Language_ Pedagogy Q23,hindi,high,scope_paper2_source_match,"exams,source","Row is classified as ctet1, but its bank label, question number, and normalized stem match a source Markdown block marked Paper II/Classes VI-VIII, with no Paper-I marker in that block.",Move to ctet2 or remove from the Paper-I bank after provenance review.,
1823,CTET Bank Hindi Language_ Pedagogy Q24,hindi,high,scope_paper2_source_match,"exams,source","Row is classified as ctet1, but its bank label, question number, and normalized stem match a source Markdown block marked Paper II/Classes VI-VIII, with no Paper-I marker in that block.",Move to ctet2 or remove from the Paper-I bank after provenance review.,
1827,CTET Bank Hindi Language_ Pedagogy Q28,hindi,high,scope_paper2_source_match,"exams,source","Row is classified as ctet1, but its bank label, question number, and normalized stem match a source Markdown block marked Paper II/Classes VI-VIII, with no Paper-I marker in that block.",Move to ctet2 or remove from the Paper-I bank after provenance review.,
1832,CTET Bank Hindi Language_ Pedagogy Q33 [UP Aided J.H.S. Assistant Teacher 2021],hindi,medium,scope_non_ctet_exam,"exams,source,is_pyq,years",Source tag identifies a non-CTET exam: [UP Aided J.H.S. Assistant Teacher 2021].,Keep only if cross-TET practice is intentional; otherwise remove from the CTET bank or relabel exam provenance.,
1833,CTET Bank Hindi Language_ Pedagogy Q34,hindi,high,scope_paper2_source_match,"exams,source","Row is classified as ctet1, but its bank label, question number, and normalized stem match a source Markdown block marked Paper II/Classes VI-VIII, with no Paper-I marker in that block.",Move to ctet2 or remove from the Paper-I bank after provenance review.,
1835,CTET Bank Hindi Language_ Pedagogy Q36,hindi,high,scope_paper2_source_match,"exams,source","Row is classified as ctet1, but its bank label, question number, and normalized stem match a source Markdown block marked Paper II/Classes VI-VIII, with no Paper-I marker in that block.",Move to ctet2 or remove from the Paper-I bank after provenance review.,
1836,CTET Bank Hindi Language_ Pedagogy Q37,hindi,high,scope_paper2_source_match,"exams,source","Row is classified as ctet1, but its bank label, question number, and normalized stem match a source Markdown block marked Paper II/Classes VI-VIII, with no Paper-I marker in that block.",Move to ctet2 or remove from the Paper-I bank after provenance review.,
1837,CTET Bank Hindi Language_ Pedagogy Q38,hindi,high,scope_paper2_source_match,"exams,source","Row is classified as ctet1, but its bank label, question number, and normalized stem match a source Markdown block marked Paper II/Classes VI-VIII, with no Paper-I marker in that block.",Move to ctet2 or remove from the Paper-I bank after provenance review.,
1838,CTET Bank Hindi Language_ Pedagogy Q39,hindi,high,scope_paper2_source_match,"exams,source","Row is classified as ctet1, but its bank label, question number, and normalized stem match a source Markdown block marked Paper II/Classes VI-VIII, with no Paper-I marker in that block.",Move to ctet2 or remove from the Paper-I bank after provenance review.,
1839,CTET Bank Hindi Language_ Pedagogy Q40,hindi,high,scope_paper2_source_match,"exams,source","Row is classified as ctet1, but its bank label, question number, and normalized stem match a source Markdown block marked Paper II/Classes VI-VIII, with no Paper-I marker in that block.",Move to ctet2 or remove from the Paper-I bank after provenance review.,
1841,CTET Bank Hindi Language_ Pedagogy Q42,hindi,high,scope_paper2_source_match,"exams,source","Row is classified as ctet1, but its bank label, question number, and normalized stem match a source Markdown block marked Paper II/Classes VI-VIII, with no Paper-I marker in that block.",Move to ctet2 or remove from the Paper-I bank after provenance review.,
1845,CTET Bank Hindi Language_ Pedagogy Q46,hindi,high,scope_paper2_source_match,"exams,source","Row is classified as ctet1, but its bank label, question number, and normalized stem match a source Markdown block marked Paper II/Classes VI-VIII, with no Paper-I marker in that block.",Move to ctet2 or remove from the Paper-I bank after provenance review.,
1846,CTET Bank Hindi Language_ Pedagogy Q1 [UP Aided J.H.S. Assistant Teacher 2021],hindi,medium,scope_non_ctet_exam,"exams,source,is_pyq,years",Source tag identifies a non-CTET exam: [UP Aided J.H.S. Assistant Teacher 2021].,Keep only if cross-TET practice is intentional; otherwise remove from the CTET bank or relabel exam provenance.,
1847,CTET Bank Hindi Language_ Pedagogy Q2,hindi,high,scope_paper2_visible,"exams,source","Row is classified as ctet1, but its CSV source/option metadata explicitly says Paper II or Classes VI-VIII.",Move to ctet2 or remove from the Paper-I bank after provenance review.,
1849,CTET Bank Hindi Language_ Pedagogy Q4,hindi,high,scope_paper2_source_match,"exams,source","Row is classified as ctet1, but its bank label, question number, and normalized stem match a source Markdown block marked Paper II/Classes VI-VIII, with no Paper-I marker in that block.",Move to ctet2 or remove from the Paper-I bank after provenance review.,
1850,CTET Bank Hindi Language_ Pedagogy Q5,hindi,high,scope_paper2_source_match,"exams,source","Row is classified as ctet1, but its bank label, question number, and normalized stem match a source Markdown block marked Paper II/Classes VI-VIII, with no Paper-I marker in that block.",Move to ctet2 or remove from the Paper-I bank after provenance review.,
1851,CTET Bank Hindi Language_ Pedagogy Q6,hindi,high,scope_paper2_source_match,"exams,source","Row is classified as ctet1, but its bank label, question number, and normalized stem match a source Markdown block marked Paper II/Classes VI-VIII, with no Paper-I marker in that block.",Move to ctet2 or remove from the Paper-I bank after provenance review.,
1858,CTET Bank Hindi Language_ Pedagogy Q13,hindi,high,scope_paper2_source_match,"exams,source","Row is classified as ctet1, but its bank label, question number, and normalized stem match a source Markdown block marked Paper II/Classes VI-VIII, with no Paper-I marker in that block.",Move to ctet2 or remove from the Paper-I bank after provenance review.,
1859,CTET Bank Hindi Language_ Pedagogy Q14,hindi,high,scope_paper2_source_match,"exams,source","Row is classified as ctet1, but its bank label, question number, and normalized stem match a source Markdown block marked Paper II/Classes VI-VIII, with no Paper-I marker in that block.",Move to ctet2 or remove from the Paper-I bank after provenance review.,
1860,CTET Bank Hindi Language_ Pedagogy Q15,hindi,high,scope_paper2_source_match,"exams,source","Row is classified as ctet1, but its bank label, question number, and normalized stem match a source Markdown block marked Paper II/Classes VI-VIII, with no Paper-I marker in that block.",Move to ctet2 or remove from the Paper-I bank after provenance review.,
1861,CTET Bank Hindi Language_ Pedagogy Q16,hindi,high,scope_paper2_source_match,"exams,source","Row is classified as ctet1, but its bank label, question number, and normalized stem match a source Markdown block marked Paper II/Classes VI-VIII, with no Paper-I marker in that block.",Move to ctet2 or remove from the Paper-I bank after provenance review.,
1862,CTET Bank Hindi Language_ Pedagogy Q17,hindi,high,scope_paper2_source_match,"exams,source","Row is classified as ctet1, but its bank label, question number, and normalized stem match a source Markdown block marked Paper II/Classes VI-VIII, with no Paper-I marker in that block.",Move to ctet2 or remove from the Paper-I bank after provenance review.,
1863,CTET Bank Hindi Language_ Pedagogy Q18,hindi,high,scope_paper2_source_match,"exams,source","Row is classified as ctet1, but its bank label, question number, and normalized stem match a source Markdown block marked Paper II/Classes VI-VIII, with no Paper-I marker in that block.",Move to ctet2 or remove from the Paper-I bank after provenance review.,
1864,CTET Bank Hindi Language_ Pedagogy Q19,hindi,high,scope_paper2_source_match,"exams,source","Row is classified as ctet1, but its bank label, question number, and normalized stem match a source Markdown block marked Paper II/Classes VI-VIII, with no Paper-I marker in that block.",Move to ctet2 or remove from the Paper-I bank after provenance review.,
1866,CTET Bank Hindi Language_ Pedagogy Q21,hindi,high,scope_paper2_source_match,"exams,source","Row is classified as ctet1, but its bank label, question number, and normalized stem match a source Markdown block marked Paper II/Classes VI-VIII, with no Paper-I marker in that block.",Move to ctet2 or remove from the Paper-I bank after provenance review.,
1867,CTET Bank Hindi Language_ Pedagogy Q22,hindi,high,scope_paper2_source_match,"exams,source","Row is classified as ctet1, but its bank label, question number, and normalized stem match a source Markdown block marked Paper II/Classes VI-VIII, with no Paper-I marker in that block.",Move to ctet2 or remove from the Paper-I bank after provenance review.,
1869,CTET Bank Hindi Language_ Pedagogy Q24,hindi,high,scope_paper2_visible,"exams,source","Row is classified as ctet1, but its CSV source/option metadata explicitly says Paper II or Classes VI-VIII.",Move to ctet2 or remove from the Paper-I bank after provenance review.,
1870,CTET Bank Hindi Language_ Pedagogy Q25,hindi,high,scope_paper2_visible,"exams,source","Row is classified as ctet1, but its CSV source/option metadata explicitly says Paper II or Classes VI-VIII.",Move to ctet2 or remove from the Paper-I bank after provenance review.,
1875,CTET Bank Hindi Language_ Pedagogy Q30,hindi,high,scope_paper2_source_match,"exams,source","Row is classified as ctet1, but its bank label, question number, and normalized stem match a source Markdown block marked Paper II/Classes VI-VIII, with no Paper-I marker in that block.",Move to ctet2 or remove from the Paper-I bank after provenance review.,
1876,CTET Bank Hindi Language_ Pedagogy Q31,hindi,high,scope_paper2_source_match,"exams,source","Row is classified as ctet1, but its bank label, question number, and normalized stem match a source Markdown block marked Paper II/Classes VI-VIII, with no Paper-I marker in that block.",Move to ctet2 or remove from the Paper-I bank after provenance review.,
1877,CTET Bank Hindi Language_ Pedagogy Q32,hindi,high,scope_paper2_source_match,"exams,source","Row is classified as ctet1, but its bank label, question number, and normalized stem match a source Markdown block marked Paper II/Classes VI-VIII, with no Paper-I marker in that block.",Move to ctet2 or remove from the Paper-I bank after provenance review.,
1879,CTET Bank Hindi Language_ Pedagogy Q34,hindi,high,scope_paper2_source_match,"exams,source","Row is classified as ctet1, but its bank label, question number, and normalized stem match a source Markdown block marked Paper II/Classes VI-VIII, with no Paper-I marker in that block.",Move to ctet2 or remove from the Paper-I bank after provenance review.,
1880,CTET Bank Hindi Language_ Pedagogy Q35,hindi,high,scope_paper2_source_match,"exams,source","Row is classified as ctet1, but its bank label, question number, and normalized stem match a source Markdown block marked Paper II/Classes VI-VIII, with no Paper-I marker in that block.",Move to ctet2 or remove from the Paper-I bank after provenance review.,
1881,CTET Bank Hindi Language_ Pedagogy Q36,hindi,high,scope_paper2_source_match,"exams,source","Row is classified as ctet1, but its bank label, question number, and normalized stem match a source Markdown block marked Paper II/Classes VI-VIII, with no Paper-I marker in that block.",Move to ctet2 or remove from the Paper-I bank after provenance review.,
1882,CTET Bank Hindi Language_ Pedagogy Q37,hindi,high,scope_paper2_source_match,"exams,source","Row is classified as ctet1, but its bank label, question number, and normalized stem match a source Markdown block marked Paper II/Classes VI-VIII, with no Paper-I marker in that block.",Move to ctet2 or remove from the Paper-I bank after provenance review.,
1883,CTET Bank Hindi Language_ Pedagogy Q38,hindi,high,scope_paper2_source_match,"exams,source","Row is classified as ctet1, but its bank label, question number, and normalized stem match a source Markdown block marked Paper II/Classes VI-VIII, with no Paper-I marker in that block.",Move to ctet2 or remove from the Paper-I bank after provenance review.,
1884,CTET Bank Hindi Language_ Pedagogy Q39,hindi,high,scope_paper2_source_match,"exams,source","Row is classified as ctet1, but its bank label, question number, and normalized stem match a source Markdown block marked Paper II/Classes VI-VIII, with no Paper-I marker in that block.",Move to ctet2 or remove from the Paper-I bank after provenance review.,
1887,CTET Bank Hindi Language_ Pedagogy Q42 [UP Aided J.H.S. Assistant Teacher 2021],hindi,medium,scope_non_ctet_exam,"exams,source,is_pyq,years",Source tag identifies a non-CTET exam: [UP Aided J.H.S. Assistant Teacher 2021].,Keep only if cross-TET practice is intentional; otherwise remove from the CTET bank or relabel exam provenance.,
1888,CTET Bank Hindi Language_ Pedagogy Q43 [UP Aided J.H.S. Assistant Teacher 2021],hindi,medium,scope_non_ctet_exam,"exams,source,is_pyq,years",Source tag identifies a non-CTET exam: [UP Aided J.H.S. Assistant Teacher 2021].,Keep only if cross-TET practice is intentional; otherwise remove from the CTET bank or relabel exam provenance.,
1889,CTET Bank Hindi Language_ Pedagogy Q44,hindi,high,scope_paper2_source_match,"exams,source","Row is classified as ctet1, but its bank label, question number, and normalized stem match a source Markdown block marked Paper II/Classes VI-VIII, with no Paper-I marker in that block.",Move to ctet2 or remove from the Paper-I bank after provenance review.,
1891,CTET Bank Hindi Language_ Pedagogy Q46 [UP Aided J.H.S. Assistant Teacher 2021],hindi,medium,scope_non_ctet_exam,"exams,source,is_pyq,years",Source tag identifies a non-CTET exam: [UP Aided J.H.S. Assistant Teacher 2021].,Keep only if cross-TET practice is intentional; otherwise remove from the CTET bank or relabel exam provenance.,
1892,CTET Bank Hindi Language_ Pedagogy Q47,hindi,high,scope_paper2_source_match,"exams,source","Row is classified as ctet1, but its bank label, question number, and normalized stem match a source Markdown block marked Paper II/Classes VI-VIII, with no Paper-I marker in that block.",Move to ctet2 or remove from the Paper-I bank after provenance review.,
1893,CTET Bank Hindi Language_ Pedagogy Q48,hindi,high,scope_paper2_source_match,"exams,source","Row is classified as ctet1, but its bank label, question number, and normalized stem match a source Markdown block marked Paper II/Classes VI-VIII, with no Paper-I marker in that block.",Move to ctet2 or remove from the Paper-I bank after provenance review.,
1894,CTET Bank Hindi Language_ Pedagogy Q49,hindi,high,scope_paper2_source_match,"exams,source","Row is classified as ctet1, but its bank label, question number, and normalized stem match a source Markdown block marked Paper II/Classes VI-VIII, with no Paper-I marker in that block.",Move to ctet2 or remove from the Paper-I bank after provenance review.,
1897,CTET Bank Hindi Language_ Pedagogy Q52,hindi,high,scope_paper2_source_match,"exams,source","Row is classified as ctet1, but its bank label, question number, and normalized stem match a source Markdown block marked Paper II/Classes VI-VIII, with no Paper-I marker in that block.",Move to ctet2 or remove from the Paper-I bank after provenance review.,
1899,CTET Bank Hindi Language_ Pedagogy Q54,hindi,high,scope_paper2_source_match,"exams,source","Row is classified as ctet1, but its bank label, question number, and normalized stem match a source Markdown block marked Paper II/Classes VI-VIII, with no Paper-I marker in that block.",Move to ctet2 or remove from the Paper-I bank after provenance review.,
1904,CTET Bank Hindi Language_ Pedagogy Q59 [UP Aided J.H.S. Assistant Teacher 2021],hindi,medium,scope_non_ctet_exam,"exams,source,is_pyq,years",Source tag identifies a non-CTET exam: [UP Aided J.H.S. Assistant Teacher 2021].,Keep only if cross-TET practice is intentional; otherwise remove from the CTET bank or relabel exam provenance.,
1905,CTET Bank Hindi Language_ Pedagogy Q60 [UP Aided J.H.S. Assistant Teacher 2021],hindi,medium,scope_non_ctet_exam,"exams,source,is_pyq,years",Source tag identifies a non-CTET exam: [UP Aided J.H.S. Assistant Teacher 2021].,Keep only if cross-TET practice is intentional; otherwise remove from the CTET bank or relabel exam provenance.,
1906,CTET Bank Hindi Language_ Pedagogy Q61 [UP Aided J.H.S. Assistant Teacher 2021],hindi,medium,scope_non_ctet_exam,"exams,source,is_pyq,years",Source tag identifies a non-CTET exam: [UP Aided J.H.S. Assistant Teacher 2021].,Keep only if cross-TET practice is intentional; otherwise remove from the CTET bank or relabel exam provenance.,
1910,CTET Bank Hindi Language_ Pedagogy Q1,hindi,high,scope_paper2_source_match,"exams,source","Row is classified as ctet1, but its bank label, question number, and normalized stem match a source Markdown block marked Paper II/Classes VI-VIII, with no Paper-I marker in that block.",Move to ctet2 or remove from the Paper-I bank after provenance review.,
1911,CTET Bank Hindi Language_ Pedagogy Q2,hindi,high,scope_paper2_source_match,"exams,source","Row is classified as ctet1, but its bank label, question number, and normalized stem match a source Markdown block marked Paper II/Classes VI-VIII, with no Paper-I marker in that block.",Move to ctet2 or remove from the Paper-I bank after provenance review.,
1912,CTET Bank Hindi Language_ Pedagogy Q3,hindi,high,scope_paper2_source_match,"exams,source","Row is classified as ctet1, but its bank label, question number, and normalized stem match a source Markdown block marked Paper II/Classes VI-VIII, with no Paper-I marker in that block.",Move to ctet2 or remove from the Paper-I bank after provenance review.,
1912,CTET Bank Hindi Language_ Pedagogy Q3,hindi,high,unrelated_preamble_or_ocr_garbage,"q_hi,q_en","The stem includes unrelated chapter headings, preceding explanations/questions, lists, or OCR debris before the actual question.",Delete unrelated text and retain one complete canonical stem only.,
1913,CTET Bank Hindi Language_ Pedagogy Q4,hindi,high,scope_paper2_source_match,"exams,source","Row is classified as ctet1, but its bank label, question number, and normalized stem match a source Markdown block marked Paper II/Classes VI-VIII, with no Paper-I marker in that block.",Move to ctet2 or remove from the Paper-I bank after provenance review.,
1916,CTET Bank Hindi Language_ Pedagogy Q7,hindi,high,scope_paper2_source_match,"exams,source","Row is classified as ctet1, but its bank label, question number, and normalized stem match a source Markdown block marked Paper II/Classes VI-VIII, with no Paper-I marker in that block.",Move to ctet2 or remove from the Paper-I bank after provenance review.,
1918,CTET Bank Hindi Language_ Pedagogy Q9,hindi,high,scope_paper2_source_match,"exams,source","Row is classified as ctet1, but its bank label, question number, and normalized stem match a source Markdown block marked Paper II/Classes VI-VIII, with no Paper-I marker in that block.",Move to ctet2 or remove from the Paper-I bank after provenance review.,
1919,CTET Bank Hindi Language_ Pedagogy Q10,hindi,high,scope_paper2_source_match,"exams,source","Row is classified as ctet1, but its bank label, question number, and normalized stem match a source Markdown block marked Paper II/Classes VI-VIII, with no Paper-I marker in that block.",Move to ctet2 or remove from the Paper-I bank after provenance review.,
1920,CTET Bank Hindi Language_ Pedagogy Q11,hindi,high,scope_paper2_source_match,"exams,source","Row is classified as ctet1, but its bank label, question number, and normalized stem match a source Markdown block marked Paper II/Classes VI-VIII, with no Paper-I marker in that block.",Move to ctet2 or remove from the Paper-I bank after provenance review.,
1921,CTET Bank Hindi Language_ Pedagogy Q12,hindi,high,scope_paper2_source_match,"exams,source","Row is classified as ctet1, but its bank label, question number, and normalized stem match a source Markdown block marked Paper II/Classes VI-VIII, with no Paper-I marker in that block.",Move to ctet2 or remove from the Paper-I bank after provenance review.,
1923,CTET Bank Hindi Language_ Pedagogy Q14 [UP Aided J.H.S. Assistant Teacher 2021],hindi,medium,scope_non_ctet_exam,"exams,source,is_pyq,years",Source tag identifies a non-CTET exam: [UP Aided J.H.S. Assistant Teacher 2021].,Keep only if cross-TET practice is intentional; otherwise remove from the CTET bank or relabel exam provenance.,
1924,CTET Bank Hindi Language_ Pedagogy Q15 [UP Aided J.H.S. Assistant Teacher 2021],hindi,medium,scope_non_ctet_exam,"exams,source,is_pyq,years",Source tag identifies a non-CTET exam: [UP Aided J.H.S. Assistant Teacher 2021].,Keep only if cross-TET practice is intentional; otherwise remove from the CTET bank or relabel exam provenance.,
1926,CTET Bank Hindi Language_ Pedagogy Q17,hindi,high,scope_paper2_visible,"exams,source","Row is classified as ctet1, but its CSV source/option metadata explicitly says Paper II or Classes VI-VIII.",Move to ctet2 or remove from the Paper-I bank after provenance review.,
1927,CTET Bank Hindi Language_ Pedagogy Q18,hindi,high,scope_paper2_source_match,"exams,source","Row is classified as ctet1, but its bank label, question number, and normalized stem match a source Markdown block marked Paper II/Classes VI-VIII, with no Paper-I marker in that block.",Move to ctet2 or remove from the Paper-I bank after provenance review.,
1928,CTET Bank Hindi Language_ Pedagogy Q19,hindi,high,scope_paper2_source_match,"exams,source","Row is classified as ctet1, but its bank label, question number, and normalized stem match a source Markdown block marked Paper II/Classes VI-VIII, with no Paper-I marker in that block.",Move to ctet2 or remove from the Paper-I bank after provenance review.,
1929,CTET Bank Hindi Language_ Pedagogy Q20,hindi,high,scope_paper2_source_match,"exams,source","Row is classified as ctet1, but its bank label, question number, and normalized stem match a source Markdown block marked Paper II/Classes VI-VIII, with no Paper-I marker in that block.",Move to ctet2 or remove from the Paper-I bank after provenance review.,
1930,CTET Bank Hindi Language_ Pedagogy Q21,hindi,high,scope_paper2_source_match,"exams,source","Row is classified as ctet1, but its bank label, question number, and normalized stem match a source Markdown block marked Paper II/Classes VI-VIII, with no Paper-I marker in that block.",Move to ctet2 or remove from the Paper-I bank after provenance review.,
1931,CTET Bank Hindi Language_ Pedagogy Q22,hindi,high,scope_paper2_source_match,"exams,source","Row is classified as ctet1, but its bank label, question number, and normalized stem match a source Markdown block marked Paper II/Classes VI-VIII, with no Paper-I marker in that block.",Move to ctet2 or remove from the Paper-I bank after provenance review.,
1932,CTET Bank Hindi Language_ Pedagogy Q23,hindi,high,scope_paper2_source_match,"exams,source","Row is classified as ctet1, but its bank label, question number, and normalized stem match a source Markdown block marked Paper II/Classes VI-VIII, with no Paper-I marker in that block.",Move to ctet2 or remove from the Paper-I bank after provenance review.,
1937,CTET Bank Hindi Language_ Pedagogy Q28 [UP Aided J.H.S. Assistant Teacher 2021],hindi,medium,scope_non_ctet_exam,"exams,source,is_pyq,years",Source tag identifies a non-CTET exam: [UP Aided J.H.S. Assistant Teacher 2021].,Keep only if cross-TET practice is intentional; otherwise remove from the CTET bank or relabel exam provenance.,
1939,CTET Bank Hindi Language_ Pedagogy Q30,hindi,high,scope_paper2_visible,"exams,source","Row is classified as ctet1, but its CSV source/option metadata explicitly says Paper II or Classes VI-VIII.",Move to ctet2 or remove from the Paper-I bank after provenance review.,
1940,CTET Bank Hindi Language_ Pedagogy Q1 [UP Aided J.H.S. Assistant Teacher 2021],hindi,medium,scope_non_ctet_exam,"exams,source,is_pyq,years",Source tag identifies a non-CTET exam: [UP Aided J.H.S. Assistant Teacher 2021].,Keep only if cross-TET practice is intentional; otherwise remove from the CTET bank or relabel exam provenance.,
1941,CTET Bank Hindi Language_ Pedagogy Q2 [UP Aided J.H.S. Assistant Teacher 2021],hindi,medium,scope_non_ctet_exam,"exams,source,is_pyq,years",Source tag identifies a non-CTET exam: [UP Aided J.H.S. Assistant Teacher 2021].,Keep only if cross-TET practice is intentional; otherwise remove from the CTET bank or relabel exam provenance.,
1943,CTET Bank Hindi Language_ Pedagogy Q4,hindi,high,scope_paper2_source_match,"exams,source","Row is classified as ctet1, but its bank label, question number, and normalized stem match a source Markdown block marked Paper II/Classes VI-VIII, with no Paper-I marker in that block.",Move to ctet2 or remove from the Paper-I bank after provenance review.,
1944,CTET Bank Hindi Language_ Pedagogy Q5,hindi,high,scope_paper2_source_match,"exams,source","Row is classified as ctet1, but its bank label, question number, and normalized stem match a source Markdown block marked Paper II/Classes VI-VIII, with no Paper-I marker in that block.",Move to ctet2 or remove from the Paper-I bank after provenance review.,
1946,CTET Bank Hindi Language_ Pedagogy Q7,hindi,high,scope_paper2_source_match,"exams,source","Row is classified as ctet1, but its bank label, question number, and normalized stem match a source Markdown block marked Paper II/Classes VI-VIII, with no Paper-I marker in that block.",Move to ctet2 or remove from the Paper-I bank after provenance review.,
1949,CTET Bank Hindi Language_ Pedagogy Q10,hindi,high,scope_paper2_source_match,"exams,source","Row is classified as ctet1, but its bank label, question number, and normalized stem match a source Markdown block marked Paper II/Classes VI-VIII, with no Paper-I marker in that block.",Move to ctet2 or remove from the Paper-I bank after provenance review.,
1950,CTET Bank Hindi Language_ Pedagogy Q11,hindi,high,scope_paper2_source_match,"exams,source","Row is classified as ctet1, but its bank label, question number, and normalized stem match a source Markdown block marked Paper II/Classes VI-VIII, with no Paper-I marker in that block.",Move to ctet2 or remove from the Paper-I bank after provenance review.,
1951,CTET Bank Hindi Language_ Pedagogy Q12,hindi,high,scope_paper2_source_match,"exams,source","Row is classified as ctet1, but its bank label, question number, and normalized stem match a source Markdown block marked Paper II/Classes VI-VIII, with no Paper-I marker in that block.",Move to ctet2 or remove from the Paper-I bank after provenance review.,
1952,CTET Bank Hindi Language_ Pedagogy Q13,hindi,high,scope_paper2_source_match,"exams,source","Row is classified as ctet1, but its bank label, question number, and normalized stem match a source Markdown block marked Paper II/Classes VI-VIII, with no Paper-I marker in that block.",Move to ctet2 or remove from the Paper-I bank after provenance review.,
1954,CTET Bank Hindi Language_ Pedagogy Q15,hindi,high,scope_paper2_source_match,"exams,source","Row is classified as ctet1, but its bank label, question number, and normalized stem match a source Markdown block marked Paper II/Classes VI-VIII, with no Paper-I marker in that block.",Move to ctet2 or remove from the Paper-I bank after provenance review.,
1955,CTET Bank Hindi Language_ Pedagogy Q16,hindi,high,scope_paper2_source_match,"exams,source","Row is classified as ctet1, but its bank label, question number, and normalized stem match a source Markdown block marked Paper II/Classes VI-VIII, with no Paper-I marker in that block.",Move to ctet2 or remove from the Paper-I bank after provenance review.,
1957,CTET Bank Hindi Language_ Pedagogy Q18,hindi,high,scope_paper2_source_match,"exams,source","Row is classified as ctet1, but its bank label, question number, and normalized stem match a source Markdown block marked Paper II/Classes VI-VIII, with no Paper-I marker in that block.",Move to ctet2 or remove from the Paper-I bank after provenance review.,
1959,CTET Bank Hindi Language_ Pedagogy Q20,hindi,high,scope_paper2_visible,"exams,source","Row is classified as ctet1, but its CSV source/option metadata explicitly says Paper II or Classes VI-VIII.",Move to ctet2 or remove from the Paper-I bank after provenance review.,
1960,CTET Bank Hindi Language_ Pedagogy Q21,hindi,high,scope_paper2_source_match,"exams,source","Row is classified as ctet1, but its bank label, question number, and normalized stem match a source Markdown block marked Paper II/Classes VI-VIII, with no Paper-I marker in that block.",Move to ctet2 or remove from the Paper-I bank after provenance review.,
1962,CTET Bank Hindi Language_ Pedagogy Q2,hindi,high,scope_paper2_source_match,"exams,source","Row is classified as ctet1, but its bank label, question number, and normalized stem match a source Markdown block marked Paper II/Classes VI-VIII, with no Paper-I marker in that block.",Move to ctet2 or remove from the Paper-I bank after provenance review.,
1963,CTET Bank Hindi Language_ Pedagogy Q3,hindi,high,scope_paper2_source_match,"exams,source","Row is classified as ctet1, but its bank label, question number, and normalized stem match a source Markdown block marked Paper II/Classes VI-VIII, with no Paper-I marker in that block.",Move to ctet2 or remove from the Paper-I bank after provenance review.,
1964,CTET Bank Hindi Language_ Pedagogy Q4,hindi,high,scope_paper2_source_match,"exams,source","Row is classified as ctet1, but its bank label, question number, and normalized stem match a source Markdown block marked Paper II/Classes VI-VIII, with no Paper-I marker in that block.",Move to ctet2 or remove from the Paper-I bank after provenance review.,
1965,CTET Bank Hindi Language_ Pedagogy Q5,hindi,high,scope_paper2_source_match,"exams,source","Row is classified as ctet1, but its bank label, question number, and normalized stem match a source Markdown block marked Paper II/Classes VI-VIII, with no Paper-I marker in that block.",Move to ctet2 or remove from the Paper-I bank after provenance review.,
1967,CTET Bank Hindi Language_ Pedagogy Q7,hindi,high,scope_paper2_source_match,"exams,source","Row is classified as ctet1, but its bank label, question number, and normalized stem match a source Markdown block marked Paper II/Classes VI-VIII, with no Paper-I marker in that block.",Move to ctet2 or remove from the Paper-I bank after provenance review.,
1968,CTET Bank Hindi Language_ Pedagogy Q8,hindi,high,scope_paper2_visible,"exams,source","Row is classified as ctet1, but its CSV source/option metadata explicitly says Paper II or Classes VI-VIII.",Move to ctet2 or remove from the Paper-I bank after provenance review.,
1969,CTET Bank Hindi Language_ Pedagogy Q9,hindi,high,scope_paper2_source_match,"exams,source","Row is classified as ctet1, but its bank label, question number, and normalized stem match a source Markdown block marked Paper II/Classes VI-VIII, with no Paper-I marker in that block.",Move to ctet2 or remove from the Paper-I bank after provenance review.,
1970,CTET Bank Hindi Language_ Pedagogy Q10,hindi,high,scope_paper2_source_match,"exams,source","Row is classified as ctet1, but its bank label, question number, and normalized stem match a source Markdown block marked Paper II/Classes VI-VIII, with no Paper-I marker in that block.",Move to ctet2 or remove from the Paper-I bank after provenance review.,
1971,CTET Bank Hindi Language_ Pedagogy Q11,hindi,high,scope_paper2_source_match,"exams,source","Row is classified as ctet1, but its bank label, question number, and normalized stem match a source Markdown block marked Paper II/Classes VI-VIII, with no Paper-I marker in that block.",Move to ctet2 or remove from the Paper-I bank after provenance review.,
1972,CTET Bank Hindi Language_ Pedagogy Q12,hindi,high,scope_paper2_source_match,"exams,source","Row is classified as ctet1, but its bank label, question number, and normalized stem match a source Markdown block marked Paper II/Classes VI-VIII, with no Paper-I marker in that block.",Move to ctet2 or remove from the Paper-I bank after provenance review.,
1974,CTET Bank Hindi Language_ Pedagogy Q14,hindi,high,scope_paper2_source_match,"exams,source","Row is classified as ctet1, but its bank label, question number, and normalized stem match a source Markdown block marked Paper II/Classes VI-VIII, with no Paper-I marker in that block.",Move to ctet2 or remove from the Paper-I bank after provenance review.,
1975,CTET Bank Hindi Language_ Pedagogy Q15,hindi,high,scope_paper2_source_match,"exams,source","Row is classified as ctet1, but its bank label, question number, and normalized stem match a source Markdown block marked Paper II/Classes VI-VIII, with no Paper-I marker in that block.",Move to ctet2 or remove from the Paper-I bank after provenance review.,
1979,CTET Bank Hindi Language_ Pedagogy Q1 [UP Aided J.H.S. Assistant Teacher 2021],hindi,medium,scope_non_ctet_exam,"exams,source,is_pyq,years",Source tag identifies a non-CTET exam: [UP Aided J.H.S. Assistant Teacher 2021].,Keep only if cross-TET practice is intentional; otherwise remove from the CTET bank or relabel exam provenance.,
1980,CTET Bank Hindi Language_ Pedagogy Q2 [UP Aided J.H.S. Assistant Teacher 2021],hindi,medium,scope_non_ctet_exam,"exams,source,is_pyq,years",Source tag identifies a non-CTET exam: [UP Aided J.H.S. Assistant Teacher 2021].,Keep only if cross-TET practice is intentional; otherwise remove from the CTET bank or relabel exam provenance.,
1981,CTET Bank Hindi Language_ Pedagogy Q3 [UP Aided J.H.S. Assistant Teacher 2021],hindi,medium,scope_non_ctet_exam,"exams,source,is_pyq,years",Source tag identifies a non-CTET exam: [UP Aided J.H.S. Assistant Teacher 2021].,Keep only if cross-TET practice is intentional; otherwise remove from the CTET bank or relabel exam provenance.,
1982,CTET Bank Hindi Language_ Pedagogy Q4 [UP Aided J.H.S. Assistant Teacher 2021],hindi,medium,scope_non_ctet_exam,"exams,source,is_pyq,years",Source tag identifies a non-CTET exam: [UP Aided J.H.S. Assistant Teacher 2021].,Keep only if cross-TET practice is intentional; otherwise remove from the CTET bank or relabel exam provenance.,
1983,CTET Bank Hindi Language_ Pedagogy Q5 [UP Aided J.H.S. Assistant Teacher 2021],hindi,medium,scope_non_ctet_exam,"exams,source,is_pyq,years",Source tag identifies a non-CTET exam: [UP Aided J.H.S. Assistant Teacher 2021].,Keep only if cross-TET practice is intentional; otherwise remove from the CTET bank or relabel exam provenance.,
1984,CTET Bank Hindi Language_ Pedagogy Q6,hindi,high,scope_paper2_visible,"exams,source","Row is classified as ctet1, but its CSV source/option metadata explicitly says Paper II or Classes VI-VIII.",Move to ctet2 or remove from the Paper-I bank after provenance review.,
1985,CTET Bank Hindi Language_ Pedagogy Q7,hindi,high,scope_paper2_visible,"exams,source","Row is classified as ctet1, but its CSV source/option metadata explicitly says Paper II or Classes VI-VIII.",Move to ctet2 or remove from the Paper-I bank after provenance review.,
1986,CTET Bank Hindi Language_ Pedagogy Q8,hindi,high,scope_paper2_visible,"exams,source","Row is classified as ctet1, but its CSV source/option metadata explicitly says Paper II or Classes VI-VIII.",Move to ctet2 or remove from the Paper-I bank after provenance review.,
1987,CTET Bank Hindi Language_ Pedagogy Q9,hindi,high,scope_paper2_source_match,"exams,source","Row is classified as ctet1, but its bank label, question number, and normalized stem match a source Markdown block marked Paper II/Classes VI-VIII, with no Paper-I marker in that block.",Move to ctet2 or remove from the Paper-I bank after provenance review.,
1988,CTET Bank Hindi Language_ Pedagogy Q11,hindi,high,scope_paper2_source_match,"exams,source","Row is classified as ctet1, but its bank label, question number, and normalized stem match a source Markdown block marked Paper II/Classes VI-VIII, with no Paper-I marker in that block.",Move to ctet2 or remove from the Paper-I bank after provenance review.,
1989,CTET Bank Hindi Language_ Pedagogy Q12,hindi,high,scope_paper2_source_match,"exams,source","Row is classified as ctet1, but its bank label, question number, and normalized stem match a source Markdown block marked Paper II/Classes VI-VIII, with no Paper-I marker in that block.",Move to ctet2 or remove from the Paper-I bank after provenance review.,
1990,CTET Bank Hindi Language_ Pedagogy Q13,hindi,high,scope_paper2_source_match,"exams,source","Row is classified as ctet1, but its bank label, question number, and normalized stem match a source Markdown block marked Paper II/Classes VI-VIII, with no Paper-I marker in that block.",Move to ctet2 or remove from the Paper-I bank after provenance review.,
1991,CTET Bank Hindi Language_ Pedagogy Q14,hindi,high,scope_paper2_source_match,"exams,source","Row is classified as ctet1, but its bank label, question number, and normalized stem match a source Markdown block marked Paper II/Classes VI-VIII, with no Paper-I marker in that block.",Move to ctet2 or remove from the Paper-I bank after provenance review.,
1992,CTET Bank Hindi Language_ Pedagogy Q15,hindi,high,scope_paper2_source_match,"exams,source","Row is classified as ctet1, but its bank label, question number, and normalized stem match a source Markdown block marked Paper II/Classes VI-VIII, with no Paper-I marker in that block.",Move to ctet2 or remove from the Paper-I bank after provenance review.,
1993,CTET Bank Hindi Language_ Pedagogy Q16,hindi,high,scope_paper2_source_match,"exams,source","Row is classified as ctet1, but its bank label, question number, and normalized stem match a source Markdown block marked Paper II/Classes VI-VIII, with no Paper-I marker in that block.",Move to ctet2 or remove from the Paper-I bank after provenance review.,
1994,CTET Bank Hindi Language_ Pedagogy Q17,hindi,high,scope_paper2_source_match,"exams,source","Row is classified as ctet1, but its bank label, question number, and normalized stem match a source Markdown block marked Paper II/Classes VI-VIII, with no Paper-I marker in that block.",Move to ctet2 or remove from the Paper-I bank after provenance review.,
1995,CTET Bank Hindi Language_ Pedagogy Q18,hindi,high,scope_paper2_source_match,"exams,source","Row is classified as ctet1, but its bank label, question number, and normalized stem match a source Markdown block marked Paper II/Classes VI-VIII, with no Paper-I marker in that block.",Move to ctet2 or remove from the Paper-I bank after provenance review.,
1996,CTET Bank Hindi Language_ Pedagogy Q19,hindi,high,scope_paper2_source_match,"exams,source","Row is classified as ctet1, but its bank label, question number, and normalized stem match a source Markdown block marked Paper II/Classes VI-VIII, with no Paper-I marker in that block.",Move to ctet2 or remove from the Paper-I bank after provenance review.,
1997,CTET Bank Hindi Language_ Pedagogy Q20,hindi,high,scope_paper2_source_match,"exams,source","Row is classified as ctet1, but its bank label, question number, and normalized stem match a source Markdown block marked Paper II/Classes VI-VIII, with no Paper-I marker in that block.",Move to ctet2 or remove from the Paper-I bank after provenance review.,
1998,CTET Bank Hindi Language_ Pedagogy Q21,hindi,high,scope_paper2_source_match,"exams,source","Row is classified as ctet1, but its bank label, question number, and normalized stem match a source Markdown block marked Paper II/Classes VI-VIII, with no Paper-I marker in that block.",Move to ctet2 or remove from the Paper-I bank after provenance review.,
1999,CTET Bank Hindi Language_ Pedagogy Q22,hindi,high,scope_paper2_source_match,"exams,source","Row is classified as ctet1, but its bank label, question number, and normalized stem match a source Markdown block marked Paper II/Classes VI-VIII, with no Paper-I marker in that block.",Move to ctet2 or remove from the Paper-I bank after provenance review.,
2000,CTET Bank Hindi Language_ Pedagogy Q23,hindi,high,scope_paper2_source_match,"exams,source","Row is classified as ctet1, but its bank label, question number, and normalized stem match a source Markdown block marked Paper II/Classes VI-VIII, with no Paper-I marker in that block.",Move to ctet2 or remove from the Paper-I bank after provenance review.,
2005,CTET Bank Hindi Language_ Pedagogy Q28 [UP Aided J.H.S. Assistant Teacher 2021],hindi,medium,scope_non_ctet_exam,"exams,source,is_pyq,years",Source tag identifies a non-CTET exam: [UP Aided J.H.S. Assistant Teacher 2021].,Keep only if cross-TET practice is intentional; otherwise remove from the CTET bank or relabel exam provenance.,
2006,CTET Bank Hindi Language_ Pedagogy Q29 [UP Aided J.H.S. Assistant Teacher 2021],hindi,medium,scope_non_ctet_exam,"exams,source,is_pyq,years",Source tag identifies a non-CTET exam: [UP Aided J.H.S. Assistant Teacher 2021].,Keep only if cross-TET practice is intentional; otherwise remove from the CTET bank or relabel exam provenance.,
2008,CTET Bank Hindi Language_ Pedagogy Q31,hindi,high,scope_paper2_visible,"exams,source","Row is classified as ctet1, but its CSV source/option metadata explicitly says Paper II or Classes VI-VIII.",Move to ctet2 or remove from the Paper-I bank after provenance review.,
2009,CTET Bank Hindi Language_ Pedagogy Q32,hindi,high,scope_paper2_visible,"exams,source","Row is classified as ctet1, but its CSV source/option metadata explicitly says Paper II or Classes VI-VIII.",Move to ctet2 or remove from the Paper-I bank after provenance review.,
2010,CTET Bank Hindi Language_ Pedagogy Q33,hindi,high,scope_paper2_visible,"exams,source","Row is classified as ctet1, but its CSV source/option metadata explicitly says Paper II or Classes VI-VIII.",Move to ctet2 or remove from the Paper-I bank after provenance review.,
2011,CTET Bank Hindi Language_ Pedagogy Q34,hindi,high,scope_paper2_source_match,"exams,source","Row is classified as ctet1, but its bank label, question number, and normalized stem match a source Markdown block marked Paper II/Classes VI-VIII, with no Paper-I marker in that block.",Move to ctet2 or remove from the Paper-I bank after provenance review.,
2013,CTET Bank Hindi Language_ Pedagogy Q36,hindi,high,scope_paper2_source_match,"exams,source","Row is classified as ctet1, but its bank label, question number, and normalized stem match a source Markdown block marked Paper II/Classes VI-VIII, with no Paper-I marker in that block.",Move to ctet2 or remove from the Paper-I bank after provenance review.,
2014,CTET Bank Hindi Language_ Pedagogy Q37,hindi,high,scope_paper2_source_match,"exams,source","Row is classified as ctet1, but its bank label, question number, and normalized stem match a source Markdown block marked Paper II/Classes VI-VIII, with no Paper-I marker in that block.",Move to ctet2 or remove from the Paper-I bank after provenance review.,
2015,CTET Bank Hindi Language_ Pedagogy Q38,hindi,high,scope_paper2_source_match,"exams,source","Row is classified as ctet1, but its bank label, question number, and normalized stem match a source Markdown block marked Paper II/Classes VI-VIII, with no Paper-I marker in that block.",Move to ctet2 or remove from the Paper-I bank after provenance review.,
2016,CTET Bank Hindi Language_ Pedagogy Q39,hindi,high,scope_paper2_source_match,"exams,source","Row is classified as ctet1, but its bank label, question number, and normalized stem match a source Markdown block marked Paper II/Classes VI-VIII, with no Paper-I marker in that block.",Move to ctet2 or remove from the Paper-I bank after provenance review.,
2019,CTET Bank Hindi Language_ Pedagogy Q42,hindi,high,scope_paper2_source_match,"exams,source","Row is classified as ctet1, but its bank label, question number, and normalized stem match a source Markdown block marked Paper II/Classes VI-VIII, with no Paper-I marker in that block.",Move to ctet2 or remove from the Paper-I bank after provenance review.,
2025,CTET Bank Hindi Language_ Pedagogy Q1 [UP Aided J.H.S. Assistant Teacher 2021],hindi,medium,scope_non_ctet_exam,"exams,source,is_pyq,years",Source tag identifies a non-CTET exam: [UP Aided J.H.S. Assistant Teacher 2021].,Keep only if cross-TET practice is intentional; otherwise remove from the CTET bank or relabel exam provenance.,
2026,CTET Bank Hindi Language_ Pedagogy Q2 [UP Aided J.H.S. Assistant Teacher 2021],hindi,medium,scope_non_ctet_exam,"exams,source,is_pyq,years",Source tag identifies a non-CTET exam: [UP Aided J.H.S. Assistant Teacher 2021].,Keep only if cross-TET practice is intentional; otherwise remove from the CTET bank or relabel exam provenance.,
2031,CTET Bank Hindi Language_ Pedagogy Q7,hindi,high,scope_paper2_visible,"exams,source","Row is classified as ctet1, but its CSV source/option metadata explicitly says Paper II or Classes VI-VIII.",Move to ctet2 or remove from the Paper-I bank after provenance review.,
2032,CTET Bank Hindi Language_ Pedagogy Q8,hindi,high,scope_paper2_visible,"exams,source","Row is classified as ctet1, but its CSV source/option metadata explicitly says Paper II or Classes VI-VIII.",Move to ctet2 or remove from the Paper-I bank after provenance review.,
2033,CTET Bank Hindi Language_ Pedagogy Q9,hindi,high,scope_paper2_visible,"exams,source","Row is classified as ctet1, but its CSV source/option metadata explicitly says Paper II or Classes VI-VIII.",Move to ctet2 or remove from the Paper-I bank after provenance review.,
2034,CTET Bank Hindi Language_ Pedagogy Q10,hindi,high,scope_paper2_visible,"exams,source","Row is classified as ctet1, but its CSV source/option metadata explicitly says Paper II or Classes VI-VIII.",Move to ctet2 or remove from the Paper-I bank after provenance review.,
2035,CTET Bank Hindi Language_ Pedagogy Q11,hindi,high,scope_paper2_source_match,"exams,source","Row is classified as ctet1, but its bank label, question number, and normalized stem match a source Markdown block marked Paper II/Classes VI-VIII, with no Paper-I marker in that block.",Move to ctet2 or remove from the Paper-I bank after provenance review.,
2036,CTET Bank Hindi Language_ Pedagogy Q12,hindi,high,scope_paper2_source_match,"exams,source","Row is classified as ctet1, but its bank label, question number, and normalized stem match a source Markdown block marked Paper II/Classes VI-VIII, with no Paper-I marker in that block.",Move to ctet2 or remove from the Paper-I bank after provenance review.,
2037,CTET Bank Hindi Language_ Pedagogy Q13,hindi,high,scope_paper2_source_match,"exams,source","Row is classified as ctet1, but its bank label, question number, and normalized stem match a source Markdown block marked Paper II/Classes VI-VIII, with no Paper-I marker in that block.",Move to ctet2 or remove from the Paper-I bank after provenance review.,
2038,CTET Bank Hindi Language_ Pedagogy Q14,hindi,high,scope_paper2_source_match,"exams,source","Row is classified as ctet1, but its bank label, question number, and normalized stem match a source Markdown block marked Paper II/Classes VI-VIII, with no Paper-I marker in that block.",Move to ctet2 or remove from the Paper-I bank after provenance review.,
2039,CTET Bank Hindi Language_ Pedagogy Q15,hindi,high,scope_paper2_source_match,"exams,source","Row is classified as ctet1, but its bank label, question number, and normalized stem match a source Markdown block marked Paper II/Classes VI-VIII, with no Paper-I marker in that block.",Move to ctet2 or remove from the Paper-I bank after provenance review.,
2040,CTET Bank Hindi Language_ Pedagogy Q16,hindi,high,scope_paper2_source_match,"exams,source","Row is classified as ctet1, but its bank label, question number, and normalized stem match a source Markdown block marked Paper II/Classes VI-VIII, with no Paper-I marker in that block.",Move to ctet2 or remove from the Paper-I bank after provenance review.,
2041,CTET Bank Hindi Language_ Pedagogy Q17,hindi,high,scope_paper2_source_match,"exams,source","Row is classified as ctet1, but its bank label, question number, and normalized stem match a source Markdown block marked Paper II/Classes VI-VIII, with no Paper-I marker in that block.",Move to ctet2 or remove from the Paper-I bank after provenance review.,
2042,CTET Bank Hindi Language_ Pedagogy Q18,hindi,high,scope_paper2_source_match,"exams,source","Row is classified as ctet1, but its bank label, question number, and normalized stem match a source Markdown block marked Paper II/Classes VI-VIII, with no Paper-I marker in that block.",Move to ctet2 or remove from the Paper-I bank after provenance review.,
2043,CTET Bank Hindi Language_ Pedagogy Q19,hindi,high,scope_paper2_source_match,"exams,source","Row is classified as ctet1, but its bank label, question number, and normalized stem match a source Markdown block marked Paper II/Classes VI-VIII, with no Paper-I marker in that block.",Move to ctet2 or remove from the Paper-I bank after provenance review.,
2044,CTET Bank Hindi Language_ Pedagogy Q20,hindi,high,scope_paper2_source_match,"exams,source","Row is classified as ctet1, but its bank label, question number, and normalized stem match a source Markdown block marked Paper II/Classes VI-VIII, with no Paper-I marker in that block.",Move to ctet2 or remove from the Paper-I bank after provenance review.,
2045,CTET Bank Hindi Language_ Pedagogy Q21,hindi,high,scope_paper2_source_match,"exams,source","Row is classified as ctet1, but its bank label, question number, and normalized stem match a source Markdown block marked Paper II/Classes VI-VIII, with no Paper-I marker in that block.",Move to ctet2 or remove from the Paper-I bank after provenance review.,
2046,CTET Bank Hindi Language_ Pedagogy Q22,hindi,high,scope_paper2_source_match,"exams,source","Row is classified as ctet1, but its bank label, question number, and normalized stem match a source Markdown block marked Paper II/Classes VI-VIII, with no Paper-I marker in that block.",Move to ctet2 or remove from the Paper-I bank after provenance review.,
2047,CTET Bank Hindi Language_ Pedagogy Q23,hindi,high,scope_paper2_source_match,"exams,source","Row is classified as ctet1, but its bank label, question number, and normalized stem match a source Markdown block marked Paper II/Classes VI-VIII, with no Paper-I marker in that block.",Move to ctet2 or remove from the Paper-I bank after provenance review.,
2048,CTET Bank Hindi Language_ Pedagogy Q24,hindi,high,scope_paper2_source_match,"exams,source","Row is classified as ctet1, but its bank label, question number, and normalized stem match a source Markdown block marked Paper II/Classes VI-VIII, with no Paper-I marker in that block.",Move to ctet2 or remove from the Paper-I bank after provenance review.,
2049,CTET Bank Hindi Language_ Pedagogy Q25,hindi,high,scope_paper2_source_match,"exams,source","Row is classified as ctet1, but its bank label, question number, and normalized stem match a source Markdown block marked Paper II/Classes VI-VIII, with no Paper-I marker in that block.",Move to ctet2 or remove from the Paper-I bank after provenance review.,
2062,CTET Bank Hindi Language_ Pedagogy Q1 [UP Aided J.H.S. Assistant Teacher 2021],hindi,medium,scope_non_ctet_exam,"exams,source,is_pyq,years",Source tag identifies a non-CTET exam: [UP Aided J.H.S. Assistant Teacher 2021].,Keep only if cross-TET practice is intentional; otherwise remove from the CTET bank or relabel exam provenance.,
2063,CTET Bank Hindi Language_ Pedagogy Q2,hindi,high,scope_paper2_visible,"exams,source","Row is classified as ctet1, but its CSV source/option metadata explicitly says Paper II or Classes VI-VIII.",Move to ctet2 or remove from the Paper-I bank after provenance review.,
2064,CTET Bank Hindi Language_ Pedagogy Q3,hindi,high,scope_paper2_visible,"exams,source","Row is classified as ctet1, but its CSV source/option metadata explicitly says Paper II or Classes VI-VIII.",Move to ctet2 or remove from the Paper-I bank after provenance review.,
2065,CTET Bank Hindi Language_ Pedagogy Q4,hindi,high,scope_paper2_visible,"exams,source","Row is classified as ctet1, but its CSV source/option metadata explicitly says Paper II or Classes VI-VIII.",Move to ctet2 or remove from the Paper-I bank after provenance review.,
2066,CTET Bank Hindi Language_ Pedagogy Q5,hindi,high,scope_paper2_source_match,"exams,source","Row is classified as ctet1, but its bank label, question number, and normalized stem match a source Markdown block marked Paper II/Classes VI-VIII, with no Paper-I marker in that block.",Move to ctet2 or remove from the Paper-I bank after provenance review.,
2067,CTET Bank Hindi Language_ Pedagogy Q6,hindi,high,scope_paper2_source_match,"exams,source","Row is classified as ctet1, but its bank label, question number, and normalized stem match a source Markdown block marked Paper II/Classes VI-VIII, with no Paper-I marker in that block.",Move to ctet2 or remove from the Paper-I bank after provenance review.,
2068,CTET Bank Hindi Language_ Pedagogy Q7,hindi,high,scope_paper2_source_match,"exams,source","Row is classified as ctet1, but its bank label, question number, and normalized stem match a source Markdown block marked Paper II/Classes VI-VIII, with no Paper-I marker in that block.",Move to ctet2 or remove from the Paper-I bank after provenance review.,
2069,CTET Bank Hindi Language_ Pedagogy Q8,hindi,high,scope_paper2_source_match,"exams,source","Row is classified as ctet1, but its bank label, question number, and normalized stem match a source Markdown block marked Paper II/Classes VI-VIII, with no Paper-I marker in that block.",Move to ctet2 or remove from the Paper-I bank after provenance review.,
2070,CTET Bank Hindi Language_ Pedagogy Q9,hindi,high,scope_paper2_source_match,"exams,source","Row is classified as ctet1, but its bank label, question number, and normalized stem match a source Markdown block marked Paper II/Classes VI-VIII, with no Paper-I marker in that block.",Move to ctet2 or remove from the Paper-I bank after provenance review.,
2071,CTET Bank Hindi Language_ Pedagogy Q10,hindi,high,scope_paper2_source_match,"exams,source","Row is classified as ctet1, but its bank label, question number, and normalized stem match a source Markdown block marked Paper II/Classes VI-VIII, with no Paper-I marker in that block.",Move to ctet2 or remove from the Paper-I bank after provenance review.,
2072,CTET Bank Hindi Language_ Pedagogy Q11,hindi,high,scope_paper2_source_match,"exams,source","Row is classified as ctet1, but its bank label, question number, and normalized stem match a source Markdown block marked Paper II/Classes VI-VIII, with no Paper-I marker in that block.",Move to ctet2 or remove from the Paper-I bank after provenance review.,
2073,CTET Bank Hindi Language_ Pedagogy Q12,hindi,high,scope_paper2_source_match,"exams,source","Row is classified as ctet1, but its bank label, question number, and normalized stem match a source Markdown block marked Paper II/Classes VI-VIII, with no Paper-I marker in that block.",Move to ctet2 or remove from the Paper-I bank after provenance review.,
2074,CTET Bank Hindi Language_ Pedagogy Q13 [Uttarakhand TET Ist Paper (I-V) April 2016],hindi,medium,scope_non_ctet_exam,"exams,source,is_pyq,years",Source tag identifies a non-CTET exam: [Uttarakhand TET Ist Paper (I-V) April 2016].,Keep only if cross-TET practice is intentional; otherwise remove from the CTET bank or relabel exam provenance.,
2076,CTET Bank Hindi Language_ Pedagogy Q1,hindi,high,scope_paper2_visible,"exams,source","Row is classified as ctet1, but its CSV source/option metadata explicitly says Paper II or Classes VI-VIII.",Move to ctet2 or remove from the Paper-I bank after provenance review.,
2077,CTET Bank Hindi Language_ Pedagogy Q2,hindi,high,scope_paper2_visible,"exams,source","Row is classified as ctet1, but its CSV source/option metadata explicitly says Paper II or Classes VI-VIII.",Move to ctet2 or remove from the Paper-I bank after provenance review.,
2078,CTET Bank Hindi Language_ Pedagogy Q3,hindi,high,scope_paper2_visible,"exams,source","Row is classified as ctet1, but its CSV source/option metadata explicitly says Paper II or Classes VI-VIII.",Move to ctet2 or remove from the Paper-I bank after provenance review.,
2079,CTET Bank Hindi Language_ Pedagogy Q4,hindi,high,scope_paper2_visible,"exams,source","Row is classified as ctet1, but its CSV source/option metadata explicitly says Paper II or Classes VI-VIII.",Move to ctet2 or remove from the Paper-I bank after provenance review.,
2080,CTET Bank Hindi Language_ Pedagogy Q5,hindi,high,scope_paper2_source_match,"exams,source","Row is classified as ctet1, but its bank label, question number, and normalized stem match a source Markdown block marked Paper II/Classes VI-VIII, with no Paper-I marker in that block.",Move to ctet2 or remove from the Paper-I bank after provenance review.,
2081,CTET Bank Hindi Language_ Pedagogy Q6,hindi,high,scope_paper2_source_match,"exams,source","Row is classified as ctet1, but its bank label, question number, and normalized stem match a source Markdown block marked Paper II/Classes VI-VIII, with no Paper-I marker in that block.",Move to ctet2 or remove from the Paper-I bank after provenance review.,
2082,CTET Bank Hindi Language_ Pedagogy Q7,hindi,high,scope_paper2_source_match,"exams,source","Row is classified as ctet1, but its bank label, question number, and normalized stem match a source Markdown block marked Paper II/Classes VI-VIII, with no Paper-I marker in that block.",Move to ctet2 or remove from the Paper-I bank after provenance review.,
2083,CTET Bank Hindi Language_ Pedagogy Q8,hindi,high,scope_paper2_source_match,"exams,source","Row is classified as ctet1, but its bank label, question number, and normalized stem match a source Markdown block marked Paper II/Classes VI-VIII, with no Paper-I marker in that block.",Move to ctet2 or remove from the Paper-I bank after provenance review.,
2084,CTET Bank Hindi Language_ Pedagogy Q9,hindi,high,scope_paper2_source_match,"exams,source","Row is classified as ctet1, but its bank label, question number, and normalized stem match a source Markdown block marked Paper II/Classes VI-VIII, with no Paper-I marker in that block.",Move to ctet2 or remove from the Paper-I bank after provenance review.,
2085,CTET Bank Hindi Language_ Pedagogy Q1 [UP Aided J.H.S. Assistant Teacher 2021],hindi,medium,scope_non_ctet_exam,"exams,source,is_pyq,years",Source tag identifies a non-CTET exam: [UP Aided J.H.S. Assistant Teacher 2021].,Keep only if cross-TET practice is intentional; otherwise remove from the CTET bank or relabel exam provenance.,
2086,CTET Bank Hindi Language_ Pedagogy Q2,hindi,high,scope_paper2_visible,"exams,source","Row is classified as ctet1, but its CSV source/option metadata explicitly says Paper II or Classes VI-VIII.",Move to ctet2 or remove from the Paper-I bank after provenance review.,
2087,CTET Bank Hindi Language_ Pedagogy Q3,hindi,high,scope_paper2_visible,"exams,source","Row is classified as ctet1, but its CSV source/option metadata explicitly says Paper II or Classes VI-VIII.",Move to ctet2 or remove from the Paper-I bank after provenance review.,
2088,CTET Bank Hindi Language_ Pedagogy Q4,hindi,high,scope_paper2_source_match,"exams,source","Row is classified as ctet1, but its bank label, question number, and normalized stem match a source Markdown block marked Paper II/Classes VI-VIII, with no Paper-I marker in that block.",Move to ctet2 or remove from the Paper-I bank after provenance review.,
2089,CTET Bank Hindi Language_ Pedagogy Q5,hindi,high,scope_paper2_source_match,"exams,source","Row is classified as ctet1, but its bank label, question number, and normalized stem match a source Markdown block marked Paper II/Classes VI-VIII, with no Paper-I marker in that block.",Move to ctet2 or remove from the Paper-I bank after provenance review.,
2093,CTET Bank Hindi Language_ Pedagogy Q4 [UP Aided J.H.S. Assistant Teacher 2021 | UP Aided J.H.S. Assistant Teacher 2021],hindi,medium,scope_non_ctet_exam,"exams,source,is_pyq,years",Source tag identifies a non-CTET exam: [UP Aided J.H.S. Assistant Teacher 2021 | UP Aided J.H.S. Assistant Teacher 2021].,Keep only if cross-TET practice is intentional; otherwise remove from the CTET bank or relabel exam provenance.,
2094,CTET Bank Hindi Language_ Pedagogy Q5 [UP Aided J.H.S. Assistant Teacher 2021],hindi,medium,scope_non_ctet_exam,"exams,source,is_pyq,years",Source tag identifies a non-CTET exam: [UP Aided J.H.S. Assistant Teacher 2021].,Keep only if cross-TET practice is intentional; otherwise remove from the CTET bank or relabel exam provenance.,
2095,CTET Bank Hindi Language_ Pedagogy Q6 [UP Aided J.H.S. Assistant Teacher 2021],hindi,medium,scope_non_ctet_exam,"exams,source,is_pyq,years",Source tag identifies a non-CTET exam: [UP Aided J.H.S. Assistant Teacher 2021].,Keep only if cross-TET practice is intentional; otherwise remove from the CTET bank or relabel exam provenance.,
2096,CTET Bank Hindi Language_ Pedagogy Q7 [UP Aided J.H.S. Assistant Teacher 2021],hindi,medium,scope_non_ctet_exam,"exams,source,is_pyq,years",Source tag identifies a non-CTET exam: [UP Aided J.H.S. Assistant Teacher 2021].,Keep only if cross-TET practice is intentional; otherwise remove from the CTET bank or relabel exam provenance.,
2097,CTET Bank Hindi Language_ Pedagogy Q8 [UP Aided J.H.S. Assistant Teacher 2021],hindi,medium,scope_non_ctet_exam,"exams,source,is_pyq,years",Source tag identifies a non-CTET exam: [UP Aided J.H.S. Assistant Teacher 2021].,Keep only if cross-TET practice is intentional; otherwise remove from the CTET bank or relabel exam provenance.,
2098,CTET Bank Hindi Language_ Pedagogy Q9 [UP Aided J.H.S. Assistant Teacher 2021],hindi,medium,scope_non_ctet_exam,"exams,source,is_pyq,years",Source tag identifies a non-CTET exam: [UP Aided J.H.S. Assistant Teacher 2021].,Keep only if cross-TET practice is intentional; otherwise remove from the CTET bank or relabel exam provenance.,
2099,CTET Bank Hindi Language_ Pedagogy Q10 [UP Aided J.H.S. Assistant Teacher 2021],hindi,medium,scope_non_ctet_exam,"exams,source,is_pyq,years",Source tag identifies a non-CTET exam: [UP Aided J.H.S. Assistant Teacher 2021].,Keep only if cross-TET practice is intentional; otherwise remove from the CTET bank or relabel exam provenance.,
2100,CTET Bank Hindi Language_ Pedagogy Q11 [UP Aided J.H.S. Assistant Teacher 2021],hindi,medium,scope_non_ctet_exam,"exams,source,is_pyq,years",Source tag identifies a non-CTET exam: [UP Aided J.H.S. Assistant Teacher 2021].,Keep only if cross-TET practice is intentional; otherwise remove from the CTET bank or relabel exam provenance.,
2101,CTET Bank Hindi Language_ Pedagogy Q12 [UP Aided J.H.S. Assistant Teacher 2021],hindi,medium,scope_non_ctet_exam,"exams,source,is_pyq,years",Source tag identifies a non-CTET exam: [UP Aided J.H.S. Assistant Teacher 2021].,Keep only if cross-TET practice is intentional; otherwise remove from the CTET bank or relabel exam provenance.,
2102,CTET Bank Hindi Language_ Pedagogy Q13 [UP Aided J.H.S. Assistant Teacher 2021],hindi,medium,scope_non_ctet_exam,"exams,source,is_pyq,years",Source tag identifies a non-CTET exam: [UP Aided J.H.S. Assistant Teacher 2021].,Keep only if cross-TET practice is intentional; otherwise remove from the CTET bank or relabel exam provenance.,
2103,CTET Bank Hindi Language_ Pedagogy Q14 [UP Aided J.H.S. Assistant Teacher 2021],hindi,medium,scope_non_ctet_exam,"exams,source,is_pyq,years",Source tag identifies a non-CTET exam: [UP Aided J.H.S. Assistant Teacher 2021].,Keep only if cross-TET practice is intentional; otherwise remove from the CTET bank or relabel exam provenance.,
2104,CTET Bank Hindi Language_ Pedagogy Q15 [UP Aided J.H.S. Assistant Teacher 2021],hindi,medium,scope_non_ctet_exam,"exams,source,is_pyq,years",Source tag identifies a non-CTET exam: [UP Aided J.H.S. Assistant Teacher 2021].,Keep only if cross-TET practice is intentional; otherwise remove from the CTET bank or relabel exam provenance.,
2105,CTET Bank Hindi Language_ Pedagogy Q16 [UP Aided J.H.S. Assistant Teacher 2021],hindi,medium,scope_non_ctet_exam,"exams,source,is_pyq,years",Source tag identifies a non-CTET exam: [UP Aided J.H.S. Assistant Teacher 2021].,Keep only if cross-TET practice is intentional; otherwise remove from the CTET bank or relabel exam provenance.,
2106,CTET Bank Hindi Language_ Pedagogy Q17 [UP Aided J.H.S. Assistant Teacher 2021],hindi,medium,scope_non_ctet_exam,"exams,source,is_pyq,years",Source tag identifies a non-CTET exam: [UP Aided J.H.S. Assistant Teacher 2021].,Keep only if cross-TET practice is intentional; otherwise remove from the CTET bank or relabel exam provenance.,
2107,CTET Bank Hindi Language_ Pedagogy Q18 [UP Aided J.H.S. Assistant Teacher 2021],hindi,medium,scope_non_ctet_exam,"exams,source,is_pyq,years",Source tag identifies a non-CTET exam: [UP Aided J.H.S. Assistant Teacher 2021].,Keep only if cross-TET practice is intentional; otherwise remove from the CTET bank or relabel exam provenance.,
2108,CTET Bank Hindi Language_ Pedagogy Q19 [UP Aided J.H.S. Assistant Teacher 2021],hindi,medium,scope_non_ctet_exam,"exams,source,is_pyq,years",Source tag identifies a non-CTET exam: [UP Aided J.H.S. Assistant Teacher 2021].,Keep only if cross-TET practice is intentional; otherwise remove from the CTET bank or relabel exam provenance.,
2109,CTET Bank Hindi Language_ Pedagogy Q20 [UP Aided J.H.S. Assistant Teacher 2021],hindi,medium,scope_non_ctet_exam,"exams,source,is_pyq,years",Source tag identifies a non-CTET exam: [UP Aided J.H.S. Assistant Teacher 2021].,Keep only if cross-TET practice is intentional; otherwise remove from the CTET bank or relabel exam provenance.,
2110,CTET Bank Hindi Language_ Pedagogy Q21 [UP Aided J.H.S. Assistant Teacher 2021],hindi,medium,scope_non_ctet_exam,"exams,source,is_pyq,years",Source tag identifies a non-CTET exam: [UP Aided J.H.S. Assistant Teacher 2021].,Keep only if cross-TET practice is intentional; otherwise remove from the CTET bank or relabel exam provenance.,
2111,CTET Bank Hindi Language_ Pedagogy Q22 [UP Aided J.H.S. Assistant Teacher 2021],hindi,medium,scope_non_ctet_exam,"exams,source,is_pyq,years",Source tag identifies a non-CTET exam: [UP Aided J.H.S. Assistant Teacher 2021].,Keep only if cross-TET practice is intentional; otherwise remove from the CTET bank or relabel exam provenance.,
2112,CTET Bank Hindi Language_ Pedagogy Q23 [UP Aided J.H.S. Assistant Teacher 2021],hindi,medium,scope_non_ctet_exam,"exams,source,is_pyq,years",Source tag identifies a non-CTET exam: [UP Aided J.H.S. Assistant Teacher 2021].,Keep only if cross-TET practice is intentional; otherwise remove from the CTET bank or relabel exam provenance.,
2113,CTET Bank Hindi Language_ Pedagogy Q24 [UP Aided J.H.S. Assistant Teacher 2021],hindi,medium,scope_non_ctet_exam,"exams,source,is_pyq,years",Source tag identifies a non-CTET exam: [UP Aided J.H.S. Assistant Teacher 2021].,Keep only if cross-TET practice is intentional; otherwise remove from the CTET bank or relabel exam provenance.,
2114,CTET Bank Hindi Language_ Pedagogy Q25 [UP Aided J.H.S. Assistant Teacher 2021],hindi,medium,scope_non_ctet_exam,"exams,source,is_pyq,years",Source tag identifies a non-CTET exam: [UP Aided J.H.S. Assistant Teacher 2021].,Keep only if cross-TET practice is intentional; otherwise remove from the CTET bank or relabel exam provenance.,
2115,CTET Bank Hindi Language_ Pedagogy Q26 [UP Aided J.H.S. Assistant Teacher 2021],hindi,medium,scope_non_ctet_exam,"exams,source,is_pyq,years",Source tag identifies a non-CTET exam: [UP Aided J.H.S. Assistant Teacher 2021].,Keep only if cross-TET practice is intentional; otherwise remove from the CTET bank or relabel exam provenance.,
2116,CTET Bank Hindi Language_ Pedagogy Q27 [UP Aided J.H.S. Assistant Teacher 2021],hindi,medium,scope_non_ctet_exam,"exams,source,is_pyq,years",Source tag identifies a non-CTET exam: [UP Aided J.H.S. Assistant Teacher 2021].,Keep only if cross-TET practice is intentional; otherwise remove from the CTET bank or relabel exam provenance.,
2117,CTET Bank Hindi Language_ Pedagogy Q28 [UP Aided J.H.S. Assistant Teacher 2021],hindi,medium,scope_non_ctet_exam,"exams,source,is_pyq,years",Source tag identifies a non-CTET exam: [UP Aided J.H.S. Assistant Teacher 2021].,Keep only if cross-TET practice is intentional; otherwise remove from the CTET bank or relabel exam provenance.,
2118,CTET Bank Hindi Language_ Pedagogy Q29 [UP Aided J.H.S. Assistant Teacher 2021],hindi,medium,scope_non_ctet_exam,"exams,source,is_pyq,years",Source tag identifies a non-CTET exam: [UP Aided J.H.S. Assistant Teacher 2021].,Keep only if cross-TET practice is intentional; otherwise remove from the CTET bank or relabel exam provenance.,
2119,CTET Bank Hindi Language_ Pedagogy Q30 [UP Aided J.H.S. Assistant Teacher 2021],hindi,medium,scope_non_ctet_exam,"exams,source,is_pyq,years",Source tag identifies a non-CTET exam: [UP Aided J.H.S. Assistant Teacher 2021].,Keep only if cross-TET practice is intentional; otherwise remove from the CTET bank or relabel exam provenance.,
2120,CTET Bank Hindi Language_ Pedagogy Q31 [UP Aided J.H.S. Assistant Teacher 2021],hindi,medium,scope_non_ctet_exam,"exams,source,is_pyq,years",Source tag identifies a non-CTET exam: [UP Aided J.H.S. Assistant Teacher 2021].,Keep only if cross-TET practice is intentional; otherwise remove from the CTET bank or relabel exam provenance.,
2121,CTET Bank Hindi Language_ Pedagogy Q32 [UP Aided J.H.S. Assistant Teacher 2021],hindi,medium,scope_non_ctet_exam,"exams,source,is_pyq,years",Source tag identifies a non-CTET exam: [UP Aided J.H.S. Assistant Teacher 2021].,Keep only if cross-TET practice is intentional; otherwise remove from the CTET bank or relabel exam provenance.,
2122,CTET Bank Hindi Language_ Pedagogy Q33 [UP Aided J.H.S. Assistant Teacher 2021],hindi,medium,scope_non_ctet_exam,"exams,source,is_pyq,years",Source tag identifies a non-CTET exam: [UP Aided J.H.S. Assistant Teacher 2021].,Keep only if cross-TET practice is intentional; otherwise remove from the CTET bank or relabel exam provenance.,
2123,CTET Bank Hindi Language_ Pedagogy Q34 [UP Aided J.H.S. Assistant Teacher 2021],hindi,medium,scope_non_ctet_exam,"exams,source,is_pyq,years",Source tag identifies a non-CTET exam: [UP Aided J.H.S. Assistant Teacher 2021].,Keep only if cross-TET practice is intentional; otherwise remove from the CTET bank or relabel exam provenance.,
2124,CTET Bank Hindi Language_ Pedagogy Q35 [UP Aided J.H.S. Assistant Teacher 2021],hindi,medium,scope_non_ctet_exam,"exams,source,is_pyq,years",Source tag identifies a non-CTET exam: [UP Aided J.H.S. Assistant Teacher 2021].,Keep only if cross-TET practice is intentional; otherwise remove from the CTET bank or relabel exam provenance.,
2125,CTET Bank Hindi Language_ Pedagogy Q36 [UP Aided J.H.S. Assistant Teacher 2021],hindi,medium,scope_non_ctet_exam,"exams,source,is_pyq,years",Source tag identifies a non-CTET exam: [UP Aided J.H.S. Assistant Teacher 2021].,Keep only if cross-TET practice is intentional; otherwise remove from the CTET bank or relabel exam provenance.,
2126,CTET Bank Hindi Language_ Pedagogy Q37 [UP Aided J.H.S. Assistant Teacher 2021],hindi,medium,scope_non_ctet_exam,"exams,source,is_pyq,years",Source tag identifies a non-CTET exam: [UP Aided J.H.S. Assistant Teacher 2021].,Keep only if cross-TET practice is intentional; otherwise remove from the CTET bank or relabel exam provenance.,
2127,CTET Bank Hindi Language_ Pedagogy Q38 [UP Aided J.H.S. Assistant Teacher 2021],hindi,medium,scope_non_ctet_exam,"exams,source,is_pyq,years",Source tag identifies a non-CTET exam: [UP Aided J.H.S. Assistant Teacher 2021].,Keep only if cross-TET practice is intentional; otherwise remove from the CTET bank or relabel exam provenance.,
2128,CTET Bank Hindi Language_ Pedagogy Q39 [UP Aided J.H.S. Assistant Teacher 2021],hindi,medium,scope_non_ctet_exam,"exams,source,is_pyq,years",Source tag identifies a non-CTET exam: [UP Aided J.H.S. Assistant Teacher 2021].,Keep only if cross-TET practice is intentional; otherwise remove from the CTET bank or relabel exam provenance.,
2129,CTET Bank Hindi Language_ Pedagogy Q40 [UP Aided J.H.S. Assistant Teacher 2021],hindi,medium,scope_non_ctet_exam,"exams,source,is_pyq,years",Source tag identifies a non-CTET exam: [UP Aided J.H.S. Assistant Teacher 2021].,Keep only if cross-TET practice is intentional; otherwise remove from the CTET bank or relabel exam provenance.,
2130,CTET Bank Hindi Language_ Pedagogy Q41 [UP Aided J.H.S. Assistant Teacher 2021],hindi,medium,scope_non_ctet_exam,"exams,source,is_pyq,years",Source tag identifies a non-CTET exam: [UP Aided J.H.S. Assistant Teacher 2021].,Keep only if cross-TET practice is intentional; otherwise remove from the CTET bank or relabel exam provenance.,
2131,CTET Bank Hindi Language_ Pedagogy Q42 [UP Aided J.H.S. Assistant Teacher 2021],hindi,medium,scope_non_ctet_exam,"exams,source,is_pyq,years",Source tag identifies a non-CTET exam: [UP Aided J.H.S. Assistant Teacher 2021].,Keep only if cross-TET practice is intentional; otherwise remove from the CTET bank or relabel exam provenance.,
2132,CTET Bank Hindi Language_ Pedagogy Q43 [UP Aided J.H.S. Assistant Teacher 2021],hindi,medium,scope_non_ctet_exam,"exams,source,is_pyq,years",Source tag identifies a non-CTET exam: [UP Aided J.H.S. Assistant Teacher 2021].,Keep only if cross-TET practice is intentional; otherwise remove from the CTET bank or relabel exam provenance.,
2133,CTET Bank Hindi Language_ Pedagogy Q44 [UP Aided J.H.S. Assistant Teacher 2021],hindi,medium,scope_non_ctet_exam,"exams,source,is_pyq,years",Source tag identifies a non-CTET exam: [UP Aided J.H.S. Assistant Teacher 2021].,Keep only if cross-TET practice is intentional; otherwise remove from the CTET bank or relabel exam provenance.,
2134,CTET Bank Hindi Language_ Pedagogy Q45 [UP Aided J.H.S. Assistant Teacher 2021],hindi,medium,scope_non_ctet_exam,"exams,source,is_pyq,years",Source tag identifies a non-CTET exam: [UP Aided J.H.S. Assistant Teacher 2021].,Keep only if cross-TET practice is intentional; otherwise remove from the CTET bank or relabel exam provenance.,
2135,CTET Bank Hindi Language_ Pedagogy Q46 [UP Aided J.H.S. Assistant Teacher 2021],hindi,medium,scope_non_ctet_exam,"exams,source,is_pyq,years",Source tag identifies a non-CTET exam: [UP Aided J.H.S. Assistant Teacher 2021].,Keep only if cross-TET practice is intentional; otherwise remove from the CTET bank or relabel exam provenance.,
2136,CTET Bank Hindi Language_ Pedagogy Q47 [UP Aided J.H.S. Assistant Teacher 2021],hindi,medium,scope_non_ctet_exam,"exams,source,is_pyq,years",Source tag identifies a non-CTET exam: [UP Aided J.H.S. Assistant Teacher 2021].,Keep only if cross-TET practice is intentional; otherwise remove from the CTET bank or relabel exam provenance.,
2137,CTET Bank Hindi Language_ Pedagogy Q48 [UP Aided J.H.S. Assistant Teacher 2021],hindi,medium,scope_non_ctet_exam,"exams,source,is_pyq,years",Source tag identifies a non-CTET exam: [UP Aided J.H.S. Assistant Teacher 2021].,Keep only if cross-TET practice is intentional; otherwise remove from the CTET bank or relabel exam provenance.,
2138,CTET Bank Hindi Language_ Pedagogy Q49 [UP Aided J.H.S. Assistant Teacher 2021],hindi,medium,scope_non_ctet_exam,"exams,source,is_pyq,years",Source tag identifies a non-CTET exam: [UP Aided J.H.S. Assistant Teacher 2021].,Keep only if cross-TET practice is intentional; otherwise remove from the CTET bank or relabel exam provenance.,
2139,CTET Bank Hindi Language_ Pedagogy Q50 [UP Aided J.H.S. Assistant Teacher 2021],hindi,medium,scope_non_ctet_exam,"exams,source,is_pyq,years",Source tag identifies a non-CTET exam: [UP Aided J.H.S. Assistant Teacher 2021].,Keep only if cross-TET practice is intentional; otherwise remove from the CTET bank or relabel exam provenance.,
2140,CTET Bank Hindi Language_ Pedagogy Q51 [UP Aided J.H.S. Assistant Teacher 2021],hindi,medium,scope_non_ctet_exam,"exams,source,is_pyq,years",Source tag identifies a non-CTET exam: [UP Aided J.H.S. Assistant Teacher 2021].,Keep only if cross-TET practice is intentional; otherwise remove from the CTET bank or relabel exam provenance.,
2141,CTET Bank Hindi Language_ Pedagogy Q52 [UP Aided J.H.S. Assistant Teacher 2021],hindi,medium,scope_non_ctet_exam,"exams,source,is_pyq,years",Source tag identifies a non-CTET exam: [UP Aided J.H.S. Assistant Teacher 2021].,Keep only if cross-TET practice is intentional; otherwise remove from the CTET bank or relabel exam provenance.,
2142,CTET Bank Hindi Language_ Pedagogy Q53 [UP Aided J.H.S. Assistant Teacher 2021],hindi,medium,scope_non_ctet_exam,"exams,source,is_pyq,years",Source tag identifies a non-CTET exam: [UP Aided J.H.S. Assistant Teacher 2021].,Keep only if cross-TET practice is intentional; otherwise remove from the CTET bank or relabel exam provenance.,
2143,CTET Bank Hindi Language_ Pedagogy Q54 [UP Aided J.H.S. Assistant Teacher 2021],hindi,medium,scope_non_ctet_exam,"exams,source,is_pyq,years",Source tag identifies a non-CTET exam: [UP Aided J.H.S. Assistant Teacher 2021].,Keep only if cross-TET practice is intentional; otherwise remove from the CTET bank or relabel exam provenance.,
2144,CTET Bank Hindi Language_ Pedagogy Q55 [UP Aided J.H.S. Assistant Teacher 2021],hindi,medium,scope_non_ctet_exam,"exams,source,is_pyq,years",Source tag identifies a non-CTET exam: [UP Aided J.H.S. Assistant Teacher 2021].,Keep only if cross-TET practice is intentional; otherwise remove from the CTET bank or relabel exam provenance.,
2145,CTET Bank Hindi Language_ Pedagogy Q56 [UP Aided J.H.S. Assistant Teacher 2021],hindi,medium,scope_non_ctet_exam,"exams,source,is_pyq,years",Source tag identifies a non-CTET exam: [UP Aided J.H.S. Assistant Teacher 2021].,Keep only if cross-TET practice is intentional; otherwise remove from the CTET bank or relabel exam provenance.,
2146,CTET Bank Hindi Language_ Pedagogy Q57 [UP Aided J.H.S. Assistant Teacher 2021],hindi,medium,scope_non_ctet_exam,"exams,source,is_pyq,years",Source tag identifies a non-CTET exam: [UP Aided J.H.S. Assistant Teacher 2021].,Keep only if cross-TET practice is intentional; otherwise remove from the CTET bank or relabel exam provenance.,
2147,CTET Bank Hindi Language_ Pedagogy Q58 [UP Aided J.H.S. Assistant Teacher 2021],hindi,medium,scope_non_ctet_exam,"exams,source,is_pyq,years",Source tag identifies a non-CTET exam: [UP Aided J.H.S. Assistant Teacher 2021].,Keep only if cross-TET practice is intentional; otherwise remove from the CTET bank or relabel exam provenance.,
2148,CTET Bank Hindi Language_ Pedagogy Q59 [UP Aided J.H.S. Assistant Teacher 2021],hindi,medium,scope_non_ctet_exam,"exams,source,is_pyq,years",Source tag identifies a non-CTET exam: [UP Aided J.H.S. Assistant Teacher 2021].,Keep only if cross-TET practice is intentional; otherwise remove from the CTET bank or relabel exam provenance.,
2149,CTET Bank Hindi Language_ Pedagogy Q60 [UP Aided J.H.S. Assistant Teacher 2021],hindi,medium,scope_non_ctet_exam,"exams,source,is_pyq,years",Source tag identifies a non-CTET exam: [UP Aided J.H.S. Assistant Teacher 2021].,Keep only if cross-TET practice is intentional; otherwise remove from the CTET bank or relabel exam provenance.,
2150,CTET Bank Hindi Language_ Pedagogy Q61 [UP Aided J.H.S. Assistant Teacher 2021],hindi,medium,scope_non_ctet_exam,"exams,source,is_pyq,years",Source tag identifies a non-CTET exam: [UP Aided J.H.S. Assistant Teacher 2021].,Keep only if cross-TET practice is intentional; otherwise remove from the CTET bank or relabel exam provenance.,
2151,CTET Bank Hindi Language_ Pedagogy Q62,hindi,high,scope_paper2_visible,"exams,source","Row is classified as ctet1, but its CSV source/option metadata explicitly says Paper II or Classes VI-VIII.",Move to ctet2 or remove from the Paper-I bank after provenance review.,
2152,CTET Bank Hindi Language_ Pedagogy Q63,hindi,high,scope_paper2_visible,"exams,source","Row is classified as ctet1, but its CSV source/option metadata explicitly says Paper II or Classes VI-VIII.",Move to ctet2 or remove from the Paper-I bank after provenance review.,
2153,CTET Bank Hindi Language_ Pedagogy Q64,hindi,high,scope_paper2_visible,"exams,source","Row is classified as ctet1, but its CSV source/option metadata explicitly says Paper II or Classes VI-VIII.",Move to ctet2 or remove from the Paper-I bank after provenance review.,
2154,CTET Bank Hindi Language_ Pedagogy Q65,hindi,high,scope_paper2_visible,"exams,source","Row is classified as ctet1, but its CSV source/option metadata explicitly says Paper II or Classes VI-VIII.",Move to ctet2 or remove from the Paper-I bank after provenance review.,
2155,CTET Bank Hindi Language_ Pedagogy Q66,hindi,high,scope_paper2_visible,"exams,source","Row is classified as ctet1, but its CSV source/option metadata explicitly says Paper II or Classes VI-VIII.",Move to ctet2 or remove from the Paper-I bank after provenance review.,
2157,CTET Bank Hindi Language_ Pedagogy Q68,hindi,high,scope_paper2_visible,"exams,source","Row is classified as ctet1, but its CSV source/option metadata explicitly says Paper II or Classes VI-VIII.",Move to ctet2 or remove from the Paper-I bank after provenance review.,
2158,CTET Bank Hindi Language_ Pedagogy Q69,hindi,high,scope_paper2_visible,"exams,source","Row is classified as ctet1, but its CSV source/option metadata explicitly says Paper II or Classes VI-VIII.",Move to ctet2 or remove from the Paper-I bank after provenance review.,
2159,CTET Bank Hindi Language_ Pedagogy Q70,hindi,high,scope_paper2_visible,"exams,source","Row is classified as ctet1, but its CSV source/option metadata explicitly says Paper II or Classes VI-VIII.",Move to ctet2 or remove from the Paper-I bank after provenance review.,
2160,CTET Bank Hindi Language_ Pedagogy Q71,hindi,high,scope_paper2_visible,"exams,source","Row is classified as ctet1, but its CSV source/option metadata explicitly says Paper II or Classes VI-VIII.",Move to ctet2 or remove from the Paper-I bank after provenance review.,
2161,CTET Bank Hindi Language_ Pedagogy Q72,hindi,high,scope_paper2_visible,"exams,source","Row is classified as ctet1, but its CSV source/option metadata explicitly says Paper II or Classes VI-VIII.",Move to ctet2 or remove from the Paper-I bank after provenance review.,
2162,CTET Bank Hindi Language_ Pedagogy Q73,hindi,high,scope_paper2_visible,"exams,source","Row is classified as ctet1, but its CSV source/option metadata explicitly says Paper II or Classes VI-VIII.",Move to ctet2 or remove from the Paper-I bank after provenance review.,
2163,CTET Bank Hindi Language_ Pedagogy Q74,hindi,high,scope_paper2_visible,"exams,source","Row is classified as ctet1, but its CSV source/option metadata explicitly says Paper II or Classes VI-VIII.",Move to ctet2 or remove from the Paper-I bank after provenance review.,
2164,CTET Bank Hindi Language_ Pedagogy Q75,hindi,high,scope_paper2_visible,"exams,source","Row is classified as ctet1, but its CSV source/option metadata explicitly says Paper II or Classes VI-VIII.",Move to ctet2 or remove from the Paper-I bank after provenance review.,
2165,CTET Bank Hindi Language_ Pedagogy Q76,hindi,high,scope_paper2_visible,"exams,source","Row is classified as ctet1, but its CSV source/option metadata explicitly says Paper II or Classes VI-VIII.",Move to ctet2 or remove from the Paper-I bank after provenance review.,
2166,CTET Bank Hindi Language_ Pedagogy Q77,hindi,high,scope_paper2_visible,"exams,source","Row is classified as ctet1, but its CSV source/option metadata explicitly says Paper II or Classes VI-VIII.",Move to ctet2 or remove from the Paper-I bank after provenance review.,
2167,CTET Bank Hindi Language_ Pedagogy Q78,hindi,high,scope_paper2_visible,"exams,source","Row is classified as ctet1, but its CSV source/option metadata explicitly says Paper II or Classes VI-VIII.",Move to ctet2 or remove from the Paper-I bank after provenance review.,
2168,CTET Bank Hindi Language_ Pedagogy Q79,hindi,high,scope_paper2_source_match,"exams,source","Row is classified as ctet1, but its bank label, question number, and normalized stem match a source Markdown block marked Paper II/Classes VI-VIII, with no Paper-I marker in that block.",Move to ctet2 or remove from the Paper-I bank after provenance review.,
2169,CTET Bank Hindi Language_ Pedagogy Q80,hindi,high,scope_paper2_source_match,"exams,source","Row is classified as ctet1, but its bank label, question number, and normalized stem match a source Markdown block marked Paper II/Classes VI-VIII, with no Paper-I marker in that block.",Move to ctet2 or remove from the Paper-I bank after provenance review.,
2170,CTET Bank Hindi Language_ Pedagogy Q81,hindi,high,scope_paper2_source_match,"exams,source","Row is classified as ctet1, but its bank label, question number, and normalized stem match a source Markdown block marked Paper II/Classes VI-VIII, with no Paper-I marker in that block.",Move to ctet2 or remove from the Paper-I bank after provenance review.,
2171,CTET Bank Hindi Language_ Pedagogy Q82,hindi,high,scope_paper2_source_match,"exams,source","Row is classified as ctet1, but its bank label, question number, and normalized stem match a source Markdown block marked Paper II/Classes VI-VIII, with no Paper-I marker in that block.",Move to ctet2 or remove from the Paper-I bank after provenance review.,
2172,CTET Bank Hindi Language_ Pedagogy Q83,hindi,high,scope_paper2_source_match,"exams,source","Row is classified as ctet1, but its bank label, question number, and normalized stem match a source Markdown block marked Paper II/Classes VI-VIII, with no Paper-I marker in that block.",Move to ctet2 or remove from the Paper-I bank after provenance review.,
2173,CTET Bank Hindi Language_ Pedagogy Q84,hindi,high,scope_paper2_source_match,"exams,source","Row is classified as ctet1, but its bank label, question number, and normalized stem match a source Markdown block marked Paper II/Classes VI-VIII, with no Paper-I marker in that block.",Move to ctet2 or remove from the Paper-I bank after provenance review.,
2174,CTET Bank Hindi Language_ Pedagogy Q85,hindi,high,scope_paper2_source_match,"exams,source","Row is classified as ctet1, but its bank label, question number, and normalized stem match a source Markdown block marked Paper II/Classes VI-VIII, with no Paper-I marker in that block.",Move to ctet2 or remove from the Paper-I bank after provenance review.,
2175,CTET Bank Hindi Language_ Pedagogy Q86,hindi,high,scope_paper2_source_match,"exams,source","Row is classified as ctet1, but its bank label, question number, and normalized stem match a source Markdown block marked Paper II/Classes VI-VIII, with no Paper-I marker in that block.",Move to ctet2 or remove from the Paper-I bank after provenance review.,
2176,CTET Bank Hindi Language_ Pedagogy Q87,hindi,high,scope_paper2_source_match,"exams,source","Row is classified as ctet1, but its bank label, question number, and normalized stem match a source Markdown block marked Paper II/Classes VI-VIII, with no Paper-I marker in that block.",Move to ctet2 or remove from the Paper-I bank after provenance review.,
2177,CTET Bank Hindi Language_ Pedagogy Q88,hindi,high,scope_paper2_source_match,"exams,source","Row is classified as ctet1, but its bank label, question number, and normalized stem match a source Markdown block marked Paper II/Classes VI-VIII, with no Paper-I marker in that block.",Move to ctet2 or remove from the Paper-I bank after provenance review.,
2178,CTET Bank Hindi Language_ Pedagogy Q89,hindi,high,scope_paper2_source_match,"exams,source","Row is classified as ctet1, but its bank label, question number, and normalized stem match a source Markdown block marked Paper II/Classes VI-VIII, with no Paper-I marker in that block.",Move to ctet2 or remove from the Paper-I bank after provenance review.,
2179,CTET Bank Hindi Language_ Pedagogy Q90,hindi,high,scope_paper2_source_match,"exams,source","Row is classified as ctet1, but its bank label, question number, and normalized stem match a source Markdown block marked Paper II/Classes VI-VIII, with no Paper-I marker in that block.",Move to ctet2 or remove from the Paper-I bank after provenance review.,
2180,CTET Bank Hindi Language_ Pedagogy Q91,hindi,high,scope_paper2_source_match,"exams,source","Row is classified as ctet1, but its bank label, question number, and normalized stem match a source Markdown block marked Paper II/Classes VI-VIII, with no Paper-I marker in that block.",Move to ctet2 or remove from the Paper-I bank after provenance review.,
2182,CTET Bank Hindi Language_ Pedagogy Q93,hindi,high,scope_paper2_source_match,"exams,source","Row is classified as ctet1, but its bank label, question number, and normalized stem match a source Markdown block marked Paper II/Classes VI-VIII, with no Paper-I marker in that block.",Move to ctet2 or remove from the Paper-I bank after provenance review.,
2183,CTET Bank Hindi Language_ Pedagogy Q94,hindi,high,scope_paper2_source_match,"exams,source","Row is classified as ctet1, but its bank label, question number, and normalized stem match a source Markdown block marked Paper II/Classes VI-VIII, with no Paper-I marker in that block.",Move to ctet2 or remove from the Paper-I bank after provenance review.,
2184,CTET Bank Hindi Language_ Pedagogy Q95,hindi,high,scope_paper2_source_match,"exams,source","Row is classified as ctet1, but its bank label, question number, and normalized stem match a source Markdown block marked Paper II/Classes VI-VIII, with no Paper-I marker in that block.",Move to ctet2 or remove from the Paper-I bank after provenance review.,
2185,CTET Bank Hindi Language_ Pedagogy Q96,hindi,high,scope_paper2_source_match,"exams,source","Row is classified as ctet1, but its bank label, question number, and normalized stem match a source Markdown block marked Paper II/Classes VI-VIII, with no Paper-I marker in that block.",Move to ctet2 or remove from the Paper-I bank after provenance review.,
2187,CTET Bank Hindi Language_ Pedagogy Q98,hindi,high,scope_paper2_source_match,"exams,source","Row is classified as ctet1, but its bank label, question number, and normalized stem match a source Markdown block marked Paper II/Classes VI-VIII, with no Paper-I marker in that block.",Move to ctet2 or remove from the Paper-I bank after provenance review.,
2188,CTET Bank Hindi Language_ Pedagogy Q99,hindi,high,scope_paper2_source_match,"exams,source","Row is classified as ctet1, but its bank label, question number, and normalized stem match a source Markdown block marked Paper II/Classes VI-VIII, with no Paper-I marker in that block.",Move to ctet2 or remove from the Paper-I bank after provenance review.,
2189,CTET Bank Hindi Language_ Pedagogy Q100,hindi,high,scope_paper2_source_match,"exams,source","Row is classified as ctet1, but its bank label, question number, and normalized stem match a source Markdown block marked Paper II/Classes VI-VIII, with no Paper-I marker in that block.",Move to ctet2 or remove from the Paper-I bank after provenance review.,
2190,CTET Bank Hindi Language_ Pedagogy Q101,hindi,high,scope_paper2_source_match,"exams,source","Row is classified as ctet1, but its bank label, question number, and normalized stem match a source Markdown block marked Paper II/Classes VI-VIII, with no Paper-I marker in that block.",Move to ctet2 or remove from the Paper-I bank after provenance review.,
2191,CTET Bank Hindi Language_ Pedagogy Q102,hindi,high,scope_paper2_source_match,"exams,source","Row is classified as ctet1, but its bank label, question number, and normalized stem match a source Markdown block marked Paper II/Classes VI-VIII, with no Paper-I marker in that block.",Move to ctet2 or remove from the Paper-I bank after provenance review.,
2192,CTET Bank Hindi Language_ Pedagogy Q103,hindi,high,scope_paper2_source_match,"exams,source","Row is classified as ctet1, but its bank label, question number, and normalized stem match a source Markdown block marked Paper II/Classes VI-VIII, with no Paper-I marker in that block.",Move to ctet2 or remove from the Paper-I bank after provenance review.,
2193,CTET Bank Hindi Language_ Pedagogy Q104,hindi,high,scope_paper2_source_match,"exams,source","Row is classified as ctet1, but its bank label, question number, and normalized stem match a source Markdown block marked Paper II/Classes VI-VIII, with no Paper-I marker in that block.",Move to ctet2 or remove from the Paper-I bank after provenance review.,
2194,CTET Bank Hindi Language_ Pedagogy Q105,hindi,high,scope_paper2_source_match,"exams,source","Row is classified as ctet1, but its bank label, question number, and normalized stem match a source Markdown block marked Paper II/Classes VI-VIII, with no Paper-I marker in that block.",Move to ctet2 or remove from the Paper-I bank after provenance review.,
2195,CTET Bank Hindi Language_ Pedagogy Q106,hindi,high,scope_paper2_source_match,"exams,source","Row is classified as ctet1, but its bank label, question number, and normalized stem match a source Markdown block marked Paper II/Classes VI-VIII, with no Paper-I marker in that block.",Move to ctet2 or remove from the Paper-I bank after provenance review.,
2196,CTET Bank Hindi Language_ Pedagogy Q107,hindi,high,scope_paper2_source_match,"exams,source","Row is classified as ctet1, but its bank label, question number, and normalized stem match a source Markdown block marked Paper II/Classes VI-VIII, with no Paper-I marker in that block.",Move to ctet2 or remove from the Paper-I bank after provenance review.,
2197,CTET Bank Hindi Language_ Pedagogy Q109,hindi,high,scope_paper2_source_match,"exams,source","Row is classified as ctet1, but its bank label, question number, and normalized stem match a source Markdown block marked Paper II/Classes VI-VIII, with no Paper-I marker in that block.",Move to ctet2 or remove from the Paper-I bank after provenance review.,
2198,CTET Bank Hindi Language_ Pedagogy Q110,hindi,high,scope_paper2_source_match,"exams,source","Row is classified as ctet1, but its bank label, question number, and normalized stem match a source Markdown block marked Paper II/Classes VI-VIII, with no Paper-I marker in that block.",Move to ctet2 or remove from the Paper-I bank after provenance review.,
2199,CTET Bank Hindi Language_ Pedagogy Q111,hindi,high,scope_paper2_source_match,"exams,source","Row is classified as ctet1, but its bank label, question number, and normalized stem match a source Markdown block marked Paper II/Classes VI-VIII, with no Paper-I marker in that block.",Move to ctet2 or remove from the Paper-I bank after provenance review.,
2201,CTET Bank Hindi Language_ Pedagogy Q113,hindi,high,scope_paper2_source_match,"exams,source","Row is classified as ctet1, but its bank label, question number, and normalized stem match a source Markdown block marked Paper II/Classes VI-VIII, with no Paper-I marker in that block.",Move to ctet2 or remove from the Paper-I bank after provenance review.,
2202,CTET Bank Hindi Language_ Pedagogy Q114,hindi,high,scope_paper2_source_match,"exams,source","Row is classified as ctet1, but its bank label, question number, and normalized stem match a source Markdown block marked Paper II/Classes VI-VIII, with no Paper-I marker in that block.",Move to ctet2 or remove from the Paper-I bank after provenance review.,
2203,CTET Bank Hindi Language_ Pedagogy Q115,hindi,high,scope_paper2_source_match,"exams,source","Row is classified as ctet1, but its bank label, question number, and normalized stem match a source Markdown block marked Paper II/Classes VI-VIII, with no Paper-I marker in that block.",Move to ctet2 or remove from the Paper-I bank after provenance review.,
2222,CTET Bank Hindi Language_ Pedagogy Q134,hindi,high,scope_paper2_source_match,"exams,source","Row is classified as ctet1, but its bank label, question number, and normalized stem match a source Markdown block marked Paper II/Classes VI-VIII, with no Paper-I marker in that block.",Move to ctet2 or remove from the Paper-I bank after provenance review.,
2223,CTET Bank Hindi Language_ Pedagogy Q135,hindi,high,scope_paper2_source_match,"exams,source","Row is classified as ctet1, but its bank label, question number, and normalized stem match a source Markdown block marked Paper II/Classes VI-VIII, with no Paper-I marker in that block.",Move to ctet2 or remove from the Paper-I bank after provenance review.,
2224,CTET Bank Hindi Language_ Pedagogy Q136,hindi,high,scope_paper2_source_match,"exams,source","Row is classified as ctet1, but its bank label, question number, and normalized stem match a source Markdown block marked Paper II/Classes VI-VIII, with no Paper-I marker in that block.",Move to ctet2 or remove from the Paper-I bank after provenance review.,
2225,CTET Bank Hindi Language_ Pedagogy Q137,hindi,high,scope_paper2_source_match,"exams,source","Row is classified as ctet1, but its bank label, question number, and normalized stem match a source Markdown block marked Paper II/Classes VI-VIII, with no Paper-I marker in that block.",Move to ctet2 or remove from the Paper-I bank after provenance review.,
2226,CTET Bank Hindi Language_ Pedagogy Q138,hindi,high,scope_paper2_source_match,"exams,source","Row is classified as ctet1, but its bank label, question number, and normalized stem match a source Markdown block marked Paper II/Classes VI-VIII, with no Paper-I marker in that block.",Move to ctet2 or remove from the Paper-I bank after provenance review.,
2227,CTET Bank Hindi Language_ Pedagogy Q139,hindi,high,scope_paper2_source_match,"exams,source","Row is classified as ctet1, but its bank label, question number, and normalized stem match a source Markdown block marked Paper II/Classes VI-VIII, with no Paper-I marker in that block.",Move to ctet2 or remove from the Paper-I bank after provenance review.,
2228,CTET Bank Hindi Language_ Pedagogy Q140,hindi,high,scope_paper2_source_match,"exams,source","Row is classified as ctet1, but its bank label, question number, and normalized stem match a source Markdown block marked Paper II/Classes VI-VIII, with no Paper-I marker in that block.",Move to ctet2 or remove from the Paper-I bank after provenance review.,
2231,CTET Bank Hindi Language_ Pedagogy Q143,hindi,high,scope_paper2_source_match,"exams,source","Row is classified as ctet1, but its bank label, question number, and normalized stem match a source Markdown block marked Paper II/Classes VI-VIII, with no Paper-I marker in that block.",Move to ctet2 or remove from the Paper-I bank after provenance review.,
2232,CTET Bank Hindi Language_ Pedagogy Q144,hindi,high,scope_paper2_source_match,"exams,source","Row is classified as ctet1, but its bank label, question number, and normalized stem match a source Markdown block marked Paper II/Classes VI-VIII, with no Paper-I marker in that block.",Move to ctet2 or remove from the Paper-I bank after provenance review.,
2233,CTET Bank Hindi Language_ Pedagogy Q145,hindi,high,scope_paper2_source_match,"exams,source","Row is classified as ctet1, but its bank label, question number, and normalized stem match a source Markdown block marked Paper II/Classes VI-VIII, with no Paper-I marker in that block.",Move to ctet2 or remove from the Paper-I bank after provenance review.,
2234,CTET Bank Hindi Language_ Pedagogy Q146,hindi,high,scope_paper2_source_match,"exams,source","Row is classified as ctet1, but its bank label, question number, and normalized stem match a source Markdown block marked Paper II/Classes VI-VIII, with no Paper-I marker in that block.",Move to ctet2 or remove from the Paper-I bank after provenance review.,
2237,CTET Bank Hindi Language_ Pedagogy Q1 [UP Aided J.H.S. Assistant Teacher 2021],hindi,medium,scope_non_ctet_exam,"exams,source,is_pyq,years",Source tag identifies a non-CTET exam: [UP Aided J.H.S. Assistant Teacher 2021].,Keep only if cross-TET practice is intentional; otherwise remove from the CTET bank or relabel exam provenance.,
2238,CTET Bank Hindi Language_ Pedagogy Q2 [UP Aided J.H.S. Assistant Teacher 2021],hindi,medium,scope_non_ctet_exam,"exams,source,is_pyq,years",Source tag identifies a non-CTET exam: [UP Aided J.H.S. Assistant Teacher 2021].,Keep only if cross-TET practice is intentional; otherwise remove from the CTET bank or relabel exam provenance.,
2239,CTET Bank Hindi Language_ Pedagogy Q3 [UP Aided J.H.S. Assistant Teacher 2021],hindi,medium,scope_non_ctet_exam,"exams,source,is_pyq,years",Source tag identifies a non-CTET exam: [UP Aided J.H.S. Assistant Teacher 2021].,Keep only if cross-TET practice is intentional; otherwise remove from the CTET bank or relabel exam provenance.,
2240,CTET Bank Hindi Language_ Pedagogy Q4 [UP Aided J.H.S. Assistant Teacher 2021],hindi,medium,scope_non_ctet_exam,"exams,source,is_pyq,years",Source tag identifies a non-CTET exam: [UP Aided J.H.S. Assistant Teacher 2021].,Keep only if cross-TET practice is intentional; otherwise remove from the CTET bank or relabel exam provenance.,
2241,CTET Bank Hindi Language_ Pedagogy Q5 [UP Aided J.H.S. Assistant Teacher 2021],hindi,medium,scope_non_ctet_exam,"exams,source,is_pyq,years",Source tag identifies a non-CTET exam: [UP Aided J.H.S. Assistant Teacher 2021].,Keep only if cross-TET practice is intentional; otherwise remove from the CTET bank or relabel exam provenance.,
2242,CTET Bank Hindi Language_ Pedagogy Q6,hindi,high,scope_paper2_visible,"exams,source","Row is classified as ctet1, but its CSV source/option metadata explicitly says Paper II or Classes VI-VIII.",Move to ctet2 or remove from the Paper-I bank after provenance review.,
2243,CTET Bank Hindi Language_ Pedagogy Q7,hindi,high,scope_paper2_visible,"exams,source","Row is classified as ctet1, but its CSV source/option metadata explicitly says Paper II or Classes VI-VIII.",Move to ctet2 or remove from the Paper-I bank after provenance review.,
2244,CTET Bank Hindi Language_ Pedagogy Q8,hindi,high,scope_paper2_visible,"exams,source","Row is classified as ctet1, but its CSV source/option metadata explicitly says Paper II or Classes VI-VIII.",Move to ctet2 or remove from the Paper-I bank after provenance review.,
2245,CTET Bank Hindi Language_ Pedagogy Q9,hindi,high,scope_paper2_visible,"exams,source","Row is classified as ctet1, but its CSV source/option metadata explicitly says Paper II or Classes VI-VIII.",Move to ctet2 or remove from the Paper-I bank after provenance review.,
2246,CTET Bank Hindi Language_ Pedagogy Q10,hindi,high,scope_paper2_visible,"exams,source","Row is classified as ctet1, but its CSV source/option metadata explicitly says Paper II or Classes VI-VIII.",Move to ctet2 or remove from the Paper-I bank after provenance review.,
2247,CTET Bank Hindi Language_ Pedagogy Q12,hindi,high,scope_paper2_visible,"exams,source","Row is classified as ctet1, but its CSV source/option metadata explicitly says Paper II or Classes VI-VIII.",Move to ctet2 or remove from the Paper-I bank after provenance review.,
2248,CTET Bank Hindi Language_ Pedagogy Q13,hindi,high,scope_paper2_visible,"exams,source","Row is classified as ctet1, but its CSV source/option metadata explicitly says Paper II or Classes VI-VIII.",Move to ctet2 or remove from the Paper-I bank after provenance review.,
2249,CTET Bank Hindi Language_ Pedagogy Q14,hindi,high,scope_paper2_source_match,"exams,source","Row is classified as ctet1, but its bank label, question number, and normalized stem match a source Markdown block marked Paper II/Classes VI-VIII, with no Paper-I marker in that block.",Move to ctet2 or remove from the Paper-I bank after provenance review.,
2250,CTET Bank Hindi Language_ Pedagogy Q15,hindi,high,scope_paper2_source_match,"exams,source","Row is classified as ctet1, but its bank label, question number, and normalized stem match a source Markdown block marked Paper II/Classes VI-VIII, with no Paper-I marker in that block.",Move to ctet2 or remove from the Paper-I bank after provenance review.,
2252,CTET Bank Hindi Language_ Pedagogy Q17,hindi,high,scope_paper2_source_match,"exams,source","Row is classified as ctet1, but its bank label, question number, and normalized stem match a source Markdown block marked Paper II/Classes VI-VIII, with no Paper-I marker in that block.",Move to ctet2 or remove from the Paper-I bank after provenance review.,
2253,CTET Bank Hindi Language_ Pedagogy Q18,hindi,high,scope_paper2_source_match,"exams,source","Row is classified as ctet1, but its bank label, question number, and normalized stem match a source Markdown block marked Paper II/Classes VI-VIII, with no Paper-I marker in that block.",Move to ctet2 or remove from the Paper-I bank after provenance review.,
2254,CTET Bank Hindi Language_ Pedagogy Q19,hindi,high,scope_paper2_source_match,"exams,source","Row is classified as ctet1, but its bank label, question number, and normalized stem match a source Markdown block marked Paper II/Classes VI-VIII, with no Paper-I marker in that block.",Move to ctet2 or remove from the Paper-I bank after provenance review.,
2261,CTET Bank Hindi Language_ Pedagogy Q2,hindi,high,scope_paper2_visible,"exams,source","Row is classified as ctet1, but its CSV source/option metadata explicitly says Paper II or Classes VI-VIII.",Move to ctet2 or remove from the Paper-I bank after provenance review.,
2262,CTET Bank Hindi Language_ Pedagogy Q3,hindi,high,scope_paper2_visible,"exams,source","Row is classified as ctet1, but its CSV source/option metadata explicitly says Paper II or Classes VI-VIII.",Move to ctet2 or remove from the Paper-I bank after provenance review.,
2263,CTET Bank Hindi Language_ Pedagogy Q4,hindi,high,scope_paper2_visible,"exams,source","Row is classified as ctet1, but its CSV source/option metadata explicitly says Paper II or Classes VI-VIII.",Move to ctet2 or remove from the Paper-I bank after provenance review.,
2264,CTET Bank Hindi Language_ Pedagogy Q5,hindi,high,scope_paper2_visible,"exams,source","Row is classified as ctet1, but its CSV source/option metadata explicitly says Paper II or Classes VI-VIII.",Move to ctet2 or remove from the Paper-I bank after provenance review.,
2268,CTET Bank Hindi Language_ Pedagogy Q9,hindi,high,scope_paper2_source_match,"exams,source","Row is classified as ctet1, but its bank label, question number, and normalized stem match a source Markdown block marked Paper II/Classes VI-VIII, with no Paper-I marker in that block.",Move to ctet2 or remove from the Paper-I bank after provenance review.,
2269,CTET Bank Hindi Language_ Pedagogy Q10,hindi,high,scope_paper2_source_match,"exams,source","Row is classified as ctet1, but its bank label, question number, and normalized stem match a source Markdown block marked Paper II/Classes VI-VIII, with no Paper-I marker in that block.",Move to ctet2 or remove from the Paper-I bank after provenance review.,
2271,CTET Bank Hindi Language_ Pedagogy Q12,hindi,high,scope_paper2_source_match,"exams,source","Row is classified as ctet1, but its bank label, question number, and normalized stem match a source Markdown block marked Paper II/Classes VI-VIII, with no Paper-I marker in that block.",Move to ctet2 or remove from the Paper-I bank after provenance review.,
2272,CTET Bank Hindi Language_ Pedagogy Q13,hindi,high,scope_paper2_source_match,"exams,source","Row is classified as ctet1, but its bank label, question number, and normalized stem match a source Markdown block marked Paper II/Classes VI-VIII, with no Paper-I marker in that block.",Move to ctet2 or remove from the Paper-I bank after provenance review.,
2273,CTET Bank Hindi Language_ Pedagogy Q14,hindi,high,scope_paper2_source_match,"exams,source","Row is classified as ctet1, but its bank label, question number, and normalized stem match a source Markdown block marked Paper II/Classes VI-VIII, with no Paper-I marker in that block.",Move to ctet2 or remove from the Paper-I bank after provenance review.,
2274,CTET Bank Hindi Language_ Pedagogy Q15,hindi,high,scope_paper2_source_match,"exams,source","Row is classified as ctet1, but its bank label, question number, and normalized stem match a source Markdown block marked Paper II/Classes VI-VIII, with no Paper-I marker in that block.",Move to ctet2 or remove from the Paper-I bank after provenance review.,
2275,CTET Bank Hindi Language_ Pedagogy Q16,hindi,high,scope_paper2_source_match,"exams,source","Row is classified as ctet1, but its bank label, question number, and normalized stem match a source Markdown block marked Paper II/Classes VI-VIII, with no Paper-I marker in that block.",Move to ctet2 or remove from the Paper-I bank after provenance review.,
2276,CTET Bank Hindi Language_ Pedagogy Q17,hindi,high,scope_paper2_source_match,"exams,source","Row is classified as ctet1, but its bank label, question number, and normalized stem match a source Markdown block marked Paper II/Classes VI-VIII, with no Paper-I marker in that block.",Move to ctet2 or remove from the Paper-I bank after provenance review.,
2277,CTET Bank Hindi Language_ Pedagogy Q18,hindi,high,scope_paper2_source_match,"exams,source","Row is classified as ctet1, but its bank label, question number, and normalized stem match a source Markdown block marked Paper II/Classes VI-VIII, with no Paper-I marker in that block.",Move to ctet2 or remove from the Paper-I bank after provenance review.,
2278,CTET Bank Hindi Language_ Pedagogy Q19,hindi,high,scope_paper2_source_match,"exams,source","Row is classified as ctet1, but its bank label, question number, and normalized stem match a source Markdown block marked Paper II/Classes VI-VIII, with no Paper-I marker in that block.",Move to ctet2 or remove from the Paper-I bank after provenance review.,
2292,"CTET Bank Hindi Language_ Pedagogy Q33 [CTET II Paper (VI–VIII) भाषा–2, Nov.–2012]",hindi,high,scope_paper2_visible,"exams,source","Row is classified as ctet1, but its CSV source/option metadata explicitly says Paper II or Classes VI-VIII.",Move to ctet2 or remove from the Paper-I bank after provenance review.,
2292,"CTET Bank Hindi Language_ Pedagogy Q33 [CTET II Paper (VI–VIII) भाषा–2, Nov.–2012]",hindi,medium,pyq_year_missing,years,"Row is marked PYQ but years is blank, so year-based scoring/filters lose provenance.",Populate the normalized YYYY or YYYY-MM value from source metadata.,
2293,"CTET Bank Hindi Language_ Pedagogy Q34 [CTET II Paper (VI–VIII) भाषा–2, Nov.–2012]",hindi,high,scope_paper2_visible,"exams,source","Row is classified as ctet1, but its CSV source/option metadata explicitly says Paper II or Classes VI-VIII.",Move to ctet2 or remove from the Paper-I bank after provenance review.,
2293,"CTET Bank Hindi Language_ Pedagogy Q34 [CTET II Paper (VI–VIII) भाषा–2, Nov.–2012]",hindi,medium,pyq_year_missing,years,"Row is marked PYQ but years is blank, so year-based scoring/filters lose provenance.",Populate the normalized YYYY or YYYY-MM value from source metadata.,
2296,"CTET Bank Hindi Language_ Pedagogy Q37 [CTET II-Paper (VI–VIII) भाषा–2, Feb.-2016]",hindi,high,scope_paper2_visible,"exams,source","Row is classified as ctet1, but its CSV source/option metadata explicitly says Paper II or Classes VI-VIII.",Move to ctet2 or remove from the Paper-I bank after provenance review.,
2296,"CTET Bank Hindi Language_ Pedagogy Q37 [CTET II-Paper (VI–VIII) भाषा–2, Feb.-2016]",hindi,medium,pyq_year_missing,years,"Row is marked PYQ but years is blank, so year-based scoring/filters lose provenance.",Populate the normalized YYYY or YYYY-MM value from source metadata.,
2298,"CTET Bank Hindi Language_ Pedagogy Q39 [CTET II-Paper (VI–VIII) भाषा–2, Feb.-2016]",hindi,high,scope_paper2_visible,"exams,source","Row is classified as ctet1, but its CSV source/option metadata explicitly says Paper II or Classes VI-VIII.",Move to ctet2 or remove from the Paper-I bank after provenance review.,
2298,"CTET Bank Hindi Language_ Pedagogy Q39 [CTET II-Paper (VI–VIII) भाषा–2, Feb.-2016]",hindi,medium,pyq_year_missing,years,"Row is marked PYQ but years is blank, so year-based scoring/filters lose provenance.",Populate the normalized YYYY or YYYY-MM value from source metadata.,
2302,"CTET Bank Hindi Language_ Pedagogy Q43 [CTET II-Paper (VI–VIII) भाषा–2, Feb.-2016]",hindi,high,scope_paper2_visible,"exams,source","Row is classified as ctet1, but its CSV source/option metadata explicitly says Paper II or Classes VI-VIII.",Move to ctet2 or remove from the Paper-I bank after provenance review.,
2302,"CTET Bank Hindi Language_ Pedagogy Q43 [CTET II-Paper (VI–VIII) भाषा–2, Feb.-2016]",hindi,medium,pyq_year_missing,years,"Row is marked PYQ but years is blank, so year-based scoring/filters lose provenance.",Populate the normalized YYYY or YYYY-MM value from source metadata.,
2309,CTET Bank Hindi Language_ Pedagogy Q50,hindi,high,scope_paper2_source_match,"exams,source","Row is classified as ctet1, but its bank label, question number, and normalized stem match a source Markdown block marked Paper II/Classes VI-VIII, with no Paper-I marker in that block.",Move to ctet2 or remove from the Paper-I bank after provenance review.,
2312,CTET Bank Hindi Language_ Pedagogy Q3,hindi,high,scope_paper2_visible,"exams,source","Row is classified as ctet1, but its CSV source/option metadata explicitly says Paper II or Classes VI-VIII.",Move to ctet2 or remove from the Paper-I bank after provenance review.,
2324,CTET Bank Hindi Language_ Pedagogy Q15,hindi,high,scope_paper2_source_match,"exams,source","Row is classified as ctet1, but its bank label, question number, and normalized stem match a source Markdown block marked Paper II/Classes VI-VIII, with no Paper-I marker in that block.",Move to ctet2 or remove from the Paper-I bank after provenance review.,
2325,CTET Bank Hindi Language_ Pedagogy Q16,hindi,high,scope_paper2_source_match,"exams,source","Row is classified as ctet1, but its bank label, question number, and normalized stem match a source Markdown block marked Paper II/Classes VI-VIII, with no Paper-I marker in that block.",Move to ctet2 or remove from the Paper-I bank after provenance review.,
2326,CTET Bank Hindi Language_ Pedagogy Q17,hindi,high,scope_paper2_source_match,"exams,source","Row is classified as ctet1, but its bank label, question number, and normalized stem match a source Markdown block marked Paper II/Classes VI-VIII, with no Paper-I marker in that block.",Move to ctet2 or remove from the Paper-I bank after provenance review.,
2327,CTET Bank Hindi Language_ Pedagogy Q18,hindi,high,scope_paper2_source_match,"exams,source","Row is classified as ctet1, but its bank label, question number, and normalized stem match a source Markdown block marked Paper II/Classes VI-VIII, with no Paper-I marker in that block.",Move to ctet2 or remove from the Paper-I bank after provenance review.,
2328,CTET Bank Hindi Language_ Pedagogy Q19,hindi,high,scope_paper2_source_match,"exams,source","Row is classified as ctet1, but its bank label, question number, and normalized stem match a source Markdown block marked Paper II/Classes VI-VIII, with no Paper-I marker in that block.",Move to ctet2 or remove from the Paper-I bank after provenance review.,
2329,CTET Bank Hindi Language_ Pedagogy Q20,hindi,high,scope_paper2_source_match,"exams,source","Row is classified as ctet1, but its bank label, question number, and normalized stem match a source Markdown block marked Paper II/Classes VI-VIII, with no Paper-I marker in that block.",Move to ctet2 or remove from the Paper-I bank after provenance review.,
2330,CTET Bank Hindi Language_ Pedagogy Q21,hindi,high,scope_paper2_source_match,"exams,source","Row is classified as ctet1, but its bank label, question number, and normalized stem match a source Markdown block marked Paper II/Classes VI-VIII, with no Paper-I marker in that block.",Move to ctet2 or remove from the Paper-I bank after provenance review.,
2331,CTET Bank Hindi Language_ Pedagogy Q22,hindi,high,scope_paper2_source_match,"exams,source","Row is classified as ctet1, but its bank label, question number, and normalized stem match a source Markdown block marked Paper II/Classes VI-VIII, with no Paper-I marker in that block.",Move to ctet2 or remove from the Paper-I bank after provenance review.,
2332,CTET Bank Hindi Language_ Pedagogy Q23,hindi,high,scope_paper2_source_match,"exams,source","Row is classified as ctet1, but its bank label, question number, and normalized stem match a source Markdown block marked Paper II/Classes VI-VIII, with no Paper-I marker in that block.",Move to ctet2 or remove from the Paper-I bank after provenance review.,
2333,CTET Bank Hindi Language_ Pedagogy Q24,hindi,high,scope_paper2_source_match,"exams,source","Row is classified as ctet1, but its bank label, question number, and normalized stem match a source Markdown block marked Paper II/Classes VI-VIII, with no Paper-I marker in that block.",Move to ctet2 or remove from the Paper-I bank after provenance review.,
2334,CTET Bank Hindi Language_ Pedagogy Q25,hindi,high,scope_paper2_source_match,"exams,source","Row is classified as ctet1, but its bank label, question number, and normalized stem match a source Markdown block marked Paper II/Classes VI-VIII, with no Paper-I marker in that block.",Move to ctet2 or remove from the Paper-I bank after provenance review.,
2335,CTET Bank Hindi Language_ Pedagogy Q26,hindi,high,scope_paper2_source_match,"exams,source","Row is classified as ctet1, but its bank label, question number, and normalized stem match a source Markdown block marked Paper II/Classes VI-VIII, with no Paper-I marker in that block.",Move to ctet2 or remove from the Paper-I bank after provenance review.,
2336,CTET Bank Hindi Language_ Pedagogy Q27,hindi,high,scope_paper2_source_match,"exams,source","Row is classified as ctet1, but its bank label, question number, and normalized stem match a source Markdown block marked Paper II/Classes VI-VIII, with no Paper-I marker in that block.",Move to ctet2 or remove from the Paper-I bank after provenance review.,
2337,CTET Bank Hindi Language_ Pedagogy Q28,hindi,high,scope_paper2_source_match,"exams,source","Row is classified as ctet1, but its bank label, question number, and normalized stem match a source Markdown block marked Paper II/Classes VI-VIII, with no Paper-I marker in that block.",Move to ctet2 or remove from the Paper-I bank after provenance review.,
2338,CTET Bank Hindi Language_ Pedagogy Q29,hindi,high,scope_paper2_source_match,"exams,source","Row is classified as ctet1, but its bank label, question number, and normalized stem match a source Markdown block marked Paper II/Classes VI-VIII, with no Paper-I marker in that block.",Move to ctet2 or remove from the Paper-I bank after provenance review.,
2339,CTET Bank Hindi Language_ Pedagogy Q30,hindi,high,scope_paper2_source_match,"exams,source","Row is classified as ctet1, but its bank label, question number, and normalized stem match a source Markdown block marked Paper II/Classes VI-VIII, with no Paper-I marker in that block.",Move to ctet2 or remove from the Paper-I bank after provenance review.,
2340,CTET Bank Hindi Language_ Pedagogy Q31,hindi,high,scope_paper2_source_match,"exams,source","Row is classified as ctet1, but its bank label, question number, and normalized stem match a source Markdown block marked Paper II/Classes VI-VIII, with no Paper-I marker in that block.",Move to ctet2 or remove from the Paper-I bank after provenance review.,
2341,CTET Bank Hindi Language_ Pedagogy Q32,hindi,high,scope_paper2_source_match,"exams,source","Row is classified as ctet1, but its bank label, question number, and normalized stem match a source Markdown block marked Paper II/Classes VI-VIII, with no Paper-I marker in that block.",Move to ctet2 or remove from the Paper-I bank after provenance review.,
2342,CTET Bank Hindi Language_ Pedagogy Q33,hindi,high,scope_paper2_source_match,"exams,source","Row is classified as ctet1, but its bank label, question number, and normalized stem match a source Markdown block marked Paper II/Classes VI-VIII, with no Paper-I marker in that block.",Move to ctet2 or remove from the Paper-I bank after provenance review.,
2343,CTET Bank Hindi Language_ Pedagogy Q34,hindi,high,scope_paper2_source_match,"exams,source","Row is classified as ctet1, but its bank label, question number, and normalized stem match a source Markdown block marked Paper II/Classes VI-VIII, with no Paper-I marker in that block.",Move to ctet2 or remove from the Paper-I bank after provenance review.,
2344,CTET Bank Hindi Language_ Pedagogy Q35,hindi,high,scope_paper2_source_match,"exams,source","Row is classified as ctet1, but its bank label, question number, and normalized stem match a source Markdown block marked Paper II/Classes VI-VIII, with no Paper-I marker in that block.",Move to ctet2 or remove from the Paper-I bank after provenance review.,
2345,CTET Bank Hindi Language_ Pedagogy Q36,hindi,high,scope_paper2_source_match,"exams,source","Row is classified as ctet1, but its bank label, question number, and normalized stem match a source Markdown block marked Paper II/Classes VI-VIII, with no Paper-I marker in that block.",Move to ctet2 or remove from the Paper-I bank after provenance review.,
2346,CTET Bank Hindi Language_ Pedagogy Q37,hindi,high,scope_paper2_source_match,"exams,source","Row is classified as ctet1, but its bank label, question number, and normalized stem match a source Markdown block marked Paper II/Classes VI-VIII, with no Paper-I marker in that block.",Move to ctet2 or remove from the Paper-I bank after provenance review.,
2347,CTET Bank Hindi Language_ Pedagogy Q38,hindi,high,scope_paper2_source_match,"exams,source","Row is classified as ctet1, but its bank label, question number, and normalized stem match a source Markdown block marked Paper II/Classes VI-VIII, with no Paper-I marker in that block.",Move to ctet2 or remove from the Paper-I bank after provenance review.,
2348,CTET Bank Hindi Language_ Pedagogy Q39,hindi,high,scope_paper2_source_match,"exams,source","Row is classified as ctet1, but its bank label, question number, and normalized stem match a source Markdown block marked Paper II/Classes VI-VIII, with no Paper-I marker in that block.",Move to ctet2 or remove from the Paper-I bank after provenance review.,
2349,CTET Bank Hindi Language_ Pedagogy Q40,hindi,high,scope_paper2_source_match,"exams,source","Row is classified as ctet1, but its bank label, question number, and normalized stem match a source Markdown block marked Paper II/Classes VI-VIII, with no Paper-I marker in that block.",Move to ctet2 or remove from the Paper-I bank after provenance review.,
2350,CTET Bank Hindi Language_ Pedagogy Q41,hindi,high,scope_paper2_source_match,"exams,source","Row is classified as ctet1, but its bank label, question number, and normalized stem match a source Markdown block marked Paper II/Classes VI-VIII, with no Paper-I marker in that block.",Move to ctet2 or remove from the Paper-I bank after provenance review.,
2363,CTET Bank Hindi Language_ Pedagogy Q54,hindi,high,scope_paper2_source_match,"exams,source","Row is classified as ctet1, but its bank label, question number, and normalized stem match a source Markdown block marked Paper II/Classes VI-VIII, with no Paper-I marker in that block.",Move to ctet2 or remove from the Paper-I bank after provenance review.,
2364,CTET Bank Hindi Language_ Pedagogy Q55,hindi,high,scope_paper2_source_match,"exams,source","Row is classified as ctet1, but its bank label, question number, and normalized stem match a source Markdown block marked Paper II/Classes VI-VIII, with no Paper-I marker in that block.",Move to ctet2 or remove from the Paper-I bank after provenance review.,
2367,CTET Bank Hindi Language_ Pedagogy Q58,hindi,high,scope_paper2_source_match,"exams,source","Row is classified as ctet1, but its bank label, question number, and normalized stem match a source Markdown block marked Paper II/Classes VI-VIII, with no Paper-I marker in that block.",Move to ctet2 or remove from the Paper-I bank after provenance review.,
2369,"CTET Bank Hindi Language_ Pedagogy Q60 [CTET II Paper (VI–VII) भाषा–2, Nov.–2012]",hindi,high,scope_paper2_visible,"exams,source","Row is classified as ctet1, but its CSV source/option metadata explicitly says Paper II or Classes VI-VIII.",Move to ctet2 or remove from the Paper-I bank after provenance review.,
2369,"CTET Bank Hindi Language_ Pedagogy Q60 [CTET II Paper (VI–VII) भाषा–2, Nov.–2012]",hindi,medium,pyq_year_missing,years,"Row is marked PYQ but years is blank, so year-based scoring/filters lose provenance.",Populate the normalized YYYY or YYYY-MM value from source metadata.,
2371,"CTET Bank Hindi Language_ Pedagogy Q62 [CTET II Paper (VI–VII) भाषा–2, Nov.–2012]",hindi,high,scope_paper2_visible,"exams,source","Row is classified as ctet1, but its CSV source/option metadata explicitly says Paper II or Classes VI-VIII.",Move to ctet2 or remove from the Paper-I bank after provenance review.,
2371,"CTET Bank Hindi Language_ Pedagogy Q62 [CTET II Paper (VI–VII) भाषा–2, Nov.–2012]",hindi,medium,pyq_year_missing,years,"Row is marked PYQ but years is blank, so year-based scoring/filters lose provenance.",Populate the normalized YYYY or YYYY-MM value from source metadata.,
2376,CTET Bank Hindi Language_ Pedagogy Q67 [CTET I-Paper (VI-VII) भाषा–I Sept. 2016],hindi,high,scope_paper2_visible,"exams,source","Row is classified as ctet1, but its CSV source/option metadata explicitly says Paper II or Classes VI-VIII.",Move to ctet2 or remove from the Paper-I bank after provenance review.,
2376,CTET Bank Hindi Language_ Pedagogy Q67 [CTET I-Paper (VI-VII) भाषा–I Sept. 2016],hindi,medium,pyq_year_missing,years,"Row is marked PYQ but years is blank, so year-based scoring/filters lose provenance.",Populate the normalized YYYY or YYYY-MM value from source metadata.,
2380,CTET Bank Hindi Language_ Pedagogy Q71,hindi,high,scope_paper2_source_match,"exams,source","Row is classified as ctet1, but its bank label, question number, and normalized stem match a source Markdown block marked Paper II/Classes VI-VIII, with no Paper-I marker in that block.",Move to ctet2 or remove from the Paper-I bank after provenance review.,
2381,CTET Bank Hindi Language_ Pedagogy Q72,hindi,high,scope_paper2_source_match,"exams,source","Row is classified as ctet1, but its bank label, question number, and normalized stem match a source Markdown block marked Paper II/Classes VI-VIII, with no Paper-I marker in that block.",Move to ctet2 or remove from the Paper-I bank after provenance review.,
2382,CTET Bank Hindi Language_ Pedagogy Q73,hindi,high,scope_paper2_source_match,"exams,source","Row is classified as ctet1, but its bank label, question number, and normalized stem match a source Markdown block marked Paper II/Classes VI-VIII, with no Paper-I marker in that block.",Move to ctet2 or remove from the Paper-I bank after provenance review.,
2386,CTET Bank Hindi Language_ Pedagogy Q1,hindi,high,scope_paper2_visible,"exams,source","Row is classified as ctet1, but its CSV source/option metadata explicitly says Paper II or Classes VI-VIII.",Move to ctet2 or remove from the Paper-I bank after provenance review.,
2392,CTET Bank Hindi Language_ Pedagogy Q7,hindi,high,scope_paper2_source_match,"exams,source","Row is classified as ctet1, but its bank label, question number, and normalized stem match a source Markdown block marked Paper II/Classes VI-VIII, with no Paper-I marker in that block.",Move to ctet2 or remove from the Paper-I bank after provenance review.,
2393,CTET Bank Hindi Language_ Pedagogy Q8,hindi,high,scope_paper2_source_match,"exams,source","Row is classified as ctet1, but its bank label, question number, and normalized stem match a source Markdown block marked Paper II/Classes VI-VIII, with no Paper-I marker in that block.",Move to ctet2 or remove from the Paper-I bank after provenance review.,
2394,CTET Bank Hindi Language_ Pedagogy Q9,hindi,high,scope_paper2_source_match,"exams,source","Row is classified as ctet1, but its bank label, question number, and normalized stem match a source Markdown block marked Paper II/Classes VI-VIII, with no Paper-I marker in that block.",Move to ctet2 or remove from the Paper-I bank after provenance review.,
2402,CTET Bank Hindi Language_ Pedagogy Q17 [CTET II-Paper (VI-VII) भाषा–I Sept. 2016],hindi,high,scope_paper2_visible,"exams,source","Row is classified as ctet1, but its CSV source/option metadata explicitly says Paper II or Classes VI-VIII.",Move to ctet2 or remove from the Paper-I bank after provenance review.,
2402,CTET Bank Hindi Language_ Pedagogy Q17 [CTET II-Paper (VI-VII) भाषा–I Sept. 2016],hindi,medium,pyq_year_missing,years,"Row is marked PYQ but years is blank, so year-based scoring/filters lose provenance.",Populate the normalized YYYY or YYYY-MM value from source metadata.,
2404,"CTET Bank Hindi Language_ Pedagogy Q19 [CTET II-Paper (VI–VIII) भाषा–2, Feb.-2016]",hindi,high,scope_paper2_visible,"exams,source","Row is classified as ctet1, but its CSV source/option metadata explicitly says Paper II or Classes VI-VIII.",Move to ctet2 or remove from the Paper-I bank after provenance review.,
2404,"CTET Bank Hindi Language_ Pedagogy Q19 [CTET II-Paper (VI–VIII) भाषा–2, Feb.-2016]",hindi,medium,pyq_year_missing,years,"Row is marked PYQ but years is blank, so year-based scoring/filters lose provenance.",Populate the normalized YYYY or YYYY-MM value from source metadata.,
2405,"CTET Bank Hindi Language_ Pedagogy Q20 [CTET II-Paper (VI–VIII) भाषा–2, Feb.-2016]",hindi,high,scope_paper2_visible,"exams,source","Row is classified as ctet1, but its CSV source/option metadata explicitly says Paper II or Classes VI-VIII.",Move to ctet2 or remove from the Paper-I bank after provenance review.,
2405,"CTET Bank Hindi Language_ Pedagogy Q20 [CTET II-Paper (VI–VIII) भाषा–2, Feb.-2016]",hindi,medium,pyq_year_missing,years,"Row is marked PYQ but years is blank, so year-based scoring/filters lose provenance.",Populate the normalized YYYY or YYYY-MM value from source metadata.,
2408,"CTET Bank Hindi Language_ Pedagogy Q23 [CTET II-Paper (VI–VIII) भाषा–2, Feb.-2016]",hindi,high,scope_paper2_visible,"exams,source","Row is classified as ctet1, but its CSV source/option metadata explicitly says Paper II or Classes VI-VIII.",Move to ctet2 or remove from the Paper-I bank after provenance review.,
2408,"CTET Bank Hindi Language_ Pedagogy Q23 [CTET II-Paper (VI–VIII) भाषा–2, Feb.-2016]",hindi,medium,pyq_year_missing,years,"Row is marked PYQ but years is blank, so year-based scoring/filters lose provenance.",Populate the normalized YYYY or YYYY-MM value from source metadata.,
2414,CTET Bank Hindi Language_ Pedagogy Q1,hindi,high,scope_paper2_visible,"exams,source","Row is classified as ctet1, but its CSV source/option metadata explicitly says Paper II or Classes VI-VIII.",Move to ctet2 or remove from the Paper-I bank after provenance review.,
2416,CTET Bank Hindi Language_ Pedagogy Q3,hindi,high,scope_paper2_source_match,"exams,source","Row is classified as ctet1, but its bank label, question number, and normalized stem match a source Markdown block marked Paper II/Classes VI-VIII, with no Paper-I marker in that block.",Move to ctet2 or remove from the Paper-I bank after provenance review.,
2417,CTET Bank Hindi Language_ Pedagogy Q4,hindi,high,scope_paper2_source_match,"exams,source","Row is classified as ctet1, but its bank label, question number, and normalized stem match a source Markdown block marked Paper II/Classes VI-VIII, with no Paper-I marker in that block.",Move to ctet2 or remove from the Paper-I bank after provenance review.,
2418,CTET Bank Hindi Language_ Pedagogy Q5,hindi,high,scope_paper2_source_match,"exams,source","Row is classified as ctet1, but its bank label, question number, and normalized stem match a source Markdown block marked Paper II/Classes VI-VIII, with no Paper-I marker in that block.",Move to ctet2 or remove from the Paper-I bank after provenance review.,
2419,CTET Bank Hindi Language_ Pedagogy Q6,hindi,high,scope_paper2_source_match,"exams,source","Row is classified as ctet1, but its bank label, question number, and normalized stem match a source Markdown block marked Paper II/Classes VI-VIII, with no Paper-I marker in that block.",Move to ctet2 or remove from the Paper-I bank after provenance review.,
2420,CTET Bank Hindi Language_ Pedagogy Q7,hindi,high,scope_paper2_source_match,"exams,source","Row is classified as ctet1, but its bank label, question number, and normalized stem match a source Markdown block marked Paper II/Classes VI-VIII, with no Paper-I marker in that block.",Move to ctet2 or remove from the Paper-I bank after provenance review.,
2421,CTET Bank Hindi Language_ Pedagogy Q8,hindi,high,scope_paper2_source_match,"exams,source","Row is classified as ctet1, but its bank label, question number, and normalized stem match a source Markdown block marked Paper II/Classes VI-VIII, with no Paper-I marker in that block.",Move to ctet2 or remove from the Paper-I bank after provenance review.,
2422,CTET Bank Hindi Language_ Pedagogy Q9,hindi,high,scope_paper2_source_match,"exams,source","Row is classified as ctet1, but its bank label, question number, and normalized stem match a source Markdown block marked Paper II/Classes VI-VIII, with no Paper-I marker in that block.",Move to ctet2 or remove from the Paper-I bank after provenance review.,
2423,CTET Bank Hindi Language_ Pedagogy Q10,hindi,high,scope_paper2_source_match,"exams,source","Row is classified as ctet1, but its bank label, question number, and normalized stem match a source Markdown block marked Paper II/Classes VI-VIII, with no Paper-I marker in that block.",Move to ctet2 or remove from the Paper-I bank after provenance review.,
2424,CTET Bank Hindi Language_ Pedagogy Q11,hindi,high,scope_paper2_source_match,"exams,source","Row is classified as ctet1, but its bank label, question number, and normalized stem match a source Markdown block marked Paper II/Classes VI-VIII, with no Paper-I marker in that block.",Move to ctet2 or remove from the Paper-I bank after provenance review.,
2426,CTET Bank Hindi Language_ Pedagogy Q13,hindi,high,scope_paper2_source_match,"exams,source","Row is classified as ctet1, but its bank label, question number, and normalized stem match a source Markdown block marked Paper II/Classes VI-VIII, with no Paper-I marker in that block.",Move to ctet2 or remove from the Paper-I bank after provenance review.,
2431,CTET Bank Hindi Language_ Pedagogy Q18,hindi,high,scope_paper2_source_match,"exams,source","Row is classified as ctet1, but its bank label, question number, and normalized stem match a source Markdown block marked Paper II/Classes VI-VIII, with no Paper-I marker in that block.",Move to ctet2 or remove from the Paper-I bank after provenance review.,
2432,CTET Bank Hindi Language_ Pedagogy Q19,hindi,high,scope_paper2_source_match,"exams,source","Row is classified as ctet1, but its bank label, question number, and normalized stem match a source Markdown block marked Paper II/Classes VI-VIII, with no Paper-I marker in that block.",Move to ctet2 or remove from the Paper-I bank after provenance review.,
2433,CTET Bank Hindi Language_ Pedagogy Q20,hindi,high,scope_paper2_source_match,"exams,source","Row is classified as ctet1, but its bank label, question number, and normalized stem match a source Markdown block marked Paper II/Classes VI-VIII, with no Paper-I marker in that block.",Move to ctet2 or remove from the Paper-I bank after provenance review.,
2440,CTET Bank Hindi Language_ Pedagogy Q27 [CTET II-Paper (VI-VII) भाषा–I Sept. 2016],hindi,high,scope_paper2_visible,"exams,source","Row is classified as ctet1, but its CSV source/option metadata explicitly says Paper II or Classes VI-VIII.",Move to ctet2 or remove from the Paper-I bank after provenance review.,
2440,CTET Bank Hindi Language_ Pedagogy Q27 [CTET II-Paper (VI-VII) भाषा–I Sept. 2016],hindi,medium,pyq_year_missing,years,"Row is marked PYQ but years is blank, so year-based scoring/filters lose provenance.",Populate the normalized YYYY or YYYY-MM value from source metadata.,
2441,CTET Bank Hindi Language_ Pedagogy Q28 [CTET II-Paper (VI-VII) भाषा–I Sept. 2016],hindi,high,scope_paper2_visible,"exams,source","Row is classified as ctet1, but its CSV source/option metadata explicitly says Paper II or Classes VI-VIII.",Move to ctet2 or remove from the Paper-I bank after provenance review.,
2441,CTET Bank Hindi Language_ Pedagogy Q28 [CTET II-Paper (VI-VII) भाषा–I Sept. 2016],hindi,medium,pyq_year_missing,years,"Row is marked PYQ but years is blank, so year-based scoring/filters lose provenance.",Populate the normalized YYYY or YYYY-MM value from source metadata.,
2443,"CTET Bank Hindi Language_ Pedagogy Q30 [CTET II-Paper (VI–VIII) भाषा–2, Feb.-2016]",hindi,high,scope_paper2_visible,"exams,source","Row is classified as ctet1, but its CSV source/option metadata explicitly says Paper II or Classes VI-VIII.",Move to ctet2 or remove from the Paper-I bank after provenance review.,
2443,"CTET Bank Hindi Language_ Pedagogy Q30 [CTET II-Paper (VI–VIII) भाषा–2, Feb.-2016]",hindi,medium,pyq_year_missing,years,"Row is marked PYQ but years is blank, so year-based scoring/filters lose provenance.",Populate the normalized YYYY or YYYY-MM value from source metadata.,
2444,"CTET Bank Hindi Language_ Pedagogy Q31 [CTET II-Paper (VI–VIII) भाषा–2, Feb.-2016]",hindi,high,scope_paper2_visible,"exams,source","Row is classified as ctet1, but its CSV source/option metadata explicitly says Paper II or Classes VI-VIII.",Move to ctet2 or remove from the Paper-I bank after provenance review.,
2444,"CTET Bank Hindi Language_ Pedagogy Q31 [CTET II-Paper (VI–VIII) भाषा–2, Feb.-2016]",hindi,medium,pyq_year_missing,years,"Row is marked PYQ but years is blank, so year-based scoring/filters lose provenance.",Populate the normalized YYYY or YYYY-MM value from source metadata.,
2445,"CTET Bank Hindi Language_ Pedagogy Q32 [CTET II-Paper (VI–VIII) भाषा–2, Feb.-2016]",hindi,high,scope_paper2_visible,"exams,source","Row is classified as ctet1, but its CSV source/option metadata explicitly says Paper II or Classes VI-VIII.",Move to ctet2 or remove from the Paper-I bank after provenance review.,
2445,"CTET Bank Hindi Language_ Pedagogy Q32 [CTET II-Paper (VI–VIII) भाषा–2, Feb.-2016]",hindi,medium,pyq_year_missing,years,"Row is marked PYQ but years is blank, so year-based scoring/filters lose provenance.",Populate the normalized YYYY or YYYY-MM value from source metadata.,
2446,"CTET Bank Hindi Language_ Pedagogy Q33 [CTET II-Paper (VI–VIII) भाषा–2, Feb.-2016]",hindi,high,scope_paper2_visible,"exams,source","Row is classified as ctet1, but its CSV source/option metadata explicitly says Paper II or Classes VI-VIII.",Move to ctet2 or remove from the Paper-I bank after provenance review.,
2446,"CTET Bank Hindi Language_ Pedagogy Q33 [CTET II-Paper (VI–VIII) भाषा–2, Feb.-2016]",hindi,medium,pyq_year_missing,years,"Row is marked PYQ but years is blank, so year-based scoring/filters lose provenance.",Populate the normalized YYYY or YYYY-MM value from source metadata.,
2464,CTET Bank Hindi Language_ Pedagogy Q51 [CTET II-Paper (VI-VII) भाषा–I Sept. 2016],hindi,high,scope_paper2_visible,"exams,source","Row is classified as ctet1, but its CSV source/option metadata explicitly says Paper II or Classes VI-VIII.",Move to ctet2 or remove from the Paper-I bank after provenance review.,
2464,CTET Bank Hindi Language_ Pedagogy Q51 [CTET II-Paper (VI-VII) भाषा–I Sept. 2016],hindi,medium,pyq_year_missing,years,"Row is marked PYQ but years is blank, so year-based scoring/filters lose provenance.",Populate the normalized YYYY or YYYY-MM value from source metadata.,
2465,CTET Bank Hindi Language_ Pedagogy Q52 [CTET II-Paper (VI-VII) भाषा–I Sept. 2016],hindi,high,scope_paper2_visible,"exams,source","Row is classified as ctet1, but its CSV source/option metadata explicitly says Paper II or Classes VI-VIII.",Move to ctet2 or remove from the Paper-I bank after provenance review.,
2465,CTET Bank Hindi Language_ Pedagogy Q52 [CTET II-Paper (VI-VII) भाषा–I Sept. 2016],hindi,medium,pyq_year_missing,years,"Row is marked PYQ but years is blank, so year-based scoring/filters lose provenance.",Populate the normalized YYYY or YYYY-MM value from source metadata.,
2467,"CTET Bank Hindi Language_ Pedagogy Q54 [CTET II-Paper (VI–VIII) भाषा–2, Feb.-2016]",hindi,high,scope_paper2_visible,"exams,source","Row is classified as ctet1, but its CSV source/option metadata explicitly says Paper II or Classes VI-VIII.",Move to ctet2 or remove from the Paper-I bank after provenance review.,
2467,"CTET Bank Hindi Language_ Pedagogy Q54 [CTET II-Paper (VI–VIII) भाषा–2, Feb.-2016]",hindi,medium,pyq_year_missing,years,"Row is marked PYQ but years is blank, so year-based scoring/filters lose provenance.",Populate the normalized YYYY or YYYY-MM value from source metadata.,
2476,CTET Bank Hindi Language_ Pedagogy Q2,hindi,high,scope_paper2_visible,"exams,source","Row is classified as ctet1, but its CSV source/option metadata explicitly says Paper II or Classes VI-VIII.",Move to ctet2 or remove from the Paper-I bank after provenance review.,
2477,CTET Bank Hindi Language_ Pedagogy Q3,hindi,high,scope_paper2_visible,"exams,source","Row is classified as ctet1, but its CSV source/option metadata explicitly says Paper II or Classes VI-VIII.",Move to ctet2 or remove from the Paper-I bank after provenance review.,
2478,CTET Bank Hindi Language_ Pedagogy Q4,hindi,high,scope_paper2_visible,"exams,source","Row is classified as ctet1, but its CSV source/option metadata explicitly says Paper II or Classes VI-VIII.",Move to ctet2 or remove from the Paper-I bank after provenance review.,
2479,CTET Bank Hindi Language_ Pedagogy Q5,hindi,high,scope_paper2_source_match,"exams,source","Row is classified as ctet1, but its bank label, question number, and normalized stem match a source Markdown block marked Paper II/Classes VI-VIII, with no Paper-I marker in that block.",Move to ctet2 or remove from the Paper-I bank after provenance review.,
2480,CTET Bank Hindi Language_ Pedagogy Q6,hindi,high,scope_paper2_source_match,"exams,source","Row is classified as ctet1, but its bank label, question number, and normalized stem match a source Markdown block marked Paper II/Classes VI-VIII, with no Paper-I marker in that block.",Move to ctet2 or remove from the Paper-I bank after provenance review.,
2481,CTET Bank Hindi Language_ Pedagogy Q7,hindi,high,scope_paper2_source_match,"exams,source","Row is classified as ctet1, but its bank label, question number, and normalized stem match a source Markdown block marked Paper II/Classes VI-VIII, with no Paper-I marker in that block.",Move to ctet2 or remove from the Paper-I bank after provenance review.,
2482,CTET Bank Hindi Language_ Pedagogy Q8,hindi,high,scope_paper2_source_match,"exams,source","Row is classified as ctet1, but its bank label, question number, and normalized stem match a source Markdown block marked Paper II/Classes VI-VIII, with no Paper-I marker in that block.",Move to ctet2 or remove from the Paper-I bank after provenance review.,
2520,CTET Bank Hindi Language_ Pedagogy Q47,hindi,high,scope_paper2_source_match,"exams,source","Row is classified as ctet1, but its bank label, question number, and normalized stem match a source Markdown block marked Paper II/Classes VI-VIII, with no Paper-I marker in that block.",Move to ctet2 or remove from the Paper-I bank after provenance review.,
2524,"CTET Bank Hindi Language_ Pedagogy Q51 [CTET II Paper (VI–VIII) भाषा–2, Nov.–2012]",hindi,high,scope_paper2_visible,"exams,source","Row is classified as ctet1, but its CSV source/option metadata explicitly says Paper II or Classes VI-VIII.",Move to ctet2 or remove from the Paper-I bank after provenance review.,
2524,"CTET Bank Hindi Language_ Pedagogy Q51 [CTET II Paper (VI–VIII) भाषा–2, Nov.–2012]",hindi,medium,pyq_year_missing,years,"Row is marked PYQ but years is blank, so year-based scoring/filters lose provenance.",Populate the normalized YYYY or YYYY-MM value from source metadata.,
2526,"CTET Bank Hindi Language_ Pedagogy Q53 [CTET II Paper (VI–VII) भाषा–2, Nov.–2012]",hindi,high,scope_paper2_visible,"exams,source","Row is classified as ctet1, but its CSV source/option metadata explicitly says Paper II or Classes VI-VIII.",Move to ctet2 or remove from the Paper-I bank after provenance review.,
2526,"CTET Bank Hindi Language_ Pedagogy Q53 [CTET II Paper (VI–VII) भाषा–2, Nov.–2012]",hindi,medium,pyq_year_missing,years,"Row is marked PYQ but years is blank, so year-based scoring/filters lose provenance.",Populate the normalized YYYY or YYYY-MM value from source metadata.,
2527,"CTET Bank Hindi Language_ Pedagogy Q54 [CTET II Paper (VI–VIII) भाषा–2, Nov.–2012]",hindi,high,scope_paper2_visible,"exams,source","Row is classified as ctet1, but its CSV source/option metadata explicitly says Paper II or Classes VI-VIII.",Move to ctet2 or remove from the Paper-I bank after provenance review.,
2527,"CTET Bank Hindi Language_ Pedagogy Q54 [CTET II Paper (VI–VIII) भाषा–2, Nov.–2012]",hindi,medium,pyq_year_missing,years,"Row is marked PYQ but years is blank, so year-based scoring/filters lose provenance.",Populate the normalized YYYY or YYYY-MM value from source metadata.,
2543,"CTET Bank Hindi Language_ Pedagogy Q70 [CTET II-Paper (VI–VIII) भाषा–2, Feb.-2016]",hindi,high,scope_paper2_visible,"exams,source","Row is classified as ctet1, but its CSV source/option metadata explicitly says Paper II or Classes VI-VIII.",Move to ctet2 or remove from the Paper-I bank after provenance review.,
2543,"CTET Bank Hindi Language_ Pedagogy Q70 [CTET II-Paper (VI–VIII) भाषा–2, Feb.-2016]",hindi,medium,pyq_year_missing,years,"Row is marked PYQ but years is blank, so year-based scoring/filters lose provenance.",Populate the normalized YYYY or YYYY-MM value from source metadata.,
2547,"CTET Bank Hindi Language_ Pedagogy Q74 [CTET II Paper (VI–VII) भाषा–2, Nov.–2012]",hindi,high,scope_paper2_visible,"exams,source","Row is classified as ctet1, but its CSV source/option metadata explicitly says Paper II or Classes VI-VIII.",Move to ctet2 or remove from the Paper-I bank after provenance review.,
2547,"CTET Bank Hindi Language_ Pedagogy Q74 [CTET II Paper (VI–VII) भाषा–2, Nov.–2012]",hindi,medium,pyq_year_missing,years,"Row is marked PYQ but years is blank, so year-based scoring/filters lose provenance.",Populate the normalized YYYY or YYYY-MM value from source metadata.,
2548,"CTET Bank Hindi Language_ Pedagogy Q75 [CTET II Paper (VI–VII) भाषा–2, Nov.–2012]",hindi,high,scope_paper2_visible,"exams,source","Row is classified as ctet1, but its CSV source/option metadata explicitly says Paper II or Classes VI-VIII.",Move to ctet2 or remove from the Paper-I bank after provenance review.,
2548,"CTET Bank Hindi Language_ Pedagogy Q75 [CTET II Paper (VI–VII) भाषा–2, Nov.–2012]",hindi,medium,pyq_year_missing,years,"Row is marked PYQ but years is blank, so year-based scoring/filters lose provenance.",Populate the normalized YYYY or YYYY-MM value from source metadata.,
2552,CTET Bank Hindi Language_ Pedagogy Q79,hindi,high,scope_paper2_source_match,"exams,source","Row is classified as ctet1, but its bank label, question number, and normalized stem match a source Markdown block marked Paper II/Classes VI-VIII, with no Paper-I marker in that block.",Move to ctet2 or remove from the Paper-I bank after provenance review.,
2566,CTET Bank Hindi Language_ Pedagogy Q3,hindi,high,scope_paper2_visible,"exams,source","Row is classified as ctet1, but its CSV source/option metadata explicitly says Paper II or Classes VI-VIII.",Move to ctet2 or remove from the Paper-I bank after provenance review.,
2574,CTET Bank Hindi Language_ Pedagogy Q11,hindi,high,scope_paper2_source_match,"exams,source","Row is classified as ctet1, but its bank label, question number, and normalized stem match a source Markdown block marked Paper II/Classes VI-VIII, with no Paper-I marker in that block.",Move to ctet2 or remove from the Paper-I bank after provenance review.,
2575,CTET Bank Hindi Language_ Pedagogy Q12,hindi,high,scope_paper2_source_match,"exams,source","Row is classified as ctet1, but its bank label, question number, and normalized stem match a source Markdown block marked Paper II/Classes VI-VIII, with no Paper-I marker in that block.",Move to ctet2 or remove from the Paper-I bank after provenance review.,
2576,CTET Bank Hindi Language_ Pedagogy Q13,hindi,high,scope_paper2_source_match,"exams,source","Row is classified as ctet1, but its bank label, question number, and normalized stem match a source Markdown block marked Paper II/Classes VI-VIII, with no Paper-I marker in that block.",Move to ctet2 or remove from the Paper-I bank after provenance review.,
2577,CTET Bank Hindi Language_ Pedagogy Q14,hindi,high,scope_paper2_source_match,"exams,source","Row is classified as ctet1, but its bank label, question number, and normalized stem match a source Markdown block marked Paper II/Classes VI-VIII, with no Paper-I marker in that block.",Move to ctet2 or remove from the Paper-I bank after provenance review.,
2578,CTET Bank Hindi Language_ Pedagogy Q15,hindi,high,scope_paper2_source_match,"exams,source","Row is classified as ctet1, but its bank label, question number, and normalized stem match a source Markdown block marked Paper II/Classes VI-VIII, with no Paper-I marker in that block.",Move to ctet2 or remove from the Paper-I bank after provenance review.,
2579,CTET Bank Hindi Language_ Pedagogy Q16,hindi,high,scope_paper2_source_match,"exams,source","Row is classified as ctet1, but its bank label, question number, and normalized stem match a source Markdown block marked Paper II/Classes VI-VIII, with no Paper-I marker in that block.",Move to ctet2 or remove from the Paper-I bank after provenance review.,
2580,CTET Bank Hindi Language_ Pedagogy Q17,hindi,high,scope_paper2_source_match,"exams,source","Row is classified as ctet1, but its bank label, question number, and normalized stem match a source Markdown block marked Paper II/Classes VI-VIII, with no Paper-I marker in that block.",Move to ctet2 or remove from the Paper-I bank after provenance review.,
2581,CTET Bank Hindi Language_ Pedagogy Q18,hindi,high,scope_paper2_source_match,"exams,source","Row is classified as ctet1, but its bank label, question number, and normalized stem match a source Markdown block marked Paper II/Classes VI-VIII, with no Paper-I marker in that block.",Move to ctet2 or remove from the Paper-I bank after provenance review.,
2582,CTET Bank Hindi Language_ Pedagogy Q19,hindi,high,scope_paper2_source_match,"exams,source","Row is classified as ctet1, but its bank label, question number, and normalized stem match a source Markdown block marked Paper II/Classes VI-VIII, with no Paper-I marker in that block.",Move to ctet2 or remove from the Paper-I bank after provenance review.,
2583,CTET Bank Hindi Language_ Pedagogy Q20,hindi,high,scope_paper2_source_match,"exams,source","Row is classified as ctet1, but its bank label, question number, and normalized stem match a source Markdown block marked Paper II/Classes VI-VIII, with no Paper-I marker in that block.",Move to ctet2 or remove from the Paper-I bank after provenance review.,
2584,CTET Bank Hindi Language_ Pedagogy Q21,hindi,high,scope_paper2_source_match,"exams,source","Row is classified as ctet1, but its bank label, question number, and normalized stem match a source Markdown block marked Paper II/Classes VI-VIII, with no Paper-I marker in that block.",Move to ctet2 or remove from the Paper-I bank after provenance review.,
2585,CTET Bank Hindi Language_ Pedagogy Q22,hindi,high,scope_paper2_source_match,"exams,source","Row is classified as ctet1, but its bank label, question number, and normalized stem match a source Markdown block marked Paper II/Classes VI-VIII, with no Paper-I marker in that block.",Move to ctet2 or remove from the Paper-I bank after provenance review.,
2586,CTET Bank Hindi Language_ Pedagogy Q23,hindi,high,scope_paper2_source_match,"exams,source","Row is classified as ctet1, but its bank label, question number, and normalized stem match a source Markdown block marked Paper II/Classes VI-VIII, with no Paper-I marker in that block.",Move to ctet2 or remove from the Paper-I bank after provenance review.,
2587,CTET Bank Hindi Language_ Pedagogy Q24,hindi,high,scope_paper2_source_match,"exams,source","Row is classified as ctet1, but its bank label, question number, and normalized stem match a source Markdown block marked Paper II/Classes VI-VIII, with no Paper-I marker in that block.",Move to ctet2 or remove from the Paper-I bank after provenance review.,
2588,CTET Bank Hindi Language_ Pedagogy Q25,hindi,high,scope_paper2_source_match,"exams,source","Row is classified as ctet1, but its bank label, question number, and normalized stem match a source Markdown block marked Paper II/Classes VI-VIII, with no Paper-I marker in that block.",Move to ctet2 or remove from the Paper-I bank after provenance review.,
2589,CTET Bank Hindi Language_ Pedagogy Q26,hindi,high,scope_paper2_source_match,"exams,source","Row is classified as ctet1, but its bank label, question number, and normalized stem match a source Markdown block marked Paper II/Classes VI-VIII, with no Paper-I marker in that block.",Move to ctet2 or remove from the Paper-I bank after provenance review.,
2590,CTET Bank Hindi Language_ Pedagogy Q27,hindi,high,scope_paper2_source_match,"exams,source","Row is classified as ctet1, but its bank label, question number, and normalized stem match a source Markdown block marked Paper II/Classes VI-VIII, with no Paper-I marker in that block.",Move to ctet2 or remove from the Paper-I bank after provenance review.,
2596,CTET Bank Hindi Language_ Pedagogy Q33 [CTET I-Paper (VI-VII) भाषा–I Sept. 2016],hindi,high,scope_paper2_visible,"exams,source","Row is classified as ctet1, but its CSV source/option metadata explicitly says Paper II or Classes VI-VIII.",Move to ctet2 or remove from the Paper-I bank after provenance review.,
2596,CTET Bank Hindi Language_ Pedagogy Q33 [CTET I-Paper (VI-VII) भाषा–I Sept. 2016],hindi,medium,pyq_year_missing,years,"Row is marked PYQ but years is blank, so year-based scoring/filters lose provenance.",Populate the normalized YYYY or YYYY-MM value from source metadata.,
2597,"CTET Bank Hindi Language_ Pedagogy Q34 [CTET II Paper (VI–VII) भाषा–2, Nov.–2012]",hindi,high,scope_paper2_visible,"exams,source","Row is classified as ctet1, but its CSV source/option metadata explicitly says Paper II or Classes VI-VIII.",Move to ctet2 or remove from the Paper-I bank after provenance review.,
2597,"CTET Bank Hindi Language_ Pedagogy Q34 [CTET II Paper (VI–VII) भाषा–2, Nov.–2012]",hindi,medium,pyq_year_missing,years,"Row is marked PYQ but years is blank, so year-based scoring/filters lose provenance.",Populate the normalized YYYY or YYYY-MM value from source metadata.,
2601,"CTET Bank Hindi Language_ Pedagogy Q38 [CTET II Paper (VI–VII) भाषा–2, Nov.–2012]",hindi,high,scope_paper2_visible,"exams,source","Row is classified as ctet1, but its CSV source/option metadata explicitly says Paper II or Classes VI-VIII.",Move to ctet2 or remove from the Paper-I bank after provenance review.,
2601,"CTET Bank Hindi Language_ Pedagogy Q38 [CTET II Paper (VI–VII) भाषा–2, Nov.–2012]",hindi,medium,pyq_year_missing,years,"Row is marked PYQ but years is blank, so year-based scoring/filters lose provenance.",Populate the normalized YYYY or YYYY-MM value from source metadata.,
2602,"CTET Bank Hindi Language_ Pedagogy Q39 [CTET II Paper (VI–VII) भाषा–2, Nov.–2012]",hindi,high,scope_paper2_visible,"exams,source","Row is classified as ctet1, but its CSV source/option metadata explicitly says Paper II or Classes VI-VIII.",Move to ctet2 or remove from the Paper-I bank after provenance review.,
2602,"CTET Bank Hindi Language_ Pedagogy Q39 [CTET II Paper (VI–VII) भाषा–2, Nov.–2012]",hindi,medium,pyq_year_missing,years,"Row is marked PYQ but years is blank, so year-based scoring/filters lose provenance.",Populate the normalized YYYY or YYYY-MM value from source metadata.,
2607,CTET Bank Hindi Language_ Pedagogy Q44 [CTET I-Paper (VI-VII) भाषा–I Sept. 2016],hindi,high,scope_paper2_visible,"exams,source","Row is classified as ctet1, but its CSV source/option metadata explicitly says Paper II or Classes VI-VIII.",Move to ctet2 or remove from the Paper-I bank after provenance review.,
2607,CTET Bank Hindi Language_ Pedagogy Q44 [CTET I-Paper (VI-VII) भाषा–I Sept. 2016],hindi,medium,pyq_year_missing,years,"Row is marked PYQ but years is blank, so year-based scoring/filters lose provenance.",Populate the normalized YYYY or YYYY-MM value from source metadata.,
2614,CTET Bank Hindi Language_ Pedagogy Q51 [CTET I-Paper (VI-VII) भाषा–I Sept. 2016],hindi,high,scope_paper2_visible,"exams,source","Row is classified as ctet1, but its CSV source/option metadata explicitly says Paper II or Classes VI-VIII.",Move to ctet2 or remove from the Paper-I bank after provenance review.,
2614,CTET Bank Hindi Language_ Pedagogy Q51 [CTET I-Paper (VI-VII) भाषा–I Sept. 2016],hindi,medium,pyq_year_missing,years,"Row is marked PYQ but years is blank, so year-based scoring/filters lose provenance.",Populate the normalized YYYY or YYYY-MM value from source metadata.,
2634,"CTET Bank Hindi Language_ Pedagogy Q72 [CTET II Paper (VI–VII) भाषा–2, Nov.–2012]",hindi,high,scope_paper2_visible,"exams,source","Row is classified as ctet1, but its CSV source/option metadata explicitly says Paper II or Classes VI-VIII.",Move to ctet2 or remove from the Paper-I bank after provenance review.,
2634,"CTET Bank Hindi Language_ Pedagogy Q72 [CTET II Paper (VI–VII) भाषा–2, Nov.–2012]",hindi,medium,pyq_year_missing,years,"Row is marked PYQ but years is blank, so year-based scoring/filters lose provenance.",Populate the normalized YYYY or YYYY-MM value from source metadata.,
2636,"CTET Bank Hindi Language_ Pedagogy Q74 [CTET II Paper (VI–VII) भाषा–2, Nov.–2012]",hindi,high,scope_paper2_visible,"exams,source","Row is classified as ctet1, but its CSV source/option metadata explicitly says Paper II or Classes VI-VIII.",Move to ctet2 or remove from the Paper-I bank after provenance review.,
2636,"CTET Bank Hindi Language_ Pedagogy Q74 [CTET II Paper (VI–VII) भाषा–2, Nov.–2012]",hindi,medium,pyq_year_missing,years,"Row is marked PYQ but years is blank, so year-based scoring/filters lose provenance.",Populate the normalized YYYY or YYYY-MM value from source metadata.,
2637,"CTET Bank Hindi Language_ Pedagogy Q75 [CTET II Paper (VI–VII) भाषा–2, Nov.–2012]",hindi,high,scope_paper2_visible,"exams,source","Row is classified as ctet1, but its CSV source/option metadata explicitly says Paper II or Classes VI-VIII.",Move to ctet2 or remove from the Paper-I bank after provenance review.,
2637,"CTET Bank Hindi Language_ Pedagogy Q75 [CTET II Paper (VI–VII) भाषा–2, Nov.–2012]",hindi,medium,pyq_year_missing,years,"Row is marked PYQ but years is blank, so year-based scoring/filters lose provenance.",Populate the normalized YYYY or YYYY-MM value from source metadata.,
2644,CTET Bank Hindi Language_ Pedagogy Q82 [CTET I-Paper (VI-VII) भाषा–I Sept. 2016],hindi,high,scope_paper2_visible,"exams,source","Row is classified as ctet1, but its CSV source/option metadata explicitly says Paper II or Classes VI-VIII.",Move to ctet2 or remove from the Paper-I bank after provenance review.,
2644,CTET Bank Hindi Language_ Pedagogy Q82 [CTET I-Paper (VI-VII) भाषा–I Sept. 2016],hindi,medium,pyq_year_missing,years,"Row is marked PYQ but years is blank, so year-based scoring/filters lose provenance.",Populate the normalized YYYY or YYYY-MM value from source metadata.,
2645,CTET Bank Hindi Language_ Pedagogy Q83 [CTET I-Paper (VI-VII) भाषा–I Sept. 2016],hindi,high,scope_paper2_visible,"exams,source","Row is classified as ctet1, but its CSV source/option metadata explicitly says Paper II or Classes VI-VIII.",Move to ctet2 or remove from the Paper-I bank after provenance review.,
2645,CTET Bank Hindi Language_ Pedagogy Q83 [CTET I-Paper (VI-VII) भाषा–I Sept. 2016],hindi,medium,pyq_year_missing,years,"Row is marked PYQ but years is blank, so year-based scoring/filters lose provenance.",Populate the normalized YYYY or YYYY-MM value from source metadata.,
2646,CTET Bank Hindi Language_ Pedagogy Q84 [CTET I-Paper (VI-VII) भाषा–I Sept. 2016],hindi,high,scope_paper2_visible,"exams,source","Row is classified as ctet1, but its CSV source/option metadata explicitly says Paper II or Classes VI-VIII.",Move to ctet2 or remove from the Paper-I bank after provenance review.,
2646,CTET Bank Hindi Language_ Pedagogy Q84 [CTET I-Paper (VI-VII) भाषा–I Sept. 2016],hindi,medium,pyq_year_missing,years,"Row is marked PYQ but years is blank, so year-based scoring/filters lose provenance.",Populate the normalized YYYY or YYYY-MM value from source metadata.,
2647,CTET Bank Hindi Language_ Pedagogy Q85 [CTET I-Paper (VI-VII) भाषा–I Sept. 2016],hindi,high,scope_paper2_visible,"exams,source","Row is classified as ctet1, but its CSV source/option metadata explicitly says Paper II or Classes VI-VIII.",Move to ctet2 or remove from the Paper-I bank after provenance review.,
2647,CTET Bank Hindi Language_ Pedagogy Q85 [CTET I-Paper (VI-VII) भाषा–I Sept. 2016],hindi,medium,pyq_year_missing,years,"Row is marked PYQ but years is blank, so year-based scoring/filters lose provenance.",Populate the normalized YYYY or YYYY-MM value from source metadata.,
2649,"CTET Bank Hindi Language_ Pedagogy Q87 [CTET II-Paper (VI–VIII) भाषा–2, Feb.-2016]",hindi,high,scope_paper2_visible,"exams,source","Row is classified as ctet1, but its CSV source/option metadata explicitly says Paper II or Classes VI-VIII.",Move to ctet2 or remove from the Paper-I bank after provenance review.,
2649,"CTET Bank Hindi Language_ Pedagogy Q87 [CTET II-Paper (VI–VIII) भाषा–2, Feb.-2016]",hindi,medium,pyq_year_missing,years,"Row is marked PYQ but years is blank, so year-based scoring/filters lose provenance.",Populate the normalized YYYY or YYYY-MM value from source metadata.,
2652,"CTET Bank Hindi Language_ Pedagogy Q90 [CTET II-Paper (VI–VIII) भाषा–2, Feb.-2016]",hindi,high,scope_paper2_visible,"exams,source","Row is classified as ctet1, but its CSV source/option metadata explicitly says Paper II or Classes VI-VIII.",Move to ctet2 or remove from the Paper-I bank after provenance review.,
2652,"CTET Bank Hindi Language_ Pedagogy Q90 [CTET II-Paper (VI–VIII) भाषा–2, Feb.-2016]",hindi,medium,pyq_year_missing,years,"Row is marked PYQ but years is blank, so year-based scoring/filters lose provenance.",Populate the normalized YYYY or YYYY-MM value from source metadata.,
2654,CTET Bank Hindi Language_ Pedagogy Q92,hindi,high,scope_paper2_source_match,"exams,source","Row is classified as ctet1, but its bank label, question number, and normalized stem match a source Markdown block marked Paper II/Classes VI-VIII, with no Paper-I marker in that block.",Move to ctet2 or remove from the Paper-I bank after provenance review.,
2655,CTET Bank Hindi Language_ Pedagogy Q93,hindi,high,scope_paper2_source_match,"exams,source","Row is classified as ctet1, but its bank label, question number, and normalized stem match a source Markdown block marked Paper II/Classes VI-VIII, with no Paper-I marker in that block.",Move to ctet2 or remove from the Paper-I bank after provenance review.,
2669,CTET Bank Hindi Language_ Pedagogy Q9,hindi,high,scope_paper2_source_match,"exams,source","Row is classified as ctet1, but its bank label, question number, and normalized stem match a source Markdown block marked Paper II/Classes VI-VIII, with no Paper-I marker in that block.",Move to ctet2 or remove from the Paper-I bank after provenance review.,
2670,CTET Bank Hindi Language_ Pedagogy Q10,hindi,high,scope_paper2_source_match,"exams,source","Row is classified as ctet1, but its bank label, question number, and normalized stem match a source Markdown block marked Paper II/Classes VI-VIII, with no Paper-I marker in that block.",Move to ctet2 or remove from the Paper-I bank after provenance review.,
2671,CTET Bank Hindi Language_ Pedagogy Q11,hindi,high,scope_paper2_source_match,"exams,source","Row is classified as ctet1, but its bank label, question number, and normalized stem match a source Markdown block marked Paper II/Classes VI-VIII, with no Paper-I marker in that block.",Move to ctet2 or remove from the Paper-I bank after provenance review.,
2672,CTET Bank Hindi Language_ Pedagogy Q12,hindi,high,scope_paper2_source_match,"exams,source","Row is classified as ctet1, but its bank label, question number, and normalized stem match a source Markdown block marked Paper II/Classes VI-VIII, with no Paper-I marker in that block.",Move to ctet2 or remove from the Paper-I bank after provenance review.,
2673,CTET Bank Hindi Language_ Pedagogy Q13,hindi,high,scope_paper2_source_match,"exams,source","Row is classified as ctet1, but its bank label, question number, and normalized stem match a source Markdown block marked Paper II/Classes VI-VIII, with no Paper-I marker in that block.",Move to ctet2 or remove from the Paper-I bank after provenance review.,
2674,CTET Bank Hindi Language_ Pedagogy Q16,hindi,high,scope_paper2_source_match,"exams,source","Row is classified as ctet1, but its bank label, question number, and normalized stem match a source Markdown block marked Paper II/Classes VI-VIII, with no Paper-I marker in that block.",Move to ctet2 or remove from the Paper-I bank after provenance review.,
2675,CTET Bank Hindi Language_ Pedagogy Q17,hindi,high,scope_paper2_source_match,"exams,source","Row is classified as ctet1, but its bank label, question number, and normalized stem match a source Markdown block marked Paper II/Classes VI-VIII, with no Paper-I marker in that block.",Move to ctet2 or remove from the Paper-I bank after provenance review.,
2676,CTET Bank Hindi Language_ Pedagogy Q18,hindi,high,scope_paper2_source_match,"exams,source","Row is classified as ctet1, but its bank label, question number, and normalized stem match a source Markdown block marked Paper II/Classes VI-VIII, with no Paper-I marker in that block.",Move to ctet2 or remove from the Paper-I bank after provenance review.,
2678,CTET Bank Hindi Language_ Pedagogy Q20,hindi,high,scope_paper2_source_match,"exams,source","Row is classified as ctet1, but its bank label, question number, and normalized stem match a source Markdown block marked Paper II/Classes VI-VIII, with no Paper-I marker in that block.",Move to ctet2 or remove from the Paper-I bank after provenance review.,
2679,CTET Bank Hindi Language_ Pedagogy Q21,hindi,high,scope_paper2_source_match,"exams,source","Row is classified as ctet1, but its bank label, question number, and normalized stem match a source Markdown block marked Paper II/Classes VI-VIII, with no Paper-I marker in that block.",Move to ctet2 or remove from the Paper-I bank after provenance review.,
2680,CTET Bank Hindi Language_ Pedagogy Q22,hindi,high,scope_paper2_source_match,"exams,source","Row is classified as ctet1, but its bank label, question number, and normalized stem match a source Markdown block marked Paper II/Classes VI-VIII, with no Paper-I marker in that block.",Move to ctet2 or remove from the Paper-I bank after provenance review.,
2681,CTET Bank Hindi Language_ Pedagogy Q23,hindi,high,scope_paper2_source_match,"exams,source","Row is classified as ctet1, but its bank label, question number, and normalized stem match a source Markdown block marked Paper II/Classes VI-VIII, with no Paper-I marker in that block.",Move to ctet2 or remove from the Paper-I bank after provenance review.,
2682,CTET Bank Hindi Language_ Pedagogy Q24,hindi,high,scope_paper2_source_match,"exams,source","Row is classified as ctet1, but its bank label, question number, and normalized stem match a source Markdown block marked Paper II/Classes VI-VIII, with no Paper-I marker in that block.",Move to ctet2 or remove from the Paper-I bank after provenance review.,
2683,CTET Bank Hindi Language_ Pedagogy Q25,hindi,high,scope_paper2_source_match,"exams,source","Row is classified as ctet1, but its bank label, question number, and normalized stem match a source Markdown block marked Paper II/Classes VI-VIII, with no Paper-I marker in that block.",Move to ctet2 or remove from the Paper-I bank after provenance review.,
2684,CTET Bank Hindi Language_ Pedagogy Q26,hindi,high,scope_paper2_source_match,"exams,source","Row is classified as ctet1, but its bank label, question number, and normalized stem match a source Markdown block marked Paper II/Classes VI-VIII, with no Paper-I marker in that block.",Move to ctet2 or remove from the Paper-I bank after provenance review.,
2685,CTET Bank Hindi Language_ Pedagogy Q27,hindi,high,scope_paper2_source_match,"exams,source","Row is classified as ctet1, but its bank label, question number, and normalized stem match a source Markdown block marked Paper II/Classes VI-VIII, with no Paper-I marker in that block.",Move to ctet2 or remove from the Paper-I bank after provenance review.,
2686,CTET Bank Hindi Language_ Pedagogy Q28,hindi,high,scope_paper2_source_match,"exams,source","Row is classified as ctet1, but its bank label, question number, and normalized stem match a source Markdown block marked Paper II/Classes VI-VIII, with no Paper-I marker in that block.",Move to ctet2 or remove from the Paper-I bank after provenance review.,
2687,CTET Bank Hindi Language_ Pedagogy Q29,hindi,high,scope_paper2_source_match,"exams,source","Row is classified as ctet1, but its bank label, question number, and normalized stem match a source Markdown block marked Paper II/Classes VI-VIII, with no Paper-I marker in that block.",Move to ctet2 or remove from the Paper-I bank after provenance review.,
2688,CTET Bank Hindi Language_ Pedagogy Q30,hindi,high,scope_paper2_source_match,"exams,source","Row is classified as ctet1, but its bank label, question number, and normalized stem match a source Markdown block marked Paper II/Classes VI-VIII, with no Paper-I marker in that block.",Move to ctet2 or remove from the Paper-I bank after provenance review.,
2689,CTET Bank Hindi Language_ Pedagogy Q31,hindi,high,scope_paper2_source_match,"exams,source","Row is classified as ctet1, but its bank label, question number, and normalized stem match a source Markdown block marked Paper II/Classes VI-VIII, with no Paper-I marker in that block.",Move to ctet2 or remove from the Paper-I bank after provenance review.,
2690,CTET Bank Hindi Language_ Pedagogy Q32,hindi,high,scope_paper2_source_match,"exams,source","Row is classified as ctet1, but its bank label, question number, and normalized stem match a source Markdown block marked Paper II/Classes VI-VIII, with no Paper-I marker in that block.",Move to ctet2 or remove from the Paper-I bank after provenance review.,
2691,CTET Bank Hindi Language_ Pedagogy Q33,hindi,high,scope_paper2_source_match,"exams,source","Row is classified as ctet1, but its bank label, question number, and normalized stem match a source Markdown block marked Paper II/Classes VI-VIII, with no Paper-I marker in that block.",Move to ctet2 or remove from the Paper-I bank after provenance review.,
2693,CTET Bank Hindi Language_ Pedagogy Q35,hindi,high,scope_paper2_source_match,"exams,source","Row is classified as ctet1, but its bank label, question number, and normalized stem match a source Markdown block marked Paper II/Classes VI-VIII, with no Paper-I marker in that block.",Move to ctet2 or remove from the Paper-I bank after provenance review.,
2694,CTET Bank Hindi Language_ Pedagogy Q36,hindi,high,scope_paper2_source_match,"exams,source","Row is classified as ctet1, but its bank label, question number, and normalized stem match a source Markdown block marked Paper II/Classes VI-VIII, with no Paper-I marker in that block.",Move to ctet2 or remove from the Paper-I bank after provenance review.,
2695,CTET Bank Hindi Language_ Pedagogy Q37,hindi,high,scope_paper2_source_match,"exams,source","Row is classified as ctet1, but its bank label, question number, and normalized stem match a source Markdown block marked Paper II/Classes VI-VIII, with no Paper-I marker in that block.",Move to ctet2 or remove from the Paper-I bank after provenance review.,
2704,CTET Bank Hindi Language_ Pedagogy Q46,hindi,high,scope_paper2_source_match,"exams,source","Row is classified as ctet1, but its bank label, question number, and normalized stem match a source Markdown block marked Paper II/Classes VI-VIII, with no Paper-I marker in that block.",Move to ctet2 or remove from the Paper-I bank after provenance review.,
2711,"CTET Bank Hindi Language_ Pedagogy Q53 [CTET II-Paper (VI–VIII) भाषा–2, Feb.-2016]",hindi,high,scope_paper2_visible,"exams,source","Row is classified as ctet1, but its CSV source/option metadata explicitly says Paper II or Classes VI-VIII.",Move to ctet2 or remove from the Paper-I bank after provenance review.,
2711,"CTET Bank Hindi Language_ Pedagogy Q53 [CTET II-Paper (VI–VIII) भाषा–2, Feb.-2016]",hindi,medium,pyq_year_missing,years,"Row is marked PYQ but years is blank, so year-based scoring/filters lose provenance.",Populate the normalized YYYY or YYYY-MM value from source metadata.,
2718,CTET Bank Hindi Language_ Pedagogy Q2,hindi,high,scope_paper2_visible,"exams,source","Row is classified as ctet1, but its CSV source/option metadata explicitly says Paper II or Classes VI-VIII.",Move to ctet2 or remove from the Paper-I bank after provenance review.,
2719,CTET Bank Hindi Language_ Pedagogy Q3,hindi,high,scope_paper2_source_match,"exams,source","Row is classified as ctet1, but its bank label, question number, and normalized stem match a source Markdown block marked Paper II/Classes VI-VIII, with no Paper-I marker in that block.",Move to ctet2 or remove from the Paper-I bank after provenance review.,
2720,CTET Bank Hindi Language_ Pedagogy Q4,hindi,high,scope_paper2_source_match,"exams,source","Row is classified as ctet1, but its bank label, question number, and normalized stem match a source Markdown block marked Paper II/Classes VI-VIII, with no Paper-I marker in that block.",Move to ctet2 or remove from the Paper-I bank after provenance review.,
2721,CTET Bank Hindi Language_ Pedagogy Q5,hindi,high,scope_paper2_source_match,"exams,source","Row is classified as ctet1, but its bank label, question number, and normalized stem match a source Markdown block marked Paper II/Classes VI-VIII, with no Paper-I marker in that block.",Move to ctet2 or remove from the Paper-I bank after provenance review.,
2722,CTET Bank Hindi Language_ Pedagogy Q6,hindi,high,scope_paper2_source_match,"exams,source","Row is classified as ctet1, but its bank label, question number, and normalized stem match a source Markdown block marked Paper II/Classes VI-VIII, with no Paper-I marker in that block.",Move to ctet2 or remove from the Paper-I bank after provenance review.,
2763,CTET Bank Hindi Language_ Pedagogy Q1,hindi,high,scope_paper2_visible,"exams,source","Row is classified as ctet1, but its CSV source/option metadata explicitly says Paper II or Classes VI-VIII.",Move to ctet2 or remove from the Paper-I bank after provenance review.,
2764,CTET Bank Hindi Language_ Pedagogy Q2,hindi,high,scope_paper2_visible,"exams,source","Row is classified as ctet1, but its CSV source/option metadata explicitly says Paper II or Classes VI-VIII.",Move to ctet2 or remove from the Paper-I bank after provenance review.,
2764,CTET Bank Hindi Language_ Pedagogy Q2,hindi,high,unrelated_preamble_or_ocr_garbage,"q_hi,q_en","The stem includes unrelated chapter headings, preceding explanations/questions, lists, or OCR debris before the actual question.",Delete unrelated text and retain one complete canonical stem only.,
2771,CTET Bank Hindi Language_ Pedagogy Q9,hindi,high,scope_paper2_source_match,"exams,source","Row is classified as ctet1, but its bank label, question number, and normalized stem match a source Markdown block marked Paper II/Classes VI-VIII, with no Paper-I marker in that block.",Move to ctet2 or remove from the Paper-I bank after provenance review.,
2891,CTET Bank Hindi Language_ Pedagogy Q127,hindi,high,scope_paper2_source_match,"exams,source","Row is classified as ctet1, but its bank label, question number, and normalized stem match a source Markdown block marked Paper II/Classes VI-VIII, with no Paper-I marker in that block.",Move to ctet2 or remove from the Paper-I bank after provenance review.,
2892,CTET Bank Hindi Language_ Pedagogy Q128,hindi,high,scope_paper2_source_match,"exams,source","Row is classified as ctet1, but its bank label, question number, and normalized stem match a source Markdown block marked Paper II/Classes VI-VIII, with no Paper-I marker in that block.",Move to ctet2 or remove from the Paper-I bank after provenance review.,
2893,CTET Bank Hindi Language_ Pedagogy Q129,hindi,high,scope_paper2_source_match,"exams,source","Row is classified as ctet1, but its bank label, question number, and normalized stem match a source Markdown block marked Paper II/Classes VI-VIII, with no Paper-I marker in that block.",Move to ctet2 or remove from the Paper-I bank after provenance review.,
2894,CTET Bank Hindi Language_ Pedagogy Q130,hindi,high,scope_paper2_source_match,"exams,source","Row is classified as ctet1, but its bank label, question number, and normalized stem match a source Markdown block marked Paper II/Classes VI-VIII, with no Paper-I marker in that block.",Move to ctet2 or remove from the Paper-I bank after provenance review.,
2895,CTET Bank Hindi Language_ Pedagogy Q131,hindi,high,scope_paper2_source_match,"exams,source","Row is classified as ctet1, but its bank label, question number, and normalized stem match a source Markdown block marked Paper II/Classes VI-VIII, with no Paper-I marker in that block.",Move to ctet2 or remove from the Paper-I bank after provenance review.,
2896,CTET Bank Hindi Language_ Pedagogy Q132 [CTET II-Paper (VI-VII) भाषा–I Sept. 2016],hindi,high,scope_paper2_visible,"exams,source","Row is classified as ctet1, but its CSV source/option metadata explicitly says Paper II or Classes VI-VIII.",Move to ctet2 or remove from the Paper-I bank after provenance review.,
2896,CTET Bank Hindi Language_ Pedagogy Q132 [CTET II-Paper (VI-VII) भाषा–I Sept. 2016],hindi,medium,pyq_year_missing,years,"Row is marked PYQ but years is blank, so year-based scoring/filters lose provenance.",Populate the normalized YYYY or YYYY-MM value from source metadata.,
2897,CTET Bank Hindi Language_ Pedagogy Q133 [CTET II-Paper (VI-VII) भाषा–I Sept. 2016],hindi,high,scope_paper2_visible,"exams,source","Row is classified as ctet1, but its CSV source/option metadata explicitly says Paper II or Classes VI-VIII.",Move to ctet2 or remove from the Paper-I bank after provenance review.,
2897,CTET Bank Hindi Language_ Pedagogy Q133 [CTET II-Paper (VI-VII) भाषा–I Sept. 2016],hindi,medium,pyq_year_missing,years,"Row is marked PYQ but years is blank, so year-based scoring/filters lose provenance.",Populate the normalized YYYY or YYYY-MM value from source metadata.,
2898,CTET Bank Hindi Language_ Pedagogy Q134 [CTET II-Paper (VI-VII) भाषा–I Sept. 2016],hindi,high,scope_paper2_visible,"exams,source","Row is classified as ctet1, but its CSV source/option metadata explicitly says Paper II or Classes VI-VIII.",Move to ctet2 or remove from the Paper-I bank after provenance review.,
2898,CTET Bank Hindi Language_ Pedagogy Q134 [CTET II-Paper (VI-VII) भाषा–I Sept. 2016],hindi,medium,pyq_year_missing,years,"Row is marked PYQ but years is blank, so year-based scoring/filters lose provenance.",Populate the normalized YYYY or YYYY-MM value from source metadata.,
2899,CTET Bank Hindi Language_ Pedagogy Q135 [CTET II-Paper (VI-VII) भाषा–I Sept. 2016],hindi,high,scope_paper2_visible,"exams,source","Row is classified as ctet1, but its CSV source/option metadata explicitly says Paper II or Classes VI-VIII.",Move to ctet2 or remove from the Paper-I bank after provenance review.,
2899,CTET Bank Hindi Language_ Pedagogy Q135 [CTET II-Paper (VI-VII) भाषा–I Sept. 2016],hindi,medium,pyq_year_missing,years,"Row is marked PYQ but years is blank, so year-based scoring/filters lose provenance.",Populate the normalized YYYY or YYYY-MM value from source metadata.,
2900,CTET Bank Hindi Language_ Pedagogy Q136 [CTET II-Paper (VI-VII) भाषा–I Sept. 2016],hindi,high,scope_paper2_visible,"exams,source","Row is classified as ctet1, but its CSV source/option metadata explicitly says Paper II or Classes VI-VIII.",Move to ctet2 or remove from the Paper-I bank after provenance review.,
2900,CTET Bank Hindi Language_ Pedagogy Q136 [CTET II-Paper (VI-VII) भाषा–I Sept. 2016],hindi,medium,pyq_year_missing,years,"Row is marked PYQ but years is blank, so year-based scoring/filters lose provenance.",Populate the normalized YYYY or YYYY-MM value from source metadata.,
2901,CTET Bank Hindi Language_ Pedagogy Q137 [CTET II-Paper (VI-VII) भाषा–I Sept. 2016],hindi,high,scope_paper2_visible,"exams,source","Row is classified as ctet1, but its CSV source/option metadata explicitly says Paper II or Classes VI-VIII.",Move to ctet2 or remove from the Paper-I bank after provenance review.,
2901,CTET Bank Hindi Language_ Pedagogy Q137 [CTET II-Paper (VI-VII) भाषा–I Sept. 2016],hindi,medium,pyq_year_missing,years,"Row is marked PYQ but years is blank, so year-based scoring/filters lose provenance.",Populate the normalized YYYY or YYYY-MM value from source metadata.,
2909,"CTET Bank Hindi Language_ Pedagogy Q145 [CTET II-Paper (VI–VIII) भाषा–2, Feb.-2016]",hindi,high,scope_paper2_visible,"exams,source","Row is classified as ctet1, but its CSV source/option metadata explicitly says Paper II or Classes VI-VIII.",Move to ctet2 or remove from the Paper-I bank after provenance review.,
2909,"CTET Bank Hindi Language_ Pedagogy Q145 [CTET II-Paper (VI–VIII) भाषा–2, Feb.-2016]",hindi,medium,pyq_year_missing,years,"Row is marked PYQ but years is blank, so year-based scoring/filters lose provenance.",Populate the normalized YYYY or YYYY-MM value from source metadata.,
2910,"CTET Bank Hindi Language_ Pedagogy Q146 [CTET II-Paper (VI–VIII) भाषा–2, Feb.-2016]",hindi,high,scope_paper2_visible,"exams,source","Row is classified as ctet1, but its CSV source/option metadata explicitly says Paper II or Classes VI-VIII.",Move to ctet2 or remove from the Paper-I bank after provenance review.,
2910,"CTET Bank Hindi Language_ Pedagogy Q146 [CTET II-Paper (VI–VIII) भाषा–2, Feb.-2016]",hindi,medium,pyq_year_missing,years,"Row is marked PYQ but years is blank, so year-based scoring/filters lose provenance.",Populate the normalized YYYY or YYYY-MM value from source metadata.,
2911,"CTET Bank Hindi Language_ Pedagogy Q147 [CTET II-Paper (VI–VIII) भाषा–2, Feb.-2016]",hindi,high,scope_paper2_visible,"exams,source","Row is classified as ctet1, but its CSV source/option metadata explicitly says Paper II or Classes VI-VIII.",Move to ctet2 or remove from the Paper-I bank after provenance review.,
2911,"CTET Bank Hindi Language_ Pedagogy Q147 [CTET II-Paper (VI–VIII) भाषा–2, Feb.-2016]",hindi,medium,pyq_year_missing,years,"Row is marked PYQ but years is blank, so year-based scoring/filters lose provenance.",Populate the normalized YYYY or YYYY-MM value from source metadata.,
2912,"CTET Bank Hindi Language_ Pedagogy Q148 [CTET II-Paper (VI–VIII) भाषा–2, Feb.-2016]",hindi,high,scope_paper2_visible,"exams,source","Row is classified as ctet1, but its CSV source/option metadata explicitly says Paper II or Classes VI-VIII.",Move to ctet2 or remove from the Paper-I bank after provenance review.,
2912,"CTET Bank Hindi Language_ Pedagogy Q148 [CTET II-Paper (VI–VIII) भाषा–2, Feb.-2016]",hindi,medium,pyq_year_missing,years,"Row is marked PYQ but years is blank, so year-based scoring/filters lose provenance.",Populate the normalized YYYY or YYYY-MM value from source metadata.,
2913,"CTET Bank Hindi Language_ Pedagogy Q149 [CTET II-Paper (VI–VIII) भाषा–2, Feb.-2016]",hindi,high,scope_paper2_visible,"exams,source","Row is classified as ctet1, but its CSV source/option metadata explicitly says Paper II or Classes VI-VIII.",Move to ctet2 or remove from the Paper-I bank after provenance review.,
2913,"CTET Bank Hindi Language_ Pedagogy Q149 [CTET II-Paper (VI–VIII) भाषा–2, Feb.-2016]",hindi,medium,pyq_year_missing,years,"Row is marked PYQ but years is blank, so year-based scoring/filters lose provenance.",Populate the normalized YYYY or YYYY-MM value from source metadata.,
2914,"CTET Bank Hindi Language_ Pedagogy Q150 [CTET II-Paper (VI–VIII) भाषा–2, Feb.-2016]",hindi,high,scope_paper2_visible,"exams,source","Row is classified as ctet1, but its CSV source/option metadata explicitly says Paper II or Classes VI-VIII.",Move to ctet2 or remove from the Paper-I bank after provenance review.,
2914,"CTET Bank Hindi Language_ Pedagogy Q150 [CTET II-Paper (VI–VIII) भाषा–2, Feb.-2016]",hindi,medium,pyq_year_missing,years,"Row is marked PYQ but years is blank, so year-based scoring/filters lose provenance.",Populate the normalized YYYY or YYYY-MM value from source metadata.,
2915,"CTET Bank Hindi Language_ Pedagogy Q151 [CTET II-Paper (VI–VIII) भाषा–2, Feb.-2016]",hindi,high,scope_paper2_visible,"exams,source","Row is classified as ctet1, but its CSV source/option metadata explicitly says Paper II or Classes VI-VIII.",Move to ctet2 or remove from the Paper-I bank after provenance review.,
2915,"CTET Bank Hindi Language_ Pedagogy Q151 [CTET II-Paper (VI–VIII) भाषा–2, Feb.-2016]",hindi,medium,pyq_year_missing,years,"Row is marked PYQ but years is blank, so year-based scoring/filters lose provenance.",Populate the normalized YYYY or YYYY-MM value from source metadata.,
2916,"CTET Bank Hindi Language_ Pedagogy Q152 [CTET II-Paper (VI–VIII) भाषा–2, Feb.-2016]",hindi,high,scope_paper2_visible,"exams,source","Row is classified as ctet1, but its CSV source/option metadata explicitly says Paper II or Classes VI-VIII.",Move to ctet2 or remove from the Paper-I bank after provenance review.,
2916,"CTET Bank Hindi Language_ Pedagogy Q152 [CTET II-Paper (VI–VIII) भाषा–2, Feb.-2016]",hindi,medium,pyq_year_missing,years,"Row is marked PYQ but years is blank, so year-based scoring/filters lose provenance.",Populate the normalized YYYY or YYYY-MM value from source metadata.,
2943,CTET Bank Hindi Language_ Pedagogy Q179 [CTET II-Paper (VI-VII) भाषा–I Sept. 2016],hindi,high,scope_paper2_visible,"exams,source","Row is classified as ctet1, but its CSV source/option metadata explicitly says Paper II or Classes VI-VIII.",Move to ctet2 or remove from the Paper-I bank after provenance review.,
2943,CTET Bank Hindi Language_ Pedagogy Q179 [CTET II-Paper (VI-VII) भाषा–I Sept. 2016],hindi,medium,pyq_year_missing,years,"Row is marked PYQ but years is blank, so year-based scoring/filters lose provenance.",Populate the normalized YYYY or YYYY-MM value from source metadata.,
2944,CTET Bank Hindi Language_ Pedagogy Q180 [CTET II -Paper (VI-VII) भाषा–I Sept. 2016],hindi,high,scope_paper2_visible,"exams,source","Row is classified as ctet1, but its CSV source/option metadata explicitly says Paper II or Classes VI-VIII.",Move to ctet2 or remove from the Paper-I bank after provenance review.,
2944,CTET Bank Hindi Language_ Pedagogy Q180 [CTET II -Paper (VI-VII) भाषा–I Sept. 2016],hindi,medium,pyq_year_missing,years,"Row is marked PYQ but years is blank, so year-based scoring/filters lose provenance.",Populate the normalized YYYY or YYYY-MM value from source metadata.,
2945,CTET Bank Hindi Language_ Pedagogy Q181 [CTET II -Paper (VI-VII) भाषा–I Sept. 2016],hindi,high,scope_paper2_visible,"exams,source","Row is classified as ctet1, but its CSV source/option metadata explicitly says Paper II or Classes VI-VIII.",Move to ctet2 or remove from the Paper-I bank after provenance review.,
2945,CTET Bank Hindi Language_ Pedagogy Q181 [CTET II -Paper (VI-VII) भाषा–I Sept. 2016],hindi,medium,pyq_year_missing,years,"Row is marked PYQ but years is blank, so year-based scoring/filters lose provenance.",Populate the normalized YYYY or YYYY-MM value from source metadata.,
2946,CTET Bank Hindi Language_ Pedagogy Q182 [CTET II -Paper (VI-VII) भाषा–I Sept. 2016],hindi,high,scope_paper2_visible,"exams,source","Row is classified as ctet1, but its CSV source/option metadata explicitly says Paper II or Classes VI-VIII.",Move to ctet2 or remove from the Paper-I bank after provenance review.,
2946,CTET Bank Hindi Language_ Pedagogy Q182 [CTET II -Paper (VI-VII) भाषा–I Sept. 2016],hindi,medium,pyq_year_missing,years,"Row is marked PYQ but years is blank, so year-based scoring/filters lose provenance.",Populate the normalized YYYY or YYYY-MM value from source metadata.,
2947,CTET Bank Hindi Language_ Pedagogy Q183 [CTET II -Paper (VI-VII) भाषा–I Sept. 2016],hindi,high,scope_paper2_visible,"exams,source","Row is classified as ctet1, but its CSV source/option metadata explicitly says Paper II or Classes VI-VIII.",Move to ctet2 or remove from the Paper-I bank after provenance review.,
2947,CTET Bank Hindi Language_ Pedagogy Q183 [CTET II -Paper (VI-VII) भाषा–I Sept. 2016],hindi,medium,pyq_year_missing,years,"Row is marked PYQ but years is blank, so year-based scoring/filters lose provenance.",Populate the normalized YYYY or YYYY-MM value from source metadata.,
2948,CTET Bank Hindi Language_ Pedagogy Q184 [CTET II -Paper (VI-VII) भाषा–I Sept. 2016],hindi,high,scope_paper2_visible,"exams,source","Row is classified as ctet1, but its CSV source/option metadata explicitly says Paper II or Classes VI-VIII.",Move to ctet2 or remove from the Paper-I bank after provenance review.,
2948,CTET Bank Hindi Language_ Pedagogy Q184 [CTET II -Paper (VI-VII) भाषा–I Sept. 2016],hindi,medium,pyq_year_missing,years,"Row is marked PYQ but years is blank, so year-based scoring/filters lose provenance.",Populate the normalized YYYY or YYYY-MM value from source metadata.,
2949,CTET Bank Hindi Language_ Pedagogy Q185 [CTET II -Paper (VI-VII) भाषा–I Sept. 2016],hindi,high,scope_paper2_visible,"exams,source","Row is classified as ctet1, but its CSV source/option metadata explicitly says Paper II or Classes VI-VIII.",Move to ctet2 or remove from the Paper-I bank after provenance review.,
2949,CTET Bank Hindi Language_ Pedagogy Q185 [CTET II -Paper (VI-VII) भाषा–I Sept. 2016],hindi,medium,pyq_year_missing,years,"Row is marked PYQ but years is blank, so year-based scoring/filters lose provenance.",Populate the normalized YYYY or YYYY-MM value from source metadata.,
2950,CTET Bank Hindi Language_ Pedagogy Q186 [CTET II -Paper (VI-VII) भाषा–I Sept. 2016],hindi,high,scope_paper2_visible,"exams,source","Row is classified as ctet1, but its CSV source/option metadata explicitly says Paper II or Classes VI-VIII.",Move to ctet2 or remove from the Paper-I bank after provenance review.,
2950,CTET Bank Hindi Language_ Pedagogy Q186 [CTET II -Paper (VI-VII) भाषा–I Sept. 2016],hindi,medium,pyq_year_missing,years,"Row is marked PYQ but years is blank, so year-based scoring/filters lose provenance.",Populate the normalized YYYY or YYYY-MM value from source metadata.,
2951,CTET Bank Hindi Language_ Pedagogy Q187 [CTET II -Paper (VI-VII) भाषा–I Sept. 2016],hindi,high,scope_paper2_visible,"exams,source","Row is classified as ctet1, but its CSV source/option metadata explicitly says Paper II or Classes VI-VIII.",Move to ctet2 or remove from the Paper-I bank after provenance review.,
2951,CTET Bank Hindi Language_ Pedagogy Q187 [CTET II -Paper (VI-VII) भाषा–I Sept. 2016],hindi,medium,pyq_year_missing,years,"Row is marked PYQ but years is blank, so year-based scoring/filters lose provenance.",Populate the normalized YYYY or YYYY-MM value from source metadata.,
2952,"CTET Bank Hindi Language_ Pedagogy Q188 [CTET II-Paper (VI–VIII) भाषा–2, Feb.-2016]",hindi,high,scope_paper2_visible,"exams,source","Row is classified as ctet1, but its CSV source/option metadata explicitly says Paper II or Classes VI-VIII.",Move to ctet2 or remove from the Paper-I bank after provenance review.,
2952,"CTET Bank Hindi Language_ Pedagogy Q188 [CTET II-Paper (VI–VIII) भाषा–2, Feb.-2016]",hindi,medium,pyq_year_missing,years,"Row is marked PYQ but years is blank, so year-based scoring/filters lose provenance.",Populate the normalized YYYY or YYYY-MM value from source metadata.,
2953,"CTET Bank Hindi Language_ Pedagogy Q189 [CTET II-Paper (VI–VIII) भाषा–2, Feb.-2016]",hindi,high,scope_paper2_visible,"exams,source","Row is classified as ctet1, but its CSV source/option metadata explicitly says Paper II or Classes VI-VIII.",Move to ctet2 or remove from the Paper-I bank after provenance review.,
2953,"CTET Bank Hindi Language_ Pedagogy Q189 [CTET II-Paper (VI–VIII) भाषा–2, Feb.-2016]",hindi,medium,pyq_year_missing,years,"Row is marked PYQ but years is blank, so year-based scoring/filters lose provenance.",Populate the normalized YYYY or YYYY-MM value from source metadata.,
2954,"CTET Bank Hindi Language_ Pedagogy Q190 [CTET II-Paper (VI–VIII) भाषा–2, Feb.-2016]",hindi,high,scope_paper2_visible,"exams,source","Row is classified as ctet1, but its CSV source/option metadata explicitly says Paper II or Classes VI-VIII.",Move to ctet2 or remove from the Paper-I bank after provenance review.,
2954,"CTET Bank Hindi Language_ Pedagogy Q190 [CTET II-Paper (VI–VIII) भाषा–2, Feb.-2016]",hindi,medium,pyq_year_missing,years,"Row is marked PYQ but years is blank, so year-based scoring/filters lose provenance.",Populate the normalized YYYY or YYYY-MM value from source metadata.,
2955,"CTET Bank Hindi Language_ Pedagogy Q191 [CTET II-Paper (VI–VIII) भाषा–2, Feb.-2016]",hindi,high,scope_paper2_visible,"exams,source","Row is classified as ctet1, but its CSV source/option metadata explicitly says Paper II or Classes VI-VIII.",Move to ctet2 or remove from the Paper-I bank after provenance review.,
2955,"CTET Bank Hindi Language_ Pedagogy Q191 [CTET II-Paper (VI–VIII) भाषा–2, Feb.-2016]",hindi,medium,pyq_year_missing,years,"Row is marked PYQ but years is blank, so year-based scoring/filters lose provenance.",Populate the normalized YYYY or YYYY-MM value from source metadata.,
2956,"CTET Bank Hindi Language_ Pedagogy Q192 [CTET II-Paper (VI–VIII) भाषा–2, Feb.-2016]",hindi,high,scope_paper2_visible,"exams,source","Row is classified as ctet1, but its CSV source/option metadata explicitly says Paper II or Classes VI-VIII.",Move to ctet2 or remove from the Paper-I bank after provenance review.,
2956,"CTET Bank Hindi Language_ Pedagogy Q192 [CTET II-Paper (VI–VIII) भाषा–2, Feb.-2016]",hindi,medium,pyq_year_missing,years,"Row is marked PYQ but years is blank, so year-based scoring/filters lose provenance.",Populate the normalized YYYY or YYYY-MM value from source metadata.,
2957,"CTET Bank Hindi Language_ Pedagogy Q193 [CTET II-Paper (VI–VIII) भाषा–2, Feb.-2016]",hindi,high,scope_paper2_visible,"exams,source","Row is classified as ctet1, but its CSV source/option metadata explicitly says Paper II or Classes VI-VIII.",Move to ctet2 or remove from the Paper-I bank after provenance review.,
2957,"CTET Bank Hindi Language_ Pedagogy Q193 [CTET II-Paper (VI–VIII) भाषा–2, Feb.-2016]",hindi,medium,pyq_year_missing,years,"Row is marked PYQ but years is blank, so year-based scoring/filters lose provenance.",Populate the normalized YYYY or YYYY-MM value from source metadata.,
2958,"CTET Bank Hindi Language_ Pedagogy Q194 [CTET II-Paper (VI–VIII) भाषा–2, Feb.-2016]",hindi,high,scope_paper2_visible,"exams,source","Row is classified as ctet1, but its CSV source/option metadata explicitly says Paper II or Classes VI-VIII.",Move to ctet2 or remove from the Paper-I bank after provenance review.,
2958,"CTET Bank Hindi Language_ Pedagogy Q194 [CTET II-Paper (VI–VIII) भाषा–2, Feb.-2016]",hindi,medium,pyq_year_missing,years,"Row is marked PYQ but years is blank, so year-based scoring/filters lose provenance.",Populate the normalized YYYY or YYYY-MM value from source metadata.,
3058,CTET Bank Hindi Language_ Pedagogy Q294,hindi,high,scope_paper2_visible,"exams,source","Row is classified as ctet1, but its CSV source/option metadata explicitly says Paper II or Classes VI-VIII.",Move to ctet2 or remove from the Paper-I bank after provenance review.,
3059,CTET Bank Hindi Language_ Pedagogy Q295,hindi,high,scope_paper2_visible,"exams,source","Row is classified as ctet1, but its CSV source/option metadata explicitly says Paper II or Classes VI-VIII.",Move to ctet2 or remove from the Paper-I bank after provenance review.,
3060,CTET Bank Hindi Language_ Pedagogy Q296,hindi,high,scope_paper2_source_match,"exams,source","Row is classified as ctet1, but its bank label, question number, and normalized stem match a source Markdown block marked Paper II/Classes VI-VIII, with no Paper-I marker in that block.",Move to ctet2 or remove from the Paper-I bank after provenance review.,
3061,CTET Bank Hindi Language_ Pedagogy Q297,hindi,high,scope_paper2_visible,"exams,source","Row is classified as ctet1, but its CSV source/option metadata explicitly says Paper II or Classes VI-VIII.",Move to ctet2 or remove from the Paper-I bank after provenance review.,
3062,CTET Bank Hindi Language_ Pedagogy Q298,hindi,high,scope_paper2_visible,"exams,source","Row is classified as ctet1, but its CSV source/option metadata explicitly says Paper II or Classes VI-VIII.",Move to ctet2 or remove from the Paper-I bank after provenance review.,
3063,CTET Bank Hindi Language_ Pedagogy Q299,hindi,high,scope_paper2_visible,"exams,source","Row is classified as ctet1, but its CSV source/option metadata explicitly says Paper II or Classes VI-VIII.",Move to ctet2 or remove from the Paper-I bank after provenance review.,
3064,CTET Bank Hindi Language_ Pedagogy Q300,hindi,high,scope_paper2_visible,"exams,source","Row is classified as ctet1, but its CSV source/option metadata explicitly says Paper II or Classes VI-VIII.",Move to ctet2 or remove from the Paper-I bank after provenance review.,
3065,CTET Bank Hindi Language_ Pedagogy Q301,hindi,high,scope_paper2_visible,"exams,source","Row is classified as ctet1, but its CSV source/option metadata explicitly says Paper II or Classes VI-VIII.",Move to ctet2 or remove from the Paper-I bank after provenance review.,
3066,CTET Bank Hindi Language_ Pedagogy Q302,hindi,high,scope_paper2_visible,"exams,source","Row is classified as ctet1, but its CSV source/option metadata explicitly says Paper II or Classes VI-VIII.",Move to ctet2 or remove from the Paper-I bank after provenance review.,
3067,CTET Bank Hindi Language_ Pedagogy Q303,hindi,high,scope_paper2_visible,"exams,source","Row is classified as ctet1, but its CSV source/option metadata explicitly says Paper II or Classes VI-VIII.",Move to ctet2 or remove from the Paper-I bank after provenance review.,
3068,CTET Bank Hindi Language_ Pedagogy Q304,hindi,high,scope_paper2_visible,"exams,source","Row is classified as ctet1, but its CSV source/option metadata explicitly says Paper II or Classes VI-VIII.",Move to ctet2 or remove from the Paper-I bank after provenance review.,
3069,CTET Bank Hindi Language_ Pedagogy Q305,hindi,high,scope_paper2_visible,"exams,source","Row is classified as ctet1, but its CSV source/option metadata explicitly says Paper II or Classes VI-VIII.",Move to ctet2 or remove from the Paper-I bank after provenance review.,
3070,CTET Bank Hindi Language_ Pedagogy Q306,hindi,high,scope_paper2_visible,"exams,source","Row is classified as ctet1, but its CSV source/option metadata explicitly says Paper II or Classes VI-VIII.",Move to ctet2 or remove from the Paper-I bank after provenance review.,
3071,CTET Bank Hindi Language_ Pedagogy Q307,hindi,high,scope_paper2_visible,"exams,source","Row is classified as ctet1, but its CSV source/option metadata explicitly says Paper II or Classes VI-VIII.",Move to ctet2 or remove from the Paper-I bank after provenance review.,
3072,CTET Bank Hindi Language_ Pedagogy Q308,hindi,high,scope_paper2_visible,"exams,source","Row is classified as ctet1, but its CSV source/option metadata explicitly says Paper II or Classes VI-VIII.",Move to ctet2 or remove from the Paper-I bank after provenance review.,
3073,CTET Bank Hindi Language_ Pedagogy Q309,hindi,high,scope_paper2_visible,"exams,source","Row is classified as ctet1, but its CSV source/option metadata explicitly says Paper II or Classes VI-VIII.",Move to ctet2 or remove from the Paper-I bank after provenance review.,
3074,CTET Bank Hindi Language_ Pedagogy Q310,hindi,high,scope_paper2_visible,"exams,source","Row is classified as ctet1, but its CSV source/option metadata explicitly says Paper II or Classes VI-VIII.",Move to ctet2 or remove from the Paper-I bank after provenance review.,
3075,CTET Bank Hindi Language_ Pedagogy Q311,hindi,high,scope_paper2_visible,"exams,source","Row is classified as ctet1, but its CSV source/option metadata explicitly says Paper II or Classes VI-VIII.",Move to ctet2 or remove from the Paper-I bank after provenance review.,
3076,CTET Bank Hindi Language_ Pedagogy Q312,hindi,high,scope_paper2_visible,"exams,source","Row is classified as ctet1, but its CSV source/option metadata explicitly says Paper II or Classes VI-VIII.",Move to ctet2 or remove from the Paper-I bank after provenance review.,
3077,CTET Bank Hindi Language_ Pedagogy Q313,hindi,high,scope_paper2_visible,"exams,source","Row is classified as ctet1, but its CSV source/option metadata explicitly says Paper II or Classes VI-VIII.",Move to ctet2 or remove from the Paper-I bank after provenance review.,
3078,CTET Bank Hindi Language_ Pedagogy Q314,hindi,high,scope_paper2_visible,"exams,source","Row is classified as ctet1, but its CSV source/option metadata explicitly says Paper II or Classes VI-VIII.",Move to ctet2 or remove from the Paper-I bank after provenance review.,
3079,CTET Bank Hindi Language_ Pedagogy Q315,hindi,high,scope_paper2_visible,"exams,source","Row is classified as ctet1, but its CSV source/option metadata explicitly says Paper II or Classes VI-VIII.",Move to ctet2 or remove from the Paper-I bank after provenance review.,
3080,CTET Bank Hindi Language_ Pedagogy Q316,hindi,high,scope_paper2_visible,"exams,source","Row is classified as ctet1, but its CSV source/option metadata explicitly says Paper II or Classes VI-VIII.",Move to ctet2 or remove from the Paper-I bank after provenance review.,
3081,CTET Bank Hindi Language_ Pedagogy Q317,hindi,high,scope_paper2_visible,"exams,source","Row is classified as ctet1, but its CSV source/option metadata explicitly says Paper II or Classes VI-VIII.",Move to ctet2 or remove from the Paper-I bank after provenance review.,
3082,CTET Bank Hindi Language_ Pedagogy Q318,hindi,high,scope_paper2_visible,"exams,source","Row is classified as ctet1, but its CSV source/option metadata explicitly says Paper II or Classes VI-VIII.",Move to ctet2 or remove from the Paper-I bank after provenance review.,
3083,CTET Bank Hindi Language_ Pedagogy Q319,hindi,high,scope_paper2_visible,"exams,source","Row is classified as ctet1, but its CSV source/option metadata explicitly says Paper II or Classes VI-VIII.",Move to ctet2 or remove from the Paper-I bank after provenance review.,
3084,CTET Bank Hindi Language_ Pedagogy Q320,hindi,high,scope_paper2_visible,"exams,source","Row is classified as ctet1, but its CSV source/option metadata explicitly says Paper II or Classes VI-VIII.",Move to ctet2 or remove from the Paper-I bank after provenance review.,
3085,CTET Bank Hindi Language_ Pedagogy Q321,hindi,high,scope_paper2_visible,"exams,source","Row is classified as ctet1, but its CSV source/option metadata explicitly says Paper II or Classes VI-VIII.",Move to ctet2 or remove from the Paper-I bank after provenance review.,
3086,CTET Bank Hindi Language_ Pedagogy Q322,hindi,high,scope_paper2_visible,"exams,source","Row is classified as ctet1, but its CSV source/option metadata explicitly says Paper II or Classes VI-VIII.",Move to ctet2 or remove from the Paper-I bank after provenance review.,
3087,CTET Bank Hindi Language_ Pedagogy Q323,hindi,high,scope_paper2_visible,"exams,source","Row is classified as ctet1, but its CSV source/option metadata explicitly says Paper II or Classes VI-VIII.",Move to ctet2 or remove from the Paper-I bank after provenance review.,
3088,CTET Bank Hindi Language_ Pedagogy Q324,hindi,high,scope_paper2_visible,"exams,source","Row is classified as ctet1, but its CSV source/option metadata explicitly says Paper II or Classes VI-VIII.",Move to ctet2 or remove from the Paper-I bank after provenance review.,
3089,CTET Bank Hindi Language_ Pedagogy Q325,hindi,high,scope_paper2_visible,"exams,source","Row is classified as ctet1, but its CSV source/option metadata explicitly says Paper II or Classes VI-VIII.",Move to ctet2 or remove from the Paper-I bank after provenance review.,
3090,CTET Bank Hindi Language_ Pedagogy Q326,hindi,high,scope_paper2_visible,"exams,source","Row is classified as ctet1, but its CSV source/option metadata explicitly says Paper II or Classes VI-VIII.",Move to ctet2 or remove from the Paper-I bank after provenance review.,
3091,CTET Bank Hindi Language_ Pedagogy Q327,hindi,high,scope_paper2_visible,"exams,source","Row is classified as ctet1, but its CSV source/option metadata explicitly says Paper II or Classes VI-VIII.",Move to ctet2 or remove from the Paper-I bank after provenance review.,
3092,CTET Bank Hindi Language_ Pedagogy Q328,hindi,high,scope_paper2_visible,"exams,source","Row is classified as ctet1, but its CSV source/option metadata explicitly says Paper II or Classes VI-VIII.",Move to ctet2 or remove from the Paper-I bank after provenance review.,
3093,CTET Bank Hindi Language_ Pedagogy Q329,hindi,high,scope_paper2_visible,"exams,source","Row is classified as ctet1, but its CSV source/option metadata explicitly says Paper II or Classes VI-VIII.",Move to ctet2 or remove from the Paper-I bank after provenance review.,
3671,CTET ctet paper 1 aug 2023 Q5,cdp,medium,option_metadata_leak,"a_hi,b_hi,c_hi,d_hi",Exam date and/or shift metadata is appended to one answer option.,Move provenance to source/years and remove it from the option text.,
3673,CTET ctet paper 1 aug 2023 Q7,cdp,medium,assertion_reason_label_artifact,"q_hi,q_en,a_hi,b_hi,c_hi,d_hi,a_en,b_en,c_en,d_en","Assertion/reason labels such as stray ‘(A)’, duplicated labels, or slash fragments remain in the rendered text.",Remove parser artifacts while preserving the four standard assertion–reason choices.,
3677,CTET ctet paper 1 aug 2023 Q11,cdp,high,duplicate_or_lost_option,"a_hi,b_hi,c_hi,d_hi,a_en,b_en,c_en,d_en",English options c and d are duplicated; Hindi d has a different meaning.,Restore distinct complete options from the source and revalidate the answer index.,
3679,CTET ctet paper 1 aug 2023 Q13,cdp,medium,assertion_reason_label_artifact,"q_hi,q_en,a_hi,b_hi,c_hi,d_hi,a_en,b_en,c_en,d_en","Assertion/reason labels such as stray ‘(A)’, duplicated labels, or slash fragments remain in the rendered text.",Remove parser artifacts while preserving the four standard assertion–reason choices.,
3689,CTET ctet paper 1 aug 2023 Q23,cdp,high,english_option_truncated,"a_en,b_en,c_en,d_en",One or more English options end in ‘...’ and omit substantive distinguishing text.,Restore complete option translations and check that all four remain distinct.,
3694,CTET ctet paper 1 aug 2023 Q28,cdp,critical,stem_option_code_merged,"q_hi,a_hi,b_hi,c_hi,d_hi,q_en,a_en,b_en,c_en,d_en","Statements/activities and answer-code choices have been fused into the same option fields, omitted, or split across languages; the item is not reliably answerable as stored.",Reconstruct statement labels and four answer-code options from the original paper in both languages.,
3699,CTET ctet paper 1 aug 2023 Q33,math,critical,incomplete_table_or_data,"q_hi,q_en",The blood-group table contains no group counts.,Restore the complete table/data from the original paper and verify all options and the key.,
3702,CTET ctet paper 1 aug 2023 Q36,math,high,math_expression_lost,"q_hi,q_en",The Hindi stem loses the initial 100; only English preserves the complete expression.,Restore the original expression with unambiguous Unicode or LaTeX-style serialization and revalidate the key.,
3703,CTET ctet paper 1 aug 2023 Q37,math,high,math_expression_lost,"q_hi,q_en",The Hindi stem loses the alternating-sum expression.,Restore the original expression with unambiguous Unicode or LaTeX-style serialization and revalidate the key.,
3737,CTET ctet paper 1 aug 2023 Q71,evs,critical,stem_option_code_merged,"q_hi,a_hi,b_hi,c_hi,d_hi,q_en,a_en,b_en,c_en,d_en","Statements/activities and answer-code choices have been fused into the same option fields, omitted, or split across languages; the item is not reliably answerable as stored.",Reconstruct statement labels and four answer-code options from the original paper in both languages.,
3740,CTET ctet paper 1 aug 2023 Q74,evs,medium,assertion_reason_label_artifact,"q_hi,q_en,a_hi,b_hi,c_hi,d_hi,a_en,b_en,c_en,d_en","Assertion/reason labels such as stray ‘(A)’, duplicated labels, or slash fragments remain in the rendered text.",Remove parser artifacts while preserving the four standard assertion–reason choices.,
3742,CTET ctet paper 1 aug 2023 Q76,evs,medium,assertion_reason_label_artifact,"q_hi,q_en,a_hi,b_hi,c_hi,d_hi,a_en,b_en,c_en,d_en","Assertion/reason labels such as stray ‘(A)’, duplicated labels, or slash fragments remain in the rendered text.",Remove parser artifacts while preserving the four standard assertion–reason choices.,
3747,CTET ctet paper 1 aug 2023 Q81,evs,medium,assertion_reason_label_artifact,"q_hi,q_en,a_hi,b_hi,c_hi,d_hi,a_en,b_en,c_en,d_en","Assertion/reason labels such as stray ‘(A)’, duplicated labels, or slash fragments remain in the rendered text.",Remove parser artifacts while preserving the four standard assertion–reason choices.,
3752,CTET ctet paper 1 aug 2023 Q86,evs,medium,assertion_reason_label_artifact,"q_hi,q_en,a_hi,b_hi,c_hi,d_hi,a_en,b_en,c_en,d_en","Assertion/reason labels such as stray ‘(A)’, duplicated labels, or slash fragments remain in the rendered text.",Remove parser artifacts while preserving the four standard assertion–reason choices.,
3756,CTET ctet paper 1 aug 2023 Q90,evs,critical,stem_option_code_merged,"q_hi,a_hi,b_hi,c_hi,d_hi,q_en,a_en,b_en,c_en,d_en","Statements/activities and answer-code choices have been fused into the same option fields, omitted, or split across languages; the item is not reliably answerable as stored.",Reconstruct statement labels and four answer-code options from the original paper in both languages.,
3768,CTET ctet paper 1 aug 2023 Q102,english,high,missing_underlining_target,"q_hi,q_en","The question asks about an underlined word/expression, but plain text does not identify which token was underlined.","Recover the target from an original scan and encode it explicitly (for example, with a target span or quoted target field).",
3770,CTET ctet paper 1 aug 2023 Q104,english,high,missing_underlining_target,"q_hi,q_en","The question asks about an underlined word/expression, but plain text does not identify which token was underlined.","Recover the target from an original scan and encode it explicitly (for example, with a target span or quoted target field).",
3771,CTET ctet paper 1 aug 2023 Q105,english,high,missing_underlining_target,"q_hi,q_en","The question asks about an underlined word/expression, but plain text does not identify which token was underlined.","Recover the target from an original scan and encode it explicitly (for example, with a target span or quoted target field).",
3772,CTET ctet paper 1 aug 2023 Q106,english,critical,duplicate_or_lost_option,"a_hi,b_hi,c_hi,d_hi,a_en,b_en,c_en,d_en",Choices c and d both say that R is the correct explanation; one must say ‘not the correct explanation’.,Restore distinct complete options from the source and revalidate the answer index.,
3776,CTET ctet paper 1 aug 2023 Q110,english,high,invalid_answer_code,"b_hi,b_en",Option b uses A-vi although the matching list defines only i-v; the Hindi duplicate at line 3806 has A-iv.,Replace A-vi with A-iv after checking the original paper.,3806
3835,CTET ctet paper 1 aug 2023 Q139,english,critical,stem_option_code_merged,"q_hi,a_hi,b_hi,c_hi,d_hi,q_en,a_en,b_en,c_en,d_en","Statements/activities and answer-code choices have been fused into the same option fields, omitted, or split across languages; the item is not reliably answerable as stored.",Reconstruct statement labels and four answer-code options from the original paper in both languages.,
3837,CTET ctet paper 1 aug 2023 Q141,english,high,missing_underlining_target,"q_hi,q_en","The question asks about an underlined word/expression, but plain text does not identify which token was underlined.","Recover the target from an original scan and encode it explicitly (for example, with a target span or quoted target field).",
3838,CTET ctet paper 1 aug 2023 Q142,english,high,missing_underlining_target,"q_hi,q_en","The question asks about an underlined word/expression, but plain text does not identify which token was underlined.","Recover the target from an original scan and encode it explicitly (for example, with a target span or quoted target field).",
3839,CTET ctet paper 1 aug 2023 Q143,english,high,missing_underlining_target,"q_hi,q_en","The question asks about an underlined word/expression, but plain text does not identify which token was underlined.","Recover the target from an original scan and encode it explicitly (for example, with a target span or quoted target field).",
3844,CTET ctet paper 1 aug 2023 Q148,english,high,missing_underlining_target,"q_hi,q_en","The question asks about an underlined word/expression, but plain text does not identify which token was underlined.","Recover the target from an original scan and encode it explicitly (for example, with a target span or quoted target field).",
3845,CTET ctet paper 1 aug 2023 Q149,english,high,missing_underlining_target,"q_hi,q_en","The question asks about an underlined word/expression, but plain text does not identify which token was underlined.","Recover the target from an original scan and encode it explicitly (for example, with a target span or quoted target field).",
3846,CTET ctet paper 1 aug 2023 Q150,english,high,missing_underlining_target,"q_hi,q_en","The question asks about an underlined word/expression, but plain text does not identify which token was underlined.","Recover the target from an original scan and encode it explicitly (for example, with a target span or quoted target field).",
3877,CTET Paper 1 Dec 2018 Q1,cdp,low,exact_duplicate_auto_dropped,"q_hi,q_en,a_hi,source",The raw CSV repeats an earlier build fingerprint; tools/build.py silently drops this row.,Remove/consolidate the raw duplicate and merge useful provenance.,q_ctet.csv:364
3878,CTET Paper 1 Dec 2018 Q2,cdp,low,exact_duplicate_auto_dropped,"q_hi,q_en,a_hi,source",The raw CSV repeats an earlier build fingerprint; tools/build.py silently drops this row.,Remove/consolidate the raw duplicate and merge useful provenance.,q_ctet.csv:455
3879,CTET Paper 1 Dec 2018 Q3,cdp,low,exact_duplicate_auto_dropped,"q_hi,q_en,a_hi,source",The raw CSV repeats an earlier build fingerprint; tools/build.py silently drops this row.,Remove/consolidate the raw duplicate and merge useful provenance.,q_ctet.csv:456
3881,CTET Paper 1 Dec 2018 Q5,cdp,low,exact_duplicate_auto_dropped,"q_hi,q_en,a_hi,source",The raw CSV repeats an earlier build fingerprint; tools/build.py silently drops this row.,Remove/consolidate the raw duplicate and merge useful provenance.,q_ctet.csv:557
3882,CTET Paper 1 Dec 2018 Q6,cdp,low,exact_duplicate_auto_dropped,"q_hi,q_en,a_hi,source",The raw CSV repeats an earlier build fingerprint; tools/build.py silently drops this row.,Remove/consolidate the raw duplicate and merge useful provenance.,q_ctet.csv:1007
3883,CTET Paper 1 Dec 2018 Q7,cdp,low,exact_duplicate_auto_dropped,"q_hi,q_en,a_hi,source",The raw CSV repeats an earlier build fingerprint; tools/build.py silently drops this row.,Remove/consolidate the raw duplicate and merge useful provenance.,q_ctet.csv:1008
3884,CTET Paper 1 Dec 2018 Q8,cdp,low,exact_duplicate_auto_dropped,"q_hi,q_en,a_hi,source",The raw CSV repeats an earlier build fingerprint; tools/build.py silently drops this row.,Remove/consolidate the raw duplicate and merge useful provenance.,q_ctet.csv:1009
3885,CTET Paper 1 Dec 2018 Q9,cdp,low,exact_duplicate_auto_dropped,"q_hi,q_en,a_hi,source",The raw CSV repeats an earlier build fingerprint; tools/build.py silently drops this row.,Remove/consolidate the raw duplicate and merge useful provenance.,q_ctet.csv:482
3886,CTET Paper 1 Dec 2018 Q10,cdp,low,exact_duplicate_auto_dropped,"q_hi,q_en,a_hi,source",The raw CSV repeats an earlier build fingerprint; tools/build.py silently drops this row.,Remove/consolidate the raw duplicate and merge useful provenance.,q_ctet.csv:1010
3887,CTET Paper 1 Dec 2018 Q11,cdp,low,exact_duplicate_auto_dropped,"q_hi,q_en,a_hi,source",The raw CSV repeats an earlier build fingerprint; tools/build.py silently drops this row.,Remove/consolidate the raw duplicate and merge useful provenance.,q_ctet.csv:1011
3888,CTET Paper 1 Dec 2018 Q12,cdp,low,exact_duplicate_auto_dropped,"q_hi,q_en,a_hi,source",The raw CSV repeats an earlier build fingerprint; tools/build.py silently drops this row.,Remove/consolidate the raw duplicate and merge useful provenance.,q_ctet.csv:806
3889,CTET Paper 1 Dec 2018 Q13,cdp,low,exact_duplicate_auto_dropped,"q_hi,q_en,a_hi,source",The raw CSV repeats an earlier build fingerprint; tools/build.py silently drops this row.,Remove/consolidate the raw duplicate and merge useful provenance.,q_ctet.csv:229
3890,CTET Paper 1 Dec 2018 Q14,cdp,low,exact_duplicate_auto_dropped,"q_hi,q_en,a_hi,source",The raw CSV repeats an earlier build fingerprint; tools/build.py silently drops this row.,Remove/consolidate the raw duplicate and merge useful provenance.,q_ctet.csv:807
3891,CTET Paper 1 Dec 2018 Q15,cdp,low,exact_duplicate_auto_dropped,"q_hi,q_en,a_hi,source",The raw CSV repeats an earlier build fingerprint; tools/build.py silently drops this row.,Remove/consolidate the raw duplicate and merge useful provenance.,q_ctet.csv:808
3892,CTET Paper 1 Dec 2018 Q16,cdp,low,exact_duplicate_auto_dropped,"q_hi,q_en,a_hi,source",The raw CSV repeats an earlier build fingerprint; tools/build.py silently drops this row.,Remove/consolidate the raw duplicate and merge useful provenance.,q_ctet.csv:625
3893,CTET Paper 1 Dec 2018 Q17,cdp,low,exact_duplicate_auto_dropped,"q_hi,q_en,a_hi,source",The raw CSV repeats an earlier build fingerprint; tools/build.py silently drops this row.,Remove/consolidate the raw duplicate and merge useful provenance.,q_ctet.csv:769
3894,CTET Paper 1 Dec 2018 Q18,cdp,low,exact_duplicate_auto_dropped,"q_hi,q_en,a_hi,source",The raw CSV repeats an earlier build fingerprint; tools/build.py silently drops this row.,Remove/consolidate the raw duplicate and merge useful provenance.,q_ctet.csv:770
3895,CTET Paper 1 Dec 2018 Q19,cdp,low,exact_duplicate_auto_dropped,"q_hi,q_en,a_hi,source",The raw CSV repeats an earlier build fingerprint; tools/build.py silently drops this row.,Remove/consolidate the raw duplicate and merge useful provenance.,q_ctet.csv:771
3896,CTET Paper 1 Dec 2018 Q20,cdp,low,exact_duplicate_auto_dropped,"q_hi,q_en,a_hi,source",The raw CSV repeats an earlier build fingerprint; tools/build.py silently drops this row.,Remove/consolidate the raw duplicate and merge useful provenance.,q_ctet.csv:626
3897,CTET Paper 1 Dec 2018 Q21,cdp,low,exact_duplicate_auto_dropped,"q_hi,q_en,a_hi,source",The raw CSV repeats an earlier build fingerprint; tools/build.py silently drops this row.,Remove/consolidate the raw duplicate and merge useful provenance.,q_ctet.csv:881
3898,CTET Paper 1 Dec 2018 Q22,cdp,low,exact_duplicate_auto_dropped,"q_hi,q_en,a_hi,source",The raw CSV repeats an earlier build fingerprint; tools/build.py silently drops this row.,Remove/consolidate the raw duplicate and merge useful provenance.,q_ctet.csv:298
3899,CTET Paper 1 Dec 2018 Q23,cdp,low,exact_duplicate_auto_dropped,"q_hi,q_en,a_hi,source",The raw CSV repeats an earlier build fingerprint; tools/build.py silently drops this row.,Remove/consolidate the raw duplicate and merge useful provenance.,q_ctet.csv:583
3900,CTET Paper 1 Dec 2018 Q24,cdp,low,exact_duplicate_auto_dropped,"q_hi,q_en,a_hi,source",The raw CSV repeats an earlier build fingerprint; tools/build.py silently drops this row.,Remove/consolidate the raw duplicate and merge useful provenance.,q_ctet.csv:1012
3902,CTET Paper 1 Dec 2018 Q26,cdp,low,exact_duplicate_auto_dropped,"q_hi,q_en,a_hi,source",The raw CSV repeats an earlier build fingerprint; tools/build.py silently drops this row.,Remove/consolidate the raw duplicate and merge useful provenance.,q_ctet.csv:1013
3903,CTET Paper 1 Dec 2018 Q27,cdp,low,exact_duplicate_auto_dropped,"q_hi,q_en,a_hi,source",The raw CSV repeats an earlier build fingerprint; tools/build.py silently drops this row.,Remove/consolidate the raw duplicate and merge useful provenance.,q_ctet.csv:585
3904,CTET Paper 1 Dec 2018 Q28,cdp,low,exact_duplicate_auto_dropped,"q_hi,q_en,a_hi,source",The raw CSV repeats an earlier build fingerprint; tools/build.py silently drops this row.,Remove/consolidate the raw duplicate and merge useful provenance.,q_ctet.csv:952
3905,CTET Paper 1 Dec 2018 Q29,cdp,low,exact_duplicate_auto_dropped,"q_hi,q_en,a_hi,source",The raw CSV repeats an earlier build fingerprint; tools/build.py silently drops this row.,Remove/consolidate the raw duplicate and merge useful provenance.,q_ctet.csv:894
3906,CTET Paper 1 Dec 2018 Q30,cdp,low,exact_duplicate_auto_dropped,"q_hi,q_en,a_hi,source",The raw CSV repeats an earlier build fingerprint; tools/build.py silently drops this row.,Remove/consolidate the raw duplicate and merge useful provenance.,q_ctet.csv:1014
3909,CTET Paper 1 Dec 2018 Q33,math,critical,missing_visual_stimulus,"q_hi,q_en","The child’s worked subtraction is absent. The CSV schema has no media reference, and no Markdown image asset exists upstream.","Restore the original figure and add a supported media/alt-text representation, or remove the item.",
3924,CTET Paper 1 Dec 2018 Q49,math,critical,missing_visual_stimulus,"q_hi,q_en","The number line and point labels are absent. The CSV schema has no media reference, and no Markdown image asset exists upstream.","Restore the original figure and add a supported media/alt-text representation, or remove the item.",
3925,CTET Paper 1 Dec 2018 Q50,math,critical,math_expression_lost,"q_hi,q_en",Both languages flatten 3 1/4 kg and 1/16 kg.,Restore the original expression with unambiguous Unicode or LaTeX-style serialization and revalidate the key.,
3928,CTET Paper 1 Dec 2018 Q53,math,low,exact_duplicate_auto_dropped,"q_hi,q_en,a_hi,source",The raw CSV repeats an earlier build fingerprint; tools/build.py silently drops this row.,Remove/consolidate the raw duplicate and merge useful provenance.,q_ctet.csv:46
3929,CTET Paper 1 Dec 2018 Q54,math,critical,missing_visual_stimulus,"q_hi,q_en","The rectangle/grid is absent. The CSV schema has no media reference, and no Markdown image asset exists upstream.","Restore the original figure and add a supported media/alt-text representation, or remove the item.",
3931,CTET Paper 1 Dec 2018 Q57,math,critical,missing_visual_stimulus,"q_hi,q_en","The pie chart is absent. The CSV schema has no media reference, and no Markdown image asset exists upstream.","Restore the original figure and add a supported media/alt-text representation, or remove the item.",
3933,CTET Paper 1 Dec 2018 Q60,math,high,math_expression_lost,"q_hi,q_en",The Hindi stem loses the complete alternating-sum expression.,Restore the original expression with unambiguous Unicode or LaTeX-style serialization and revalidate the key.,
3934,CTET Paper 1 Dec 2018 Q61,evs,low,exact_duplicate_auto_dropped,"q_hi,q_en,a_hi,source",The raw CSV repeats an earlier build fingerprint; tools/build.py silently drops this row.,Remove/consolidate the raw duplicate and merge useful provenance.,q_ctet.csv:1337
3935,CTET Paper 1 Dec 2018 Q62,evs,low,exact_duplicate_auto_dropped,"q_hi,q_en,a_hi,source",The raw CSV repeats an earlier build fingerprint; tools/build.py silently drops this row.,Remove/consolidate the raw duplicate and merge useful provenance.,q_ctet.csv:1254
3936,CTET Paper 1 Dec 2018 Q63,evs,low,exact_duplicate_auto_dropped,"q_hi,q_en,a_hi,source",The raw CSV repeats an earlier build fingerprint; tools/build.py silently drops this row.,Remove/consolidate the raw duplicate and merge useful provenance.,q_ctet.csv:1302
3937,CTET Paper 1 Dec 2018 Q64,evs,critical,wrong_answer_key,ans,Stored d; correct c — NCF-2000 is the correct option in this ordering.,Correct the key after recording a source citation and regression test.,
3938,CTET Paper 1 Dec 2018 Q65,evs,low,exact_duplicate_auto_dropped,"q_hi,q_en,a_hi,source",The raw CSV repeats an earlier build fingerprint; tools/build.py silently drops this row.,Remove/consolidate the raw duplicate and merge useful provenance.,q_ctet.csv:1292
3939,CTET Paper 1 Dec 2018 Q66,evs,low,exact_duplicate_auto_dropped,"q_hi,q_en,a_hi,source",The raw CSV repeats an earlier build fingerprint; tools/build.py silently drops this row.,Remove/consolidate the raw duplicate and merge useful provenance.,q_ctet.csv:1338
3940,CTET Paper 1 Dec 2018 Q67,evs,low,exact_duplicate_auto_dropped,"q_hi,q_en,a_hi,source",The raw CSV repeats an earlier build fingerprint; tools/build.py silently drops this row.,Remove/consolidate the raw duplicate and merge useful provenance.,q_ctet.csv:1132
3941,CTET Paper 1 Dec 2018 Q68,evs,low,exact_duplicate_auto_dropped,"q_hi,q_en,a_hi,source",The raw CSV repeats an earlier build fingerprint; tools/build.py silently drops this row.,Remove/consolidate the raw duplicate and merge useful provenance.,q_ctet.csv:1339
3942,CTET Paper 1 Dec 2018 Q69,evs,low,exact_duplicate_auto_dropped,"q_hi,q_en,a_hi,source",The raw CSV repeats an earlier build fingerprint; tools/build.py silently drops this row.,Remove/consolidate the raw duplicate and merge useful provenance.,q_ctet.csv:1480
3943,CTET Paper 1 Dec 2018 Q70,evs,low,exact_duplicate_auto_dropped,"q_hi,q_en,a_hi,source",The raw CSV repeats an earlier build fingerprint; tools/build.py silently drops this row.,Remove/consolidate the raw duplicate and merge useful provenance.,q_ctet.csv:1190
3945,CTET Paper 1 Dec 2018 Q72,evs,low,exact_duplicate_auto_dropped,"q_hi,q_en,a_hi,source",The raw CSV repeats an earlier build fingerprint; tools/build.py silently drops this row.,Remove/consolidate the raw duplicate and merge useful provenance.,q_ctet.csv:1601
3946,CTET Paper 1 Dec 2018 Q73,evs,low,exact_duplicate_auto_dropped,"q_hi,q_en,a_hi,source",The raw CSV repeats an earlier build fingerprint; tools/build.py silently drops this row.,Remove/consolidate the raw duplicate and merge useful provenance.,q_ctet.csv:1648
3947,CTET Paper 1 Dec 2018 Q74,evs,critical,corrupt_options_no_correct_answer,"a_hi,b_hi,c_hi,d_hi,a_en,b_en,c_en,d_en,ans","A 10 kg mass has Earth weight about 98 N, but no current option is correct; duplicate line 62 preserves 97.993 N.",Restore the option set from the verified duplicate and realign the answer key.,62
3948,CTET Paper 1 Dec 2018 Q75,evs,low,exact_duplicate_auto_dropped,"q_hi,q_en,a_hi,source",The raw CSV repeats an earlier build fingerprint; tools/build.py silently drops this row.,Remove/consolidate the raw duplicate and merge useful provenance.,q_ctet.csv:1602
3949,CTET Paper 1 Dec 2018 Q76,evs,low,exact_duplicate_auto_dropped,"q_hi,q_en,a_hi,source",The raw CSV repeats an earlier build fingerprint; tools/build.py silently drops this row.,Remove/consolidate the raw duplicate and merge useful provenance.,q_ctet.csv:1554
3950,CTET Paper 1 Dec 2018 Q77,evs,low,exact_duplicate_auto_dropped,"q_hi,q_en,a_hi,source",The raw CSV repeats an earlier build fingerprint; tools/build.py silently drops this row.,Remove/consolidate the raw duplicate and merge useful provenance.,q_ctet.csv:1583
3953,CTET Paper 1 Dec 2018 Q80,evs,low,exact_duplicate_auto_dropped,"q_hi,q_en,a_hi,source",The raw CSV repeats an earlier build fingerprint; tools/build.py silently drops this row.,Remove/consolidate the raw duplicate and merge useful provenance.,q_ctet.csv:1555
3955,CTET Paper 1 Dec 2018 Q82,evs,low,exact_duplicate_auto_dropped,"q_hi,q_en,a_hi,source",The raw CSV repeats an earlier build fingerprint; tools/build.py silently drops this row.,Remove/consolidate the raw duplicate and merge useful provenance.,q_ctet.csv:1556
3956,CTET Paper 1 Dec 2018 Q83,evs,low,exact_duplicate_auto_dropped,"q_hi,q_en,a_hi,source",The raw CSV repeats an earlier build fingerprint; tools/build.py silently drops this row.,Remove/consolidate the raw duplicate and merge useful provenance.,q_ctet.csv:1557
3957,CTET Paper 1 Dec 2018 Q84,evs,low,exact_duplicate_auto_dropped,"q_hi,q_en,a_hi,source",The raw CSV repeats an earlier build fingerprint; tools/build.py silently drops this row.,Remove/consolidate the raw duplicate and merge useful provenance.,q_ctet.csv:1558
3958,CTET Paper 1 Dec 2018 Q85,evs,low,exact_duplicate_auto_dropped,"q_hi,q_en,a_hi,source",The raw CSV repeats an earlier build fingerprint; tools/build.py silently drops this row.,Remove/consolidate the raw duplicate and merge useful provenance.,q_ctet.csv:1559
3959,CTET Paper 1 Dec 2018 Q86,evs,low,exact_duplicate_auto_dropped,"q_hi,q_en,a_hi,source",The raw CSV repeats an earlier build fingerprint; tools/build.py silently drops this row.,Remove/consolidate the raw duplicate and merge useful provenance.,q_ctet.csv:1560
3960,CTET Paper 1 Dec 2018 Q87,evs,low,exact_duplicate_auto_dropped,"q_hi,q_en,a_hi,source",The raw CSV repeats an earlier build fingerprint; tools/build.py silently drops this row.,Remove/consolidate the raw duplicate and merge useful provenance.,q_ctet.csv:1631
3961,CTET Paper 1 Dec 2018 Q88,evs,medium,duplicate_survives_build,"q_hi,a_hi,b_hi,c_hi,d_hi,source",Same normalized Hindi stem and option set survives because option order or formatting defeats the current fingerprint.,Consolidate the pair and make deduplication order-insensitive while preserving the correct answer mapping.,q_ctet.csv:1752
3963,CTET Paper 1 Dec 2018 Q90,evs,low,exact_duplicate_auto_dropped,"q_hi,q_en,a_hi,source",The raw CSV repeats an earlier build fingerprint; tools/build.py silently drops this row.,Remove/consolidate the raw duplicate and merge useful provenance.,q_ctet.csv:1613
3994,CTET Paper 1 Dec 2018 Q121,hindi,medium,duplicate_survives_build,"q_hi,a_hi,b_hi,c_hi,d_hi,source",Same normalized Hindi stem and option set survives because option order or formatting defeats the current fingerprint.,Consolidate the pair and make deduplication order-insensitive while preserving the correct answer mapping.,q_ctet.csv:133
4012,CTET Paper 1 Dec 2018 Q139,hindi,medium,duplicate_survives_build,"q_hi,a_hi,b_hi,c_hi,d_hi,source",Same normalized Hindi stem and option set survives because option order or formatting defeats the current fingerprint.,Consolidate the pair and make deduplication order-insensitive while preserving the correct answer mapping.,q_ctet.csv:143
4017,CTET Paper 1 Dec 2018 Q144,hindi,medium,duplicate_survives_build,"q_hi,a_hi,b_hi,c_hi,d_hi,source",Same normalized Hindi stem and option set survives because option order or formatting defeats the current fingerprint.,Consolidate the pair and make deduplication order-insensitive while preserving the correct answer mapping.,q_ctet.csv:118
4018,CTET Paper 1 Dec 2018 Q145,hindi,medium,duplicate_survives_build,"q_hi,a_hi,b_hi,c_hi,d_hi,source",Same normalized Hindi stem and option set survives because option order or formatting defeats the current fingerprint.,Consolidate the pair and make deduplication order-insensitive while preserving the correct answer mapping.,q_ctet.csv:119
4022,CTET Paper 1 Dec 2018 Q149,hindi,medium,duplicate_survives_build,"q_hi,a_hi,b_hi,c_hi,d_hi,source",Same normalized Hindi stem and option set survives because option order or formatting defeats the current fingerprint.,Consolidate the pair and make deduplication order-insensitive while preserving the correct answer mapping.,q_ctet.csv:123
4024,CTET Paper 1 Dec 2018 Q91,english,medium,duplicate_survives_build,"q_hi,a_hi,b_hi,c_hi,d_hi,source",Same normalized Hindi stem and option set survives because option order or formatting defeats the current fingerprint.,Consolidate the pair and make deduplication order-insensitive while preserving the correct answer mapping.,q_ctet.csv:103
4026,CTET Paper 1 Dec 2018 Q93,english,medium,duplicate_survives_build,"q_hi,a_hi,b_hi,c_hi,d_hi,source",Same normalized Hindi stem and option set survives because option order or formatting defeats the current fingerprint.,Consolidate the pair and make deduplication order-insensitive while preserving the correct answer mapping.,q_ctet.csv:105
4027,CTET Paper 1 Dec 2018 Q94,english,medium,duplicate_survives_build,"q_hi,a_hi,b_hi,c_hi,d_hi,source",Same normalized Hindi stem and option set survives because option order or formatting defeats the current fingerprint.,Consolidate the pair and make deduplication order-insensitive while preserving the correct answer mapping.,q_ctet.csv:106
4029,CTET Paper 1 Dec 2018 Q96,english,medium,duplicate_survives_build,"q_hi,a_hi,b_hi,c_hi,d_hi,source",Same normalized Hindi stem and option set survives because option order or formatting defeats the current fingerprint.,Consolidate the pair and make deduplication order-insensitive while preserving the correct answer mapping.,q_ctet.csv:108
4031,CTET Paper 1 Dec 2018 Q98,english,medium,duplicate_survives_build,"q_hi,a_hi,b_hi,c_hi,d_hi,source",Same normalized Hindi stem and option set survives because option order or formatting defeats the current fingerprint.,Consolidate the pair and make deduplication order-insensitive while preserving the correct answer mapping.,q_ctet.csv:110
4032,CTET Paper 1 Dec 2018 Q99,english,medium,duplicate_survives_build,"q_hi,a_hi,b_hi,c_hi,d_hi,source",Same normalized Hindi stem and option set survives because option order or formatting defeats the current fingerprint.,Consolidate the pair and make deduplication order-insensitive while preserving the correct answer mapping.,q_ctet.csv:111
4034,CTET Paper 1 Dec 2018 Q101,english,medium,duplicate_survives_build,"q_hi,a_hi,b_hi,c_hi,d_hi,source",Same normalized Hindi stem and option set survives because option order or formatting defeats the current fingerprint.,Consolidate the pair and make deduplication order-insensitive while preserving the correct answer mapping.,q_ctet.csv:113
4035,CTET Paper 1 Dec 2018 Q102,english,medium,duplicate_survives_build,"q_hi,a_hi,b_hi,c_hi,d_hi,source",Same normalized Hindi stem and option set survives because option order or formatting defeats the current fingerprint.,Consolidate the pair and make deduplication order-insensitive while preserving the correct answer mapping.,q_ctet.csv:114
4038,CTET Paper 1 Dec 2018 Q105,english,medium,duplicate_survives_build,"q_hi,a_hi,b_hi,c_hi,d_hi,source",Same normalized Hindi stem and option set survives because option order or formatting defeats the current fingerprint.,Consolidate the pair and make deduplication order-insensitive while preserving the correct answer mapping.,q_ctet.csv:117
4039,CTET Paper 1 Dec 2018 Q106,english,medium,duplicate_survives_build,"q_hi,a_hi,b_hi,c_hi,d_hi,source",Same normalized Hindi stem and option set survives because option order or formatting defeats the current fingerprint.,Consolidate the pair and make deduplication order-insensitive while preserving the correct answer mapping.,q_ctet.csv:95
4040,CTET Paper 1 Dec 2018 Q107,english,medium,duplicate_survives_build,"q_hi,a_hi,b_hi,c_hi,d_hi,source",Same normalized Hindi stem and option set survives because option order or formatting defeats the current fingerprint.,Consolidate the pair and make deduplication order-insensitive while preserving the correct answer mapping.,q_ctet.csv:96
4045,CTET Paper 1 Dec 2018 Q112,english,medium,duplicate_survives_build,"q_hi,a_hi,b_hi,c_hi,d_hi,source",Same normalized Hindi stem and option set survives because option order or formatting defeats the current fingerprint.,Consolidate the pair and make deduplication order-insensitive while preserving the correct answer mapping.,q_ctet.csv:101
4046,CTET Paper 1 Dec 2018 Q113,english,medium,duplicate_survives_build,"q_hi,a_hi,b_hi,c_hi,d_hi,source",Same normalized Hindi stem and option set survives because option order or formatting defeats the current fingerprint.,Consolidate the pair and make deduplication order-insensitive while preserving the correct answer mapping.,q_ctet.csv:102
4047,CTET Paper 1 Dec 2018 Q114,english,medium,duplicate_survives_build,"q_hi,a_hi,b_hi,c_hi,d_hi,source",Same normalized Hindi stem and option set survives because option order or formatting defeats the current fingerprint.,Consolidate the pair and make deduplication order-insensitive while preserving the correct answer mapping.,q_ctet.csv:88
4048,CTET Paper 1 Dec 2018 Q115,english,medium,duplicate_survives_build,"q_hi,a_hi,b_hi,c_hi,d_hi,source",Same normalized Hindi stem and option set survives because option order or formatting defeats the current fingerprint.,Consolidate the pair and make deduplication order-insensitive while preserving the correct answer mapping.,q_ctet.csv:89
4050,CTET Paper 1 Dec 2018 Q117,english,medium,duplicate_survives_build,"q_hi,a_hi,b_hi,c_hi,d_hi,source",Same normalized Hindi stem and option set survives because option order or formatting defeats the current fingerprint.,Consolidate the pair and make deduplication order-insensitive while preserving the correct answer mapping.,q_ctet.csv:91
4052,CTET Paper 1 Dec 2018 Q119,english,medium,duplicate_survives_build,"q_hi,a_hi,b_hi,c_hi,d_hi,source",Same normalized Hindi stem and option set survives because option order or formatting defeats the current fingerprint.,Consolidate the pair and make deduplication order-insensitive while preserving the correct answer mapping.,q_ctet.csv:93
4053,CTET Paper 1 Dec 2018 Q120,english,medium,duplicate_survives_build,"q_hi,a_hi,b_hi,c_hi,d_hi,source",Same normalized Hindi stem and option set survives because option order or formatting defeats the current fingerprint.,Consolidate the pair and make deduplication order-insensitive while preserving the correct answer mapping.,q_ctet.csv:94
4088,CTET Paper 1 dec 2019 Q5,cdp,medium,option_metadata_leak,"a_hi,b_hi,c_hi,d_hi",Exam date and/or shift metadata is appended to one answer option.,Move provenance to source/years and remove it from the option text.,
4122,CTET Paper 1 dec 2019 Q39,math,critical,incomplete_table_or_data,"q_hi,q_en",The vegetable ‘price list’ contains quantities but no prices.,Restore the complete table/data from the original paper and verify all options and the key.,
4143,CTET Paper 1 dec 2019 Q60,math,high,math_expression_lost,"q_hi,q_en",Both languages flatten 1/4 and 1/3 as ‘1 4’ and ‘1 3’.,Restore the original expression with unambiguous Unicode or LaTeX-style serialization and revalidate the key.,
4176,CTET Paper 1 dec 2019 Q93,english,high,missing_underlining_target,"q_hi,q_en","The question asks about an underlined word/expression, but plain text does not identify which token was underlined.","Recover the target from an original scan and encode it explicitly (for example, with a target span or quoted target field).",
4214,CTET Paper 1 dec 2019 Q131,english,high,missing_underlining_target,"q_hi,q_en","The question asks about an underlined word/expression, but plain text does not identify which token was underlined.","Recover the target from an original scan and encode it explicitly (for example, with a target span or quoted target field).",
4296,CTET Paper 1 dec 2021 Q4,cdp,medium,option_metadata_leak,"a_hi,b_hi,c_hi,d_hi",Exam date and/or shift metadata is appended to one answer option.,Move provenance to source/years and remove it from the option text.,
4383,CTET Paper 1 dec 2021 Q91,hindi,high,missing_underlining_target,"q_hi,q_en","The question asks about an underlined word/expression, but plain text does not identify which token was underlined.","Recover the target from an original scan and encode it explicitly (for example, with a target span or quoted target field).",
4392,CTET Paper 1 dec 2021 Q100,hindi,high,missing_underlining_target,"q_hi,q_en","The question asks about an underlined word/expression, but plain text does not identify which token was underlined.","Recover the target from an original scan and encode it explicitly (for example, with a target span or quoted target field).",
4419,CTET Paper 1 dec 2021 Q127,hindi,high,missing_underlining_target,"q_hi,q_en","The question asks about an underlined word/expression, but plain text does not identify which token was underlined.","Recover the target from an original scan and encode it explicitly (for example, with a target span or quoted target field).",
4450,CTET Paper 1 dec 2021 Q98,english,high,missing_underlining_target,"q_hi,q_en","The question asks about an underlined word/expression, but plain text does not identify which token was underlined.","Recover the target from an original scan and encode it explicitly (for example, with a target span or quoted target field).",
4479,CTET Paper 1 dec 2021 Q127,english,high,missing_underlining_target,"q_hi,q_en","The question asks about an underlined word/expression, but plain text does not identify which token was underlined.","Recover the target from an original scan and encode it explicitly (for example, with a target span or quoted target field).",
4503,CTET paper 1 Feb 2015 Q1,cdp,low,exact_duplicate_auto_dropped,"q_hi,q_en,a_hi,source",The raw CSV repeats an earlier build fingerprint; tools/build.py silently drops this row.,Remove/consolidate the raw duplicate and merge useful provenance.,q_ctet.csv:302
4504,CTET paper 1 Feb 2015 Q2,cdp,medium,duplicate_survives_build,"q_hi,a_hi,b_hi,c_hi,d_hi,source",Same normalized Hindi stem and option set survives because option order or formatting defeats the current fingerprint.,Consolidate the pair and make deduplication order-insensitive while preserving the correct answer mapping.,q_ctet.csv:836
4506,CTET paper 1 Feb 2015 Q4,cdp,low,exact_duplicate_auto_dropped,"q_hi,q_en,a_hi,source",The raw CSV repeats an earlier build fingerprint; tools/build.py silently drops this row.,Remove/consolidate the raw duplicate and merge useful provenance.,q_ctet.csv:601
4509,CTET paper 1 Feb 2015 Q7,cdp,high,english_option_truncated,"a_en,b_en,c_en,d_en",One or more English options end in ‘...’ and omit substantive distinguishing text.,Restore complete option translations and check that all four remain distinct.,
4509,CTET paper 1 Feb 2015 Q7,cdp,low,exact_duplicate_auto_dropped,"q_hi,q_en,a_hi,source",The raw CSV repeats an earlier build fingerprint; tools/build.py silently drops this row.,Remove/consolidate the raw duplicate and merge useful provenance.,q_ctet.csv:600
4510,CTET paper 1 Feb 2015 Q8,cdp,low,exact_duplicate_auto_dropped,"q_hi,q_en,a_hi,source",The raw CSV repeats an earlier build fingerprint; tools/build.py silently drops this row.,Remove/consolidate the raw duplicate and merge useful provenance.,q_ctet.csv:635
4512,CTET paper 1 Feb 2015 Q10,cdp,low,exact_duplicate_auto_dropped,"q_hi,q_en,a_hi,source",The raw CSV repeats an earlier build fingerprint; tools/build.py silently drops this row.,Remove/consolidate the raw duplicate and merge useful provenance.,q_ctet.csv:820
4513,CTET paper 1 Feb 2015 Q11,cdp,low,exact_duplicate_auto_dropped,"q_hi,q_en,a_hi,source",The raw CSV repeats an earlier build fingerprint; tools/build.py silently drops this row.,Remove/consolidate the raw duplicate and merge useful provenance.,q_ctet.csv:914
4514,CTET paper 1 Feb 2015 Q12,cdp,low,exact_duplicate_auto_dropped,"q_hi,q_en,a_hi,source",The raw CSV repeats an earlier build fingerprint; tools/build.py silently drops this row.,Remove/consolidate the raw duplicate and merge useful provenance.,q_ctet.csv:562
4515,CTET paper 1 Feb 2015 Q13,cdp,low,exact_duplicate_auto_dropped,"q_hi,q_en,a_hi,source",The raw CSV repeats an earlier build fingerprint; tools/build.py silently drops this row.,Remove/consolidate the raw duplicate and merge useful provenance.,q_ctet.csv:812
4516,CTET paper 1 Feb 2015 Q14,cdp,low,exact_duplicate_auto_dropped,"q_hi,q_en,a_hi,source",The raw CSV repeats an earlier build fingerprint; tools/build.py silently drops this row.,Remove/consolidate the raw duplicate and merge useful provenance.,q_ctet.csv:309
4517,CTET paper 1 Feb 2015 Q15,cdp,low,exact_duplicate_auto_dropped,"q_hi,q_en,a_hi,source",The raw CSV repeats an earlier build fingerprint; tools/build.py silently drops this row.,Remove/consolidate the raw duplicate and merge useful provenance.,q_ctet.csv:967
4518,CTET paper 1 Feb 2015 Q16,cdp,low,exact_duplicate_auto_dropped,"q_hi,q_en,a_hi,source",The raw CSV repeats an earlier build fingerprint; tools/build.py silently drops this row.,Remove/consolidate the raw duplicate and merge useful provenance.,q_ctet.csv:172
4519,CTET paper 1 Feb 2015 Q17,cdp,low,exact_duplicate_auto_dropped,"q_hi,q_en,a_hi,source",The raw CSV repeats an earlier build fingerprint; tools/build.py silently drops this row.,Remove/consolidate the raw duplicate and merge useful provenance.,q_ctet.csv:372
4520,CTET paper 1 Feb 2015 Q18,cdp,low,exact_duplicate_auto_dropped,"q_hi,q_en,a_hi,source",The raw CSV repeats an earlier build fingerprint; tools/build.py silently drops this row.,Remove/consolidate the raw duplicate and merge useful provenance.,q_ctet.csv:907
4521,CTET paper 1 Feb 2015 Q19,cdp,low,exact_duplicate_auto_dropped,"q_hi,q_en,a_hi,source",The raw CSV repeats an earlier build fingerprint; tools/build.py silently drops this row.,Remove/consolidate the raw duplicate and merge useful provenance.,q_ctet.csv:679
4523,CTET paper 1 Feb 2015 Q21,cdp,low,exact_duplicate_auto_dropped,"q_hi,q_en,a_hi,source",The raw CSV repeats an earlier build fingerprint; tools/build.py silently drops this row.,Remove/consolidate the raw duplicate and merge useful provenance.,q_ctet.csv:1044
4525,CTET paper 1 Feb 2015 Q23,cdp,low,exact_duplicate_auto_dropped,"q_hi,q_en,a_hi,source",The raw CSV repeats an earlier build fingerprint; tools/build.py silently drops this row.,Remove/consolidate the raw duplicate and merge useful provenance.,q_ctet.csv:835
4526,CTET paper 1 Feb 2015 Q24,cdp,low,exact_duplicate_auto_dropped,"q_hi,q_en,a_hi,source",The raw CSV repeats an earlier build fingerprint; tools/build.py silently drops this row.,Remove/consolidate the raw duplicate and merge useful provenance.,q_ctet.csv:460
4530,CTET paper 1 Feb 2015 Q28,cdp,low,exact_duplicate_auto_dropped,"q_hi,q_en,a_hi,source",The raw CSV repeats an earlier build fingerprint; tools/build.py silently drops this row.,Remove/consolidate the raw duplicate and merge useful provenance.,q_ctet.csv:651
4531,CTET paper 1 Feb 2015 Q29,cdp,low,exact_duplicate_auto_dropped,"q_hi,q_en,a_hi,source",The raw CSV repeats an earlier build fingerprint; tools/build.py silently drops this row.,Remove/consolidate the raw duplicate and merge useful provenance.,q_ctet.csv:936
4533,CTET paper 1 Feb 2015 Q31,math,high,english_option_truncated,"a_en,b_en,c_en,d_en",One or more English options end in ‘...’ and omit substantive distinguishing text.,Restore complete option translations and check that all four remain distinct.,
4538,CTET paper 1 Feb 2015 Q36,math,high,english_option_truncated,"a_en,b_en,c_en,d_en",One or more English options end in ‘...’ and omit substantive distinguishing text.,Restore complete option translations and check that all four remain distinct.,
4541,CTET paper 1 Feb 2015 Q39,math,high,english_option_truncated,"a_en,b_en,c_en,d_en",One or more English options end in ‘...’ and omit substantive distinguishing text.,Restore complete option translations and check that all four remain distinct.,
4543,CTET paper 1 Feb 2015 Q41,math,high,english_option_truncated,"a_en,b_en,c_en,d_en",One or more English options end in ‘...’ and omit substantive distinguishing text.,Restore complete option translations and check that all four remain distinct.,
4543,CTET paper 1 Feb 2015 Q41,math,high,english_stem_truncated,q_en,"English is an ellipsis-based summary that omits statements, values, conditions, or the actual task present in Hindi.",Provide a complete faithful English translation or leave English unavailable rather than serving an incomplete item.,
4544,CTET paper 1 Feb 2015 Q42,math,high,english_option_truncated,"a_en,b_en,c_en,d_en",One or more English options end in ‘...’ and omit substantive distinguishing text.,Restore complete option translations and check that all four remain distinct.,
4546,CTET paper 1 Feb 2015 Q44,math,high,english_option_truncated,"a_en,b_en,c_en,d_en",One or more English options end in ‘...’ and omit substantive distinguishing text.,Restore complete option translations and check that all four remain distinct.,
4547,CTET paper 1 Feb 2015 Q45,math,high,english_option_truncated,"a_en,b_en,c_en,d_en",One or more English options end in ‘...’ and omit substantive distinguishing text.,Restore complete option translations and check that all four remain distinct.,
4548,CTET paper 1 Feb 2015 Q46,math,high,duplicate_or_lost_option,"a_hi,b_hi,c_hi,d_hi,a_en,b_en,c_en,d_en",Abbreviated English options a and c are indistinguishable.,Restore distinct complete options from the source and revalidate the answer index.,
4548,CTET paper 1 Feb 2015 Q46,math,high,english_option_truncated,"a_en,b_en,c_en,d_en",One or more English options end in ‘...’ and omit substantive distinguishing text.,Restore complete option translations and check that all four remain distinct.,
4549,CTET paper 1 Feb 2015 Q47,math,high,english_option_truncated,"a_en,b_en,c_en,d_en",One or more English options end in ‘...’ and omit substantive distinguishing text.,Restore complete option translations and check that all four remain distinct.,
4551,CTET paper 1 Feb 2015 Q49,math,high,duplicate_or_lost_option,"a_hi,b_hi,c_hi,d_hi,a_en,b_en,c_en,d_en",Three English choices are the same truncated phrase.,Restore distinct complete options from the source and revalidate the answer index.,
4551,CTET paper 1 Feb 2015 Q49,math,high,english_option_truncated,"a_en,b_en,c_en,d_en",One or more English options end in ‘...’ and omit substantive distinguishing text.,Restore complete option translations and check that all four remain distinct.,
4551,CTET paper 1 Feb 2015 Q49,math,high,english_stem_truncated,q_en,"English is an ellipsis-based summary that omits statements, values, conditions, or the actual task present in Hindi.",Provide a complete faithful English translation or leave English unavailable rather than serving an incomplete item.,
4552,CTET paper 1 Feb 2015 Q50,math,critical,math_expression_lost,"q_hi,q_en","The dividend/mixed number is lost; displayed English asks 5 ÷ 1/10, whose answer 50 is absent.",Restore the original expression with unambiguous Unicode or LaTeX-style serialization and revalidate the key.,
4556,CTET paper 1 Feb 2015 Q54,math,high,english_option_truncated,"a_en,b_en,c_en,d_en",One or more English options end in ‘...’ and omit substantive distinguishing text.,Restore complete option translations and check that all four remain distinct.,
4561,CTET paper 1 Feb 2015 Q60,math,high,english_option_truncated,"a_en,b_en,c_en,d_en",One or more English options end in ‘...’ and omit substantive distinguishing text.,Restore complete option translations and check that all four remain distinct.,
4562,CTET paper 1 Feb 2015 Q61,evs,high,english_stem_truncated,q_en,"English is an ellipsis-based summary that omits statements, values, conditions, or the actual task present in Hindi.",Provide a complete faithful English translation or leave English unavailable rather than serving an incomplete item.,
4562,CTET paper 1 Feb 2015 Q61,evs,low,exact_duplicate_auto_dropped,"q_hi,q_en,a_hi,source",The raw CSV repeats an earlier build fingerprint; tools/build.py silently drops this row.,Remove/consolidate the raw duplicate and merge useful provenance.,q_ctet.csv:1749
4563,CTET paper 1 Feb 2015 Q62,evs,high,english_stem_truncated,q_en,"English is an ellipsis-based summary that omits statements, values, conditions, or the actual task present in Hindi.",Provide a complete faithful English translation or leave English unavailable rather than serving an incomplete item.,
4564,CTET paper 1 Feb 2015 Q63,evs,low,exact_duplicate_auto_dropped,"q_hi,q_en,a_hi,source",The raw CSV repeats an earlier build fingerprint; tools/build.py silently drops this row.,Remove/consolidate the raw duplicate and merge useful provenance.,q_ctet.csv:1698
4566,CTET paper 1 Feb 2015 Q65,evs,low,exact_duplicate_auto_dropped,"q_hi,q_en,a_hi,source",The raw CSV repeats an earlier build fingerprint; tools/build.py silently drops this row.,Remove/consolidate the raw duplicate and merge useful provenance.,q_ctet.csv:1748
4567,CTET paper 1 Feb 2015 Q66,evs,low,exact_duplicate_auto_dropped,"q_hi,q_en,a_hi,source",The raw CSV repeats an earlier build fingerprint; tools/build.py silently drops this row.,Remove/consolidate the raw duplicate and merge useful provenance.,q_ctet.csv:1697
4568,CTET paper 1 Feb 2015 Q67,evs,low,exact_duplicate_auto_dropped,"q_hi,q_en,a_hi,source",The raw CSV repeats an earlier build fingerprint; tools/build.py silently drops this row.,Remove/consolidate the raw duplicate and merge useful provenance.,q_ctet.csv:1610
4569,CTET paper 1 Feb 2015 Q68,evs,low,exact_duplicate_auto_dropped,"q_hi,q_en,a_hi,source",The raw CSV repeats an earlier build fingerprint; tools/build.py silently drops this row.,Remove/consolidate the raw duplicate and merge useful provenance.,q_ctet.csv:1728
4571,CTET paper 1 Feb 2015 Q70,evs,high,english_stem_truncated,q_en,"English is an ellipsis-based summary that omits statements, values, conditions, or the actual task present in Hindi.",Provide a complete faithful English translation or leave English unavailable rather than serving an incomplete item.,
4571,CTET paper 1 Feb 2015 Q70,evs,low,exact_duplicate_auto_dropped,"q_hi,q_en,a_hi,source",The raw CSV repeats an earlier build fingerprint; tools/build.py silently drops this row.,Remove/consolidate the raw duplicate and merge useful provenance.,q_ctet.csv:1627
4572,CTET paper 1 Feb 2015 Q71,evs,low,exact_duplicate_auto_dropped,"q_hi,q_en,a_hi,source",The raw CSV repeats an earlier build fingerprint; tools/build.py silently drops this row.,Remove/consolidate the raw duplicate and merge useful provenance.,q_ctet.csv:1547
4573,CTET paper 1 Feb 2015 Q72,evs,low,exact_duplicate_auto_dropped,"q_hi,q_en,a_hi,source",The raw CSV repeats an earlier build fingerprint; tools/build.py silently drops this row.,Remove/consolidate the raw duplicate and merge useful provenance.,q_ctet.csv:1747
4574,CTET paper 1 Feb 2015 Q73,evs,low,exact_duplicate_auto_dropped,"q_hi,q_en,a_hi,source",The raw CSV repeats an earlier build fingerprint; tools/build.py silently drops this row.,Remove/consolidate the raw duplicate and merge useful provenance.,q_ctet.csv:1696
4575,CTET paper 1 Feb 2015 Q74,evs,low,exact_duplicate_auto_dropped,"q_hi,q_en,a_hi,source",The raw CSV repeats an earlier build fingerprint; tools/build.py silently drops this row.,Remove/consolidate the raw duplicate and merge useful provenance.,q_ctet.csv:1149
4578,CTET paper 1 Feb 2015 Q77,evs,low,exact_duplicate_auto_dropped,"q_hi,q_en,a_hi,source",The raw CSV repeats an earlier build fingerprint; tools/build.py silently drops this row.,Remove/consolidate the raw duplicate and merge useful provenance.,q_ctet.csv:1225
4580,CTET paper 1 Feb 2015 Q79,evs,high,english_stem_truncated,q_en,"English is an ellipsis-based summary that omits statements, values, conditions, or the actual task present in Hindi.",Provide a complete faithful English translation or leave English unavailable rather than serving an incomplete item.,
4580,CTET paper 1 Feb 2015 Q79,evs,low,exact_duplicate_auto_dropped,"q_hi,q_en,a_hi,source",The raw CSV repeats an earlier build fingerprint; tools/build.py silently drops this row.,Remove/consolidate the raw duplicate and merge useful provenance.,q_ctet.csv:1366
4581,CTET paper 1 Feb 2015 Q80,evs,high,english_stem_truncated,q_en,"English is an ellipsis-based summary that omits statements, values, conditions, or the actual task present in Hindi.",Provide a complete faithful English translation or leave English unavailable rather than serving an incomplete item.,
4584,CTET paper 1 Feb 2015 Q83,evs,low,exact_duplicate_auto_dropped,"q_hi,q_en,a_hi,source",The raw CSV repeats an earlier build fingerprint; tools/build.py silently drops this row.,Remove/consolidate the raw duplicate and merge useful provenance.,q_ctet.csv:1577
4585,CTET paper 1 Feb 2015 Q84,evs,low,exact_duplicate_auto_dropped,"q_hi,q_en,a_hi,source",The raw CSV repeats an earlier build fingerprint; tools/build.py silently drops this row.,Remove/consolidate the raw duplicate and merge useful provenance.,q_ctet.csv:1694
4586,CTET paper 1 Feb 2015 Q85,evs,low,exact_duplicate_auto_dropped,"q_hi,q_en,a_hi,source",The raw CSV repeats an earlier build fingerprint; tools/build.py silently drops this row.,Remove/consolidate the raw duplicate and merge useful provenance.,q_ctet.csv:1695
4587,CTET paper 1 Feb 2015 Q86,evs,low,exact_duplicate_auto_dropped,"q_hi,q_en,a_hi,source",The raw CSV repeats an earlier build fingerprint; tools/build.py silently drops this row.,Remove/consolidate the raw duplicate and merge useful provenance.,q_ctet.csv:1626
4588,CTET paper 1 Feb 2015 Q87,evs,low,exact_duplicate_auto_dropped,"q_hi,q_en,a_hi,source",The raw CSV repeats an earlier build fingerprint; tools/build.py silently drops this row.,Remove/consolidate the raw duplicate and merge useful provenance.,q_ctet.csv:1227
4589,CTET paper 1 Feb 2015 Q88,evs,high,english_stem_truncated,q_en,"English is an ellipsis-based summary that omits statements, values, conditions, or the actual task present in Hindi.",Provide a complete faithful English translation or leave English unavailable rather than serving an incomplete item.,
4591,CTET paper 1 Feb 2015 Q90,evs,high,english_stem_truncated,q_en,"English is an ellipsis-based summary that omits statements, values, conditions, or the actual task present in Hindi.",Provide a complete faithful English translation or leave English unavailable rather than serving an incomplete item.,
4653,CTET CTEt paper 1 febuary 2014 Q2,cdp,low,exact_duplicate_auto_dropped,"q_hi,q_en,a_hi,source",The raw CSV repeats an earlier build fingerprint; tools/build.py silently drops this row.,Remove/consolidate the raw duplicate and merge useful provenance.,q_ctet.csv:490
4657,CTET CTEt paper 1 febuary 2014 Q6,cdp,medium,option_metadata_leak,"a_hi,b_hi,c_hi,d_hi",Exam date and/or shift metadata is appended to one answer option.,Move provenance to source/years and remove it from the option text.,
4657,CTET CTEt paper 1 febuary 2014 Q6,cdp,low,exact_duplicate_auto_dropped,"q_hi,q_en,a_hi,source",The raw CSV repeats an earlier build fingerprint; tools/build.py silently drops this row.,Remove/consolidate the raw duplicate and merge useful provenance.,q_ctet.csv:681
4658,CTET CTEt paper 1 febuary 2014 Q7,cdp,low,exact_duplicate_auto_dropped,"q_hi,q_en,a_hi,source",The raw CSV repeats an earlier build fingerprint; tools/build.py silently drops this row.,Remove/consolidate the raw duplicate and merge useful provenance.,q_ctet.csv:244
4659,CTET CTEt paper 1 febuary 2014 Q8,cdp,high,english_option_truncated,"a_en,b_en,c_en,d_en",One or more English options end in ‘...’ and omit substantive distinguishing text.,Restore complete option translations and check that all four remain distinct.,
4660,CTET CTEt paper 1 febuary 2014 Q9,cdp,high,english_option_truncated,"a_en,b_en,c_en,d_en",One or more English options end in ‘...’ and omit substantive distinguishing text.,Restore complete option translations and check that all four remain distinct.,
4661,CTET CTEt paper 1 febuary 2014 Q10,cdp,high,english_option_truncated,"a_en,b_en,c_en,d_en",One or more English options end in ‘...’ and omit substantive distinguishing text.,Restore complete option translations and check that all four remain distinct.,
4663,CTET CTEt paper 1 febuary 2014 Q12,cdp,high,english_option_truncated,"a_en,b_en,c_en,d_en",One or more English options end in ‘...’ and omit substantive distinguishing text.,Restore complete option translations and check that all four remain distinct.,
4664,CTET CTEt paper 1 febuary 2014 Q13,cdp,high,english_option_truncated,"a_en,b_en,c_en,d_en",One or more English options end in ‘...’ and omit substantive distinguishing text.,Restore complete option translations and check that all four remain distinct.,
4667,CTET CTEt paper 1 febuary 2014 Q16,cdp,high,english_option_truncated,"a_en,b_en,c_en,d_en",One or more English options end in ‘...’ and omit substantive distinguishing text.,Restore complete option translations and check that all four remain distinct.,
4670,CTET CTEt paper 1 febuary 2014 Q19,cdp,high,english_option_truncated,"a_en,b_en,c_en,d_en",One or more English options end in ‘...’ and omit substantive distinguishing text.,Restore complete option translations and check that all four remain distinct.,
4672,CTET CTEt paper 1 febuary 2014 Q21,cdp,high,english_option_truncated,"a_en,b_en,c_en,d_en",One or more English options end in ‘...’ and omit substantive distinguishing text.,Restore complete option translations and check that all four remain distinct.,
4675,CTET CTEt paper 1 febuary 2014 Q24,cdp,high,english_option_truncated,"a_en,b_en,c_en,d_en",One or more English options end in ‘...’ and omit substantive distinguishing text.,Restore complete option translations and check that all four remain distinct.,
4678,CTET CTEt paper 1 febuary 2014 Q27,cdp,high,english_option_truncated,"a_en,b_en,c_en,d_en",One or more English options end in ‘...’ and omit substantive distinguishing text.,Restore complete option translations and check that all four remain distinct.,
4679,CTET CTEt paper 1 febuary 2014 Q28,cdp,high,english_option_truncated,"a_en,b_en,c_en,d_en",One or more English options end in ‘...’ and omit substantive distinguishing text.,Restore complete option translations and check that all four remain distinct.,
4680,CTET CTEt paper 1 febuary 2014 Q29,cdp,low,exact_duplicate_auto_dropped,"q_hi,q_en,a_hi,source",The raw CSV repeats an earlier build fingerprint; tools/build.py silently drops this row.,Remove/consolidate the raw duplicate and merge useful provenance.,q_ctet.csv:175
4681,CTET CTEt paper 1 febuary 2014 Q30,cdp,high,english_option_truncated,"a_en,b_en,c_en,d_en",One or more English options end in ‘...’ and omit substantive distinguishing text.,Restore complete option translations and check that all four remain distinct.,
4683,CTET CTEt paper 1 febuary 2014 Q32,math,high,english_stem_truncated,q_en,"English is an ellipsis-based summary that omits statements, values, conditions, or the actual task present in Hindi.",Provide a complete faithful English translation or leave English unavailable rather than serving an incomplete item.,
4684,CTET CTEt paper 1 febuary 2014 Q33,math,high,english_option_truncated,"a_en,b_en,c_en,d_en",One or more English options end in ‘...’ and omit substantive distinguishing text.,Restore complete option translations and check that all four remain distinct.,
4687,CTET CTEt paper 1 febuary 2014 Q36,math,high,english_stem_truncated,q_en,"English is an ellipsis-based summary that omits statements, values, conditions, or the actual task present in Hindi.",Provide a complete faithful English translation or leave English unavailable rather than serving an incomplete item.,
4688,CTET CTEt paper 1 febuary 2014 Q37,math,critical,missing_visual_stimulus,"q_hi,q_en","The board diagram with circles is absent. The CSV schema has no media reference, and no Markdown image asset exists upstream.","Restore the original figure and add a supported media/alt-text representation, or remove the item.",
4689,CTET CTEt paper 1 febuary 2014 Q38,math,critical,missing_visual_stimulus,"q_hi,q_en","The referenced rectangle figure is absent. The CSV schema has no media reference, and no Markdown image asset exists upstream.","Restore the original figure and add a supported media/alt-text representation, or remove the item.",
4690,CTET CTEt paper 1 febuary 2014 Q39,math,high,english_option_truncated,"a_en,b_en,c_en,d_en",One or more English options end in ‘...’ and omit substantive distinguishing text.,Restore complete option translations and check that all four remain distinct.,
4691,CTET CTEt paper 1 febuary 2014 Q40,math,high,english_option_truncated,"a_en,b_en,c_en,d_en",One or more English options end in ‘...’ and omit substantive distinguishing text.,Restore complete option translations and check that all four remain distinct.,
4695,CTET CTEt paper 1 febuary 2014 Q44,math,high,english_stem_truncated,q_en,"English is an ellipsis-based summary that omits statements, values, conditions, or the actual task present in Hindi.",Provide a complete faithful English translation or leave English unavailable rather than serving an incomplete item.,
4696,CTET CTEt paper 1 febuary 2014 Q45,math,high,english_stem_truncated,q_en,"English is an ellipsis-based summary that omits statements, values, conditions, or the actual task present in Hindi.",Provide a complete faithful English translation or leave English unavailable rather than serving an incomplete item.,
4697,CTET CTEt paper 1 febuary 2014 Q46,math,high,english_option_truncated,"a_en,b_en,c_en,d_en",One or more English options end in ‘...’ and omit substantive distinguishing text.,Restore complete option translations and check that all four remain distinct.,
4699,CTET CTEt paper 1 febuary 2014 Q48,math,high,english_option_truncated,"a_en,b_en,c_en,d_en",One or more English options end in ‘...’ and omit substantive distinguishing text.,Restore complete option translations and check that all four remain distinct.,
4700,CTET CTEt paper 1 febuary 2014 Q49,math,high,english_stem_truncated,q_en,"English is an ellipsis-based summary that omits statements, values, conditions, or the actual task present in Hindi.",Provide a complete faithful English translation or leave English unavailable rather than serving an incomplete item.,
4708,CTET CTEt paper 1 febuary 2014 Q58,math,high,english_stem_truncated,q_en,"English is an ellipsis-based summary that omits statements, values, conditions, or the actual task present in Hindi.",Provide a complete faithful English translation or leave English unavailable rather than serving an incomplete item.,
4710,CTET CTEt paper 1 febuary 2014 Q61,evs,high,english_stem_truncated,q_en,"English is an ellipsis-based summary that omits statements, values, conditions, or the actual task present in Hindi.",Provide a complete faithful English translation or leave English unavailable rather than serving an incomplete item.,
4711,CTET CTEt paper 1 febuary 2014 Q62,evs,high,english_stem_truncated,q_en,"English is an ellipsis-based summary that omits statements, values, conditions, or the actual task present in Hindi.",Provide a complete faithful English translation or leave English unavailable rather than serving an incomplete item.,
4712,CTET CTEt paper 1 febuary 2014 Q63,evs,low,exact_duplicate_auto_dropped,"q_hi,q_en,a_hi,source",The raw CSV repeats an earlier build fingerprint; tools/build.py silently drops this row.,Remove/consolidate the raw duplicate and merge useful provenance.,q_ctet.csv:1198
4714,CTET CTEt paper 1 febuary 2014 Q65,evs,high,english_stem_truncated,q_en,"English is an ellipsis-based summary that omits statements, values, conditions, or the actual task present in Hindi.",Provide a complete faithful English translation or leave English unavailable rather than serving an incomplete item.,
4714,CTET CTEt paper 1 febuary 2014 Q65,evs,low,exact_duplicate_auto_dropped,"q_hi,q_en,a_hi,source",The raw CSV repeats an earlier build fingerprint; tools/build.py silently drops this row.,Remove/consolidate the raw duplicate and merge useful provenance.,q_ctet.csv:1232
4715,CTET CTEt paper 1 febuary 2014 Q66,evs,high,english_stem_truncated,q_en,"English is an ellipsis-based summary that omits statements, values, conditions, or the actual task present in Hindi.",Provide a complete faithful English translation or leave English unavailable rather than serving an incomplete item.,
4716,CTET CTEt paper 1 febuary 2014 Q67,evs,low,exact_duplicate_auto_dropped,"q_hi,q_en,a_hi,source",The raw CSV repeats an earlier build fingerprint; tools/build.py silently drops this row.,Remove/consolidate the raw duplicate and merge useful provenance.,q_ctet.csv:1233
4717,CTET CTEt paper 1 febuary 2014 Q68,evs,critical,missing_visual_stimulus,"q_hi,q_en","All three clock/animal figures are absent. The CSV schema has no media reference, and no Markdown image asset exists upstream.","Restore the original figure and add a supported media/alt-text representation, or remove the item.",
4717,CTET CTEt paper 1 febuary 2014 Q68,evs,high,duplicate_or_lost_option,"a_hi,b_hi,c_hi,d_hi,a_en,b_en,c_en,d_en",English choices c and d are indistinguishable after truncation.,Restore distinct complete options from the source and revalidate the answer index.,
4717,CTET CTEt paper 1 febuary 2014 Q68,evs,high,english_option_truncated,"a_en,b_en,c_en,d_en",One or more English options end in ‘...’ and omit substantive distinguishing text.,Restore complete option translations and check that all four remain distinct.,
4718,CTET CTEt paper 1 febuary 2014 Q69,evs,low,exact_duplicate_auto_dropped,"q_hi,q_en,a_hi,source",The raw CSV repeats an earlier build fingerprint; tools/build.py silently drops this row.,Remove/consolidate the raw duplicate and merge useful provenance.,q_ctet.csv:1376
4719,CTET CTEt paper 1 febuary 2014 Q70,evs,low,exact_duplicate_auto_dropped,"q_hi,q_en,a_hi,source",The raw CSV repeats an earlier build fingerprint; tools/build.py silently drops this row.,Remove/consolidate the raw duplicate and merge useful provenance.,q_ctet.csv:1151
4720,CTET CTEt paper 1 febuary 2014 Q71,evs,high,english_option_truncated,"a_en,b_en,c_en,d_en",One or more English options end in ‘...’ and omit substantive distinguishing text.,Restore complete option translations and check that all four remain distinct.,
4721,CTET CTEt paper 1 febuary 2014 Q72,evs,high,english_stem_truncated,q_en,"English is an ellipsis-based summary that omits statements, values, conditions, or the actual task present in Hindi.",Provide a complete faithful English translation or leave English unavailable rather than serving an incomplete item.,
4721,CTET CTEt paper 1 febuary 2014 Q72,evs,low,exact_duplicate_auto_dropped,"q_hi,q_en,a_hi,source",The raw CSV repeats an earlier build fingerprint; tools/build.py silently drops this row.,Remove/consolidate the raw duplicate and merge useful provenance.,q_ctet.csv:1681
4722,CTET CTEt paper 1 febuary 2014 Q73,evs,low,exact_duplicate_auto_dropped,"q_hi,q_en,a_hi,source",The raw CSV repeats an earlier build fingerprint; tools/build.py silently drops this row.,Remove/consolidate the raw duplicate and merge useful provenance.,q_ctet.csv:1725
4724,CTET CTEt paper 1 febuary 2014 Q75,evs,low,exact_duplicate_auto_dropped,"q_hi,q_en,a_hi,source",The raw CSV repeats an earlier build fingerprint; tools/build.py silently drops this row.,Remove/consolidate the raw duplicate and merge useful provenance.,q_ctet.csv:1767
4725,CTET CTEt paper 1 febuary 2014 Q76,evs,low,exact_duplicate_auto_dropped,"q_hi,q_en,a_hi,source",The raw CSV repeats an earlier build fingerprint; tools/build.py silently drops this row.,Remove/consolidate the raw duplicate and merge useful provenance.,q_ctet.csv:1572
4727,CTET CTEt paper 1 febuary 2014 Q78,evs,low,exact_duplicate_auto_dropped,"q_hi,q_en,a_hi,source",The raw CSV repeats an earlier build fingerprint; tools/build.py silently drops this row.,Remove/consolidate the raw duplicate and merge useful provenance.,q_ctet.csv:1766
4728,CTET CTEt paper 1 febuary 2014 Q79,evs,low,exact_duplicate_auto_dropped,"q_hi,q_en,a_hi,source",The raw CSV repeats an earlier build fingerprint; tools/build.py silently drops this row.,Remove/consolidate the raw duplicate and merge useful provenance.,q_ctet.csv:1571
4729,CTET CTEt paper 1 febuary 2014 Q80,evs,low,exact_duplicate_auto_dropped,"q_hi,q_en,a_hi,source",The raw CSV repeats an earlier build fingerprint; tools/build.py silently drops this row.,Remove/consolidate the raw duplicate and merge useful provenance.,q_ctet.csv:1546
4730,CTET CTEt paper 1 febuary 2014 Q81,evs,low,exact_duplicate_auto_dropped,"q_hi,q_en,a_hi,source",The raw CSV repeats an earlier build fingerprint; tools/build.py silently drops this row.,Remove/consolidate the raw duplicate and merge useful provenance.,q_ctet.csv:1637
4731,CTET CTEt paper 1 febuary 2014 Q82,evs,low,exact_duplicate_auto_dropped,"q_hi,q_en,a_hi,source",The raw CSV repeats an earlier build fingerprint; tools/build.py silently drops this row.,Remove/consolidate the raw duplicate and merge useful provenance.,q_ctet.csv:1597
4732,CTET CTEt paper 1 febuary 2014 Q83,evs,low,exact_duplicate_auto_dropped,"q_hi,q_en,a_hi,source",The raw CSV repeats an earlier build fingerprint; tools/build.py silently drops this row.,Remove/consolidate the raw duplicate and merge useful provenance.,q_ctet.csv:1609
4734,CTET CTEt paper 1 febuary 2014 Q85,evs,low,exact_duplicate_auto_dropped,"q_hi,q_en,a_hi,source",The raw CSV repeats an earlier build fingerprint; tools/build.py silently drops this row.,Remove/consolidate the raw duplicate and merge useful provenance.,q_ctet.csv:1152
4735,CTET CTEt paper 1 febuary 2014 Q86,evs,high,english_stem_truncated,q_en,"English is an ellipsis-based summary that omits statements, values, conditions, or the actual task present in Hindi.",Provide a complete faithful English translation or leave English unavailable rather than serving an incomplete item.,
4735,CTET CTEt paper 1 febuary 2014 Q86,evs,low,exact_duplicate_auto_dropped,"q_hi,q_en,a_hi,source",The raw CSV repeats an earlier build fingerprint; tools/build.py silently drops this row.,Remove/consolidate the raw duplicate and merge useful provenance.,q_ctet.csv:1759
4736,CTET CTEt paper 1 febuary 2014 Q87,evs,high,english_stem_truncated,q_en,"English is an ellipsis-based summary that omits statements, values, conditions, or the actual task present in Hindi.",Provide a complete faithful English translation or leave English unavailable rather than serving an incomplete item.,
4736,CTET CTEt paper 1 febuary 2014 Q87,evs,low,exact_duplicate_auto_dropped,"q_hi,q_en,a_hi,source",The raw CSV repeats an earlier build fingerprint; tools/build.py silently drops this row.,Remove/consolidate the raw duplicate and merge useful provenance.,q_ctet.csv:1234
4737,CTET CTEt paper 1 febuary 2014 Q88,evs,high,english_stem_truncated,q_en,"English is an ellipsis-based summary that omits statements, values, conditions, or the actual task present in Hindi.",Provide a complete faithful English translation or leave English unavailable rather than serving an incomplete item.,
4738,CTET CTEt paper 1 febuary 2014 Q89,evs,critical,incomplete_table_or_data,"q_hi,q_en",The Ahmedabad–Nagercoil diary/table omits data needed to verify distance statement A.,Restore the complete table/data from the original paper and verify all options and the key.,
4739,CTET CTEt paper 1 febuary 2014 Q90,evs,high,english_stem_truncated,q_en,"English is an ellipsis-based summary that omits statements, values, conditions, or the actual task present in Hindi.",Provide a complete faithful English translation or leave English unavailable rather than serving an incomplete item.,
4748,CTET CTEt paper 1 febuary 2014 Q99,hindi,high,missing_underlining_target,"q_hi,q_en","The question asks about an underlined word/expression, but plain text does not identify which token was underlined.","Recover the target from an original scan and encode it explicitly (for example, with a target span or quoted target field).",
4856,CTET Paper 1 jan 2021 Q58,math,critical,incomplete_table_or_data,"q_hi,q_en",The marks table has subject headings but no marks.,Restore the complete table/data from the original paper and verify all options and the key.,
4858,CTET Paper 1 jan 2021 Q60,math,critical,stem_option_code_merged,"q_hi,a_hi,b_hi,c_hi,d_hi,q_en,a_en,b_en,c_en,d_en","Statements/activities and answer-code choices have been fused into the same option fields, omitted, or split across languages; the item is not reliably answerable as stored.",Reconstruct statement labels and four answer-code options from the original paper in both languages.,
4889,CTET Paper 1 jan 2021 Q92,english,high,missing_underlining_target,"q_hi,q_en","The question asks about an underlined word/expression, but plain text does not identify which token was underlined.","Recover the target from an original scan and encode it explicitly (for example, with a target span or quoted target field).",
4905,CTET Paper 1 jan 2021 Q108,english,high,scope_upper_primary_probable,"exams,q_hi,q_en",The stem explicitly targets upper-primary or Class VI/VII/VIII while the row is ctet1.,Review provenance; move to ctet2 unless the official Paper-I source is verified.,
4920,CTET Paper 1 jan 2021 Q123,english,high,missing_underlining_target,"q_hi,q_en","The question asks about an underlined word/expression, but plain text does not identify which token was underlined.","Recover the target from an original scan and encode it explicitly (for example, with a target span or quoted target field).",
5008,CTET ctet paper 1 jan 2023 Q1,cdp,medium,pyq_year_missing,years,"Row is marked PYQ but years is blank, so year-based scoring/filters lose provenance.",Populate the normalized YYYY or YYYY-MM value from source metadata.,
5009,CTET ctet paper 1 jan 2023 Q2,cdp,medium,pyq_year_missing,years,"Row is marked PYQ but years is blank, so year-based scoring/filters lose provenance.",Populate the normalized YYYY or YYYY-MM value from source metadata.,
5010,CTET ctet paper 1 jan 2023 Q3,cdp,medium,pyq_year_missing,years,"Row is marked PYQ but years is blank, so year-based scoring/filters lose provenance.",Populate the normalized YYYY or YYYY-MM value from source metadata.,
5011,CTET ctet paper 1 jan 2023 Q4,cdp,medium,option_metadata_leak,"a_hi,b_hi,c_hi,d_hi",Exam date and/or shift metadata is appended to one answer option.,Move provenance to source/years and remove it from the option text.,
5011,CTET ctet paper 1 jan 2023 Q4,cdp,medium,pyq_year_missing,years,"Row is marked PYQ but years is blank, so year-based scoring/filters lose provenance.",Populate the normalized YYYY or YYYY-MM value from source metadata.,
5012,CTET ctet paper 1 jan 2023 Q5,cdp,medium,pyq_year_missing,years,"Row is marked PYQ but years is blank, so year-based scoring/filters lose provenance.",Populate the normalized YYYY or YYYY-MM value from source metadata.,
5013,CTET ctet paper 1 jan 2023 Q6,cdp,medium,pyq_year_missing,years,"Row is marked PYQ but years is blank, so year-based scoring/filters lose provenance.",Populate the normalized YYYY or YYYY-MM value from source metadata.,
5014,CTET ctet paper 1 jan 2023 Q7,cdp,medium,pyq_year_missing,years,"Row is marked PYQ but years is blank, so year-based scoring/filters lose provenance.",Populate the normalized YYYY or YYYY-MM value from source metadata.,
5015,CTET ctet paper 1 jan 2023 Q8,cdp,medium,pyq_year_missing,years,"Row is marked PYQ but years is blank, so year-based scoring/filters lose provenance.",Populate the normalized YYYY or YYYY-MM value from source metadata.,
5016,CTET ctet paper 1 jan 2023 Q9,cdp,medium,pyq_year_missing,years,"Row is marked PYQ but years is blank, so year-based scoring/filters lose provenance.",Populate the normalized YYYY or YYYY-MM value from source metadata.,
5017,CTET ctet paper 1 jan 2023 Q10,cdp,medium,pyq_year_missing,years,"Row is marked PYQ but years is blank, so year-based scoring/filters lose provenance.",Populate the normalized YYYY or YYYY-MM value from source metadata.,
5018,CTET ctet paper 1 jan 2023 Q11,cdp,medium,pyq_year_missing,years,"Row is marked PYQ but years is blank, so year-based scoring/filters lose provenance.",Populate the normalized YYYY or YYYY-MM value from source metadata.,
5019,CTET ctet paper 1 jan 2023 Q12,cdp,medium,pyq_year_missing,years,"Row is marked PYQ but years is blank, so year-based scoring/filters lose provenance.",Populate the normalized YYYY or YYYY-MM value from source metadata.,
5020,CTET ctet paper 1 jan 2023 Q13,cdp,medium,pyq_year_missing,years,"Row is marked PYQ but years is blank, so year-based scoring/filters lose provenance.",Populate the normalized YYYY or YYYY-MM value from source metadata.,
5021,CTET ctet paper 1 jan 2023 Q14,cdp,medium,pyq_year_missing,years,"Row is marked PYQ but years is blank, so year-based scoring/filters lose provenance.",Populate the normalized YYYY or YYYY-MM value from source metadata.,
5022,CTET ctet paper 1 jan 2023 Q15,cdp,medium,pyq_year_missing,years,"Row is marked PYQ but years is blank, so year-based scoring/filters lose provenance.",Populate the normalized YYYY or YYYY-MM value from source metadata.,
5023,CTET ctet paper 1 jan 2023 Q16,cdp,medium,pyq_year_missing,years,"Row is marked PYQ but years is blank, so year-based scoring/filters lose provenance.",Populate the normalized YYYY or YYYY-MM value from source metadata.,
5024,CTET ctet paper 1 jan 2023 Q17,cdp,medium,pyq_year_missing,years,"Row is marked PYQ but years is blank, so year-based scoring/filters lose provenance.",Populate the normalized YYYY or YYYY-MM value from source metadata.,
5025,CTET ctet paper 1 jan 2023 Q18,cdp,medium,pyq_year_missing,years,"Row is marked PYQ but years is blank, so year-based scoring/filters lose provenance.",Populate the normalized YYYY or YYYY-MM value from source metadata.,
5026,CTET ctet paper 1 jan 2023 Q19,cdp,medium,pyq_year_missing,years,"Row is marked PYQ but years is blank, so year-based scoring/filters lose provenance.",Populate the normalized YYYY or YYYY-MM value from source metadata.,
5027,CTET ctet paper 1 jan 2023 Q20,cdp,medium,pyq_year_missing,years,"Row is marked PYQ but years is blank, so year-based scoring/filters lose provenance.",Populate the normalized YYYY or YYYY-MM value from source metadata.,
5028,CTET ctet paper 1 jan 2023 Q21,cdp,medium,pyq_year_missing,years,"Row is marked PYQ but years is blank, so year-based scoring/filters lose provenance.",Populate the normalized YYYY or YYYY-MM value from source metadata.,
5029,CTET ctet paper 1 jan 2023 Q22,cdp,medium,pyq_year_missing,years,"Row is marked PYQ but years is blank, so year-based scoring/filters lose provenance.",Populate the normalized YYYY or YYYY-MM value from source metadata.,
5030,CTET ctet paper 1 jan 2023 Q23,cdp,medium,pyq_year_missing,years,"Row is marked PYQ but years is blank, so year-based scoring/filters lose provenance.",Populate the normalized YYYY or YYYY-MM value from source metadata.,
5031,CTET ctet paper 1 jan 2023 Q24,cdp,medium,pyq_year_missing,years,"Row is marked PYQ but years is blank, so year-based scoring/filters lose provenance.",Populate the normalized YYYY or YYYY-MM value from source metadata.,
5032,CTET ctet paper 1 jan 2023 Q25,cdp,medium,pyq_year_missing,years,"Row is marked PYQ but years is blank, so year-based scoring/filters lose provenance.",Populate the normalized YYYY or YYYY-MM value from source metadata.,
5033,CTET ctet paper 1 jan 2023 Q26,cdp,medium,pyq_year_missing,years,"Row is marked PYQ but years is blank, so year-based scoring/filters lose provenance.",Populate the normalized YYYY or YYYY-MM value from source metadata.,
5034,CTET ctet paper 1 jan 2023 Q27,cdp,medium,pyq_year_missing,years,"Row is marked PYQ but years is blank, so year-based scoring/filters lose provenance.",Populate the normalized YYYY or YYYY-MM value from source metadata.,
5035,CTET ctet paper 1 jan 2023 Q28,cdp,medium,pyq_year_missing,years,"Row is marked PYQ but years is blank, so year-based scoring/filters lose provenance.",Populate the normalized YYYY or YYYY-MM value from source metadata.,
5036,CTET ctet paper 1 jan 2023 Q29,cdp,medium,pyq_year_missing,years,"Row is marked PYQ but years is blank, so year-based scoring/filters lose provenance.",Populate the normalized YYYY or YYYY-MM value from source metadata.,
5037,CTET ctet paper 1 jan 2023 Q30,cdp,medium,pyq_year_missing,years,"Row is marked PYQ but years is blank, so year-based scoring/filters lose provenance.",Populate the normalized YYYY or YYYY-MM value from source metadata.,
5038,CTET ctet paper 1 jan 2023 Q7,cdp,medium,pyq_year_missing,years,"Row is marked PYQ but years is blank, so year-based scoring/filters lose provenance.",Populate the normalized YYYY or YYYY-MM value from source metadata.,
5039,CTET ctet paper 1 jan 2023 Q9,cdp,medium,pyq_year_missing,years,"Row is marked PYQ but years is blank, so year-based scoring/filters lose provenance.",Populate the normalized YYYY or YYYY-MM value from source metadata.,
5040,CTET ctet paper 1 jan 2023 Q10,cdp,medium,pyq_year_missing,years,"Row is marked PYQ but years is blank, so year-based scoring/filters lose provenance.",Populate the normalized YYYY or YYYY-MM value from source metadata.,
5041,CTET ctet paper 1 jan 2023 Q11,cdp,medium,pyq_year_missing,years,"Row is marked PYQ but years is blank, so year-based scoring/filters lose provenance.",Populate the normalized YYYY or YYYY-MM value from source metadata.,
5042,CTET ctet paper 1 jan 2023 Q12,cdp,medium,pyq_year_missing,years,"Row is marked PYQ but years is blank, so year-based scoring/filters lose provenance.",Populate the normalized YYYY or YYYY-MM value from source metadata.,
5043,CTET ctet paper 1 jan 2023 Q13,cdp,medium,pyq_year_missing,years,"Row is marked PYQ but years is blank, so year-based scoring/filters lose provenance.",Populate the normalized YYYY or YYYY-MM value from source metadata.,
5044,CTET ctet paper 1 jan 2023 Q17,cdp,medium,pyq_year_missing,years,"Row is marked PYQ but years is blank, so year-based scoring/filters lose provenance.",Populate the normalized YYYY or YYYY-MM value from source metadata.,
5045,CTET ctet paper 1 jan 2023 Q18,cdp,medium,pyq_year_missing,years,"Row is marked PYQ but years is blank, so year-based scoring/filters lose provenance.",Populate the normalized YYYY or YYYY-MM value from source metadata.,
5046,CTET ctet paper 1 jan 2023 Q19,cdp,medium,pyq_year_missing,years,"Row is marked PYQ but years is blank, so year-based scoring/filters lose provenance.",Populate the normalized YYYY or YYYY-MM value from source metadata.,
5047,CTET ctet paper 1 jan 2023 Q20,cdp,medium,pyq_year_missing,years,"Row is marked PYQ but years is blank, so year-based scoring/filters lose provenance.",Populate the normalized YYYY or YYYY-MM value from source metadata.,
5048,CTET ctet paper 1 jan 2023 Q21,cdp,medium,pyq_year_missing,years,"Row is marked PYQ but years is blank, so year-based scoring/filters lose provenance.",Populate the normalized YYYY or YYYY-MM value from source metadata.,
5049,CTET ctet paper 1 jan 2023 Q22,cdp,medium,pyq_year_missing,years,"Row is marked PYQ but years is blank, so year-based scoring/filters lose provenance.",Populate the normalized YYYY or YYYY-MM value from source metadata.,
5050,CTET ctet paper 1 jan 2023 Q23,cdp,medium,pyq_year_missing,years,"Row is marked PYQ but years is blank, so year-based scoring/filters lose provenance.",Populate the normalized YYYY or YYYY-MM value from source metadata.,
5051,CTET ctet paper 1 jan 2023 Q24,cdp,medium,pyq_year_missing,years,"Row is marked PYQ but years is blank, so year-based scoring/filters lose provenance.",Populate the normalized YYYY or YYYY-MM value from source metadata.,
5052,CTET ctet paper 1 jan 2023 Q25,cdp,medium,pyq_year_missing,years,"Row is marked PYQ but years is blank, so year-based scoring/filters lose provenance.",Populate the normalized YYYY or YYYY-MM value from source metadata.,
5053,CTET ctet paper 1 jan 2023 Q26,cdp,medium,pyq_year_missing,years,"Row is marked PYQ but years is blank, so year-based scoring/filters lose provenance.",Populate the normalized YYYY or YYYY-MM value from source metadata.,
5054,CTET ctet paper 1 jan 2023 Q27,cdp,medium,pyq_year_missing,years,"Row is marked PYQ but years is blank, so year-based scoring/filters lose provenance.",Populate the normalized YYYY or YYYY-MM value from source metadata.,
5055,CTET ctet paper 1 jan 2023 Q28,cdp,medium,pyq_year_missing,years,"Row is marked PYQ but years is blank, so year-based scoring/filters lose provenance.",Populate the normalized YYYY or YYYY-MM value from source metadata.,
5056,CTET ctet paper 1 jan 2023 Q29,cdp,medium,pyq_year_missing,years,"Row is marked PYQ but years is blank, so year-based scoring/filters lose provenance.",Populate the normalized YYYY or YYYY-MM value from source metadata.,
5057,CTET ctet paper 1 jan 2023 Q30,cdp,medium,pyq_year_missing,years,"Row is marked PYQ but years is blank, so year-based scoring/filters lose provenance.",Populate the normalized YYYY or YYYY-MM value from source metadata.,
5058,CTET ctet paper 1 jan 2023 Q1,cdp,medium,pyq_year_missing,years,"Row is marked PYQ but years is blank, so year-based scoring/filters lose provenance.",Populate the normalized YYYY or YYYY-MM value from source metadata.,
5059,CTET ctet paper 1 jan 2023 Q2,cdp,medium,pyq_year_missing,years,"Row is marked PYQ but years is blank, so year-based scoring/filters lose provenance.",Populate the normalized YYYY or YYYY-MM value from source metadata.,
5060,CTET ctet paper 1 jan 2023 Q3,cdp,medium,pyq_year_missing,years,"Row is marked PYQ but years is blank, so year-based scoring/filters lose provenance.",Populate the normalized YYYY or YYYY-MM value from source metadata.,
5061,CTET ctet paper 1 jan 2023 Q4,cdp,medium,pyq_year_missing,years,"Row is marked PYQ but years is blank, so year-based scoring/filters lose provenance.",Populate the normalized YYYY or YYYY-MM value from source metadata.,
5062,CTET ctet paper 1 jan 2023 Q5,cdp,medium,pyq_year_missing,years,"Row is marked PYQ but years is blank, so year-based scoring/filters lose provenance.",Populate the normalized YYYY or YYYY-MM value from source metadata.,
5063,CTET ctet paper 1 jan 2023 Q6,cdp,medium,pyq_year_missing,years,"Row is marked PYQ but years is blank, so year-based scoring/filters lose provenance.",Populate the normalized YYYY or YYYY-MM value from source metadata.,
5064,CTET ctet paper 1 jan 2023 Q7,cdp,medium,pyq_year_missing,years,"Row is marked PYQ but years is blank, so year-based scoring/filters lose provenance.",Populate the normalized YYYY or YYYY-MM value from source metadata.,
5065,CTET ctet paper 1 jan 2023 Q8,cdp,medium,pyq_year_missing,years,"Row is marked PYQ but years is blank, so year-based scoring/filters lose provenance.",Populate the normalized YYYY or YYYY-MM value from source metadata.,
5066,CTET ctet paper 1 jan 2023 Q9,cdp,medium,pyq_year_missing,years,"Row is marked PYQ but years is blank, so year-based scoring/filters lose provenance.",Populate the normalized YYYY or YYYY-MM value from source metadata.,
5067,CTET ctet paper 1 jan 2023 Q10,cdp,medium,pyq_year_missing,years,"Row is marked PYQ but years is blank, so year-based scoring/filters lose provenance.",Populate the normalized YYYY or YYYY-MM value from source metadata.,
5068,CTET ctet paper 1 jan 2023 Q11,cdp,medium,pyq_year_missing,years,"Row is marked PYQ but years is blank, so year-based scoring/filters lose provenance.",Populate the normalized YYYY or YYYY-MM value from source metadata.,
5069,CTET ctet paper 1 jan 2023 Q12,cdp,medium,pyq_year_missing,years,"Row is marked PYQ but years is blank, so year-based scoring/filters lose provenance.",Populate the normalized YYYY or YYYY-MM value from source metadata.,
5070,CTET ctet paper 1 jan 2023 Q13,cdp,medium,pyq_year_missing,years,"Row is marked PYQ but years is blank, so year-based scoring/filters lose provenance.",Populate the normalized YYYY or YYYY-MM value from source metadata.,
5071,CTET ctet paper 1 jan 2023 Q14,cdp,medium,pyq_year_missing,years,"Row is marked PYQ but years is blank, so year-based scoring/filters lose provenance.",Populate the normalized YYYY or YYYY-MM value from source metadata.,
5072,CTET ctet paper 1 jan 2023 Q15,cdp,medium,pyq_year_missing,years,"Row is marked PYQ but years is blank, so year-based scoring/filters lose provenance.",Populate the normalized YYYY or YYYY-MM value from source metadata.,
5073,CTET ctet paper 1 jan 2023 Q16,cdp,medium,pyq_year_missing,years,"Row is marked PYQ but years is blank, so year-based scoring/filters lose provenance.",Populate the normalized YYYY or YYYY-MM value from source metadata.,
5074,CTET ctet paper 1 jan 2023 Q17,cdp,medium,pyq_year_missing,years,"Row is marked PYQ but years is blank, so year-based scoring/filters lose provenance.",Populate the normalized YYYY or YYYY-MM value from source metadata.,
5075,CTET ctet paper 1 jan 2023 Q18,cdp,medium,pyq_year_missing,years,"Row is marked PYQ but years is blank, so year-based scoring/filters lose provenance.",Populate the normalized YYYY or YYYY-MM value from source metadata.,
5076,CTET ctet paper 1 jan 2023 Q19,cdp,medium,pyq_year_missing,years,"Row is marked PYQ but years is blank, so year-based scoring/filters lose provenance.",Populate the normalized YYYY or YYYY-MM value from source metadata.,
5077,CTET ctet paper 1 jan 2023 Q20,cdp,medium,pyq_year_missing,years,"Row is marked PYQ but years is blank, so year-based scoring/filters lose provenance.",Populate the normalized YYYY or YYYY-MM value from source metadata.,
5078,CTET ctet paper 1 jan 2023 Q21,cdp,medium,pyq_year_missing,years,"Row is marked PYQ but years is blank, so year-based scoring/filters lose provenance.",Populate the normalized YYYY or YYYY-MM value from source metadata.,
5079,CTET ctet paper 1 jan 2023 Q22,cdp,medium,pyq_year_missing,years,"Row is marked PYQ but years is blank, so year-based scoring/filters lose provenance.",Populate the normalized YYYY or YYYY-MM value from source metadata.,
5080,CTET ctet paper 1 jan 2023 Q23,cdp,medium,pyq_year_missing,years,"Row is marked PYQ but years is blank, so year-based scoring/filters lose provenance.",Populate the normalized YYYY or YYYY-MM value from source metadata.,
5081,CTET ctet paper 1 jan 2023 Q24,cdp,medium,pyq_year_missing,years,"Row is marked PYQ but years is blank, so year-based scoring/filters lose provenance.",Populate the normalized YYYY or YYYY-MM value from source metadata.,
5082,CTET ctet paper 1 jan 2023 Q25,cdp,medium,pyq_year_missing,years,"Row is marked PYQ but years is blank, so year-based scoring/filters lose provenance.",Populate the normalized YYYY or YYYY-MM value from source metadata.,
5083,CTET ctet paper 1 jan 2023 Q26,cdp,medium,pyq_year_missing,years,"Row is marked PYQ but years is blank, so year-based scoring/filters lose provenance.",Populate the normalized YYYY or YYYY-MM value from source metadata.,
5084,CTET ctet paper 1 jan 2023 Q27,cdp,medium,pyq_year_missing,years,"Row is marked PYQ but years is blank, so year-based scoring/filters lose provenance.",Populate the normalized YYYY or YYYY-MM value from source metadata.,
5085,CTET ctet paper 1 jan 2023 Q28,cdp,medium,pyq_year_missing,years,"Row is marked PYQ but years is blank, so year-based scoring/filters lose provenance.",Populate the normalized YYYY or YYYY-MM value from source metadata.,
5086,CTET ctet paper 1 jan 2023 Q29,cdp,medium,pyq_year_missing,years,"Row is marked PYQ but years is blank, so year-based scoring/filters lose provenance.",Populate the normalized YYYY or YYYY-MM value from source metadata.,
5087,CTET ctet paper 1 jan 2023 Q30,cdp,medium,pyq_year_missing,years,"Row is marked PYQ but years is blank, so year-based scoring/filters lose provenance.",Populate the normalized YYYY or YYYY-MM value from source metadata.,
5088,CTET ctet paper 1 jan 2023 Q1,hindi,medium,pyq_year_missing,years,"Row is marked PYQ but years is blank, so year-based scoring/filters lose provenance.",Populate the normalized YYYY or YYYY-MM value from source metadata.,
5089,CTET ctet paper 1 jan 2023 Q2,hindi,medium,pyq_year_missing,years,"Row is marked PYQ but years is blank, so year-based scoring/filters lose provenance.",Populate the normalized YYYY or YYYY-MM value from source metadata.,
5090,CTET ctet paper 1 jan 2023 Q3,hindi,medium,pyq_year_missing,years,"Row is marked PYQ but years is blank, so year-based scoring/filters lose provenance.",Populate the normalized YYYY or YYYY-MM value from source metadata.,
5091,CTET ctet paper 1 jan 2023 Q4,hindi,medium,pyq_year_missing,years,"Row is marked PYQ but years is blank, so year-based scoring/filters lose provenance.",Populate the normalized YYYY or YYYY-MM value from source metadata.,
5092,CTET ctet paper 1 jan 2023 Q5,hindi,medium,pyq_year_missing,years,"Row is marked PYQ but years is blank, so year-based scoring/filters lose provenance.",Populate the normalized YYYY or YYYY-MM value from source metadata.,
5093,CTET ctet paper 1 jan 2023 Q6,hindi,medium,pyq_year_missing,years,"Row is marked PYQ but years is blank, so year-based scoring/filters lose provenance.",Populate the normalized YYYY or YYYY-MM value from source metadata.,
5094,CTET ctet paper 1 jan 2023 Q7,hindi,medium,pyq_year_missing,years,"Row is marked PYQ but years is blank, so year-based scoring/filters lose provenance.",Populate the normalized YYYY or YYYY-MM value from source metadata.,
5095,CTET ctet paper 1 jan 2023 Q8,hindi,medium,pyq_year_missing,years,"Row is marked PYQ but years is blank, so year-based scoring/filters lose provenance.",Populate the normalized YYYY or YYYY-MM value from source metadata.,
5096,CTET ctet paper 1 jan 2023 Q9,hindi,medium,pyq_year_missing,years,"Row is marked PYQ but years is blank, so year-based scoring/filters lose provenance.",Populate the normalized YYYY or YYYY-MM value from source metadata.,
5097,CTET ctet paper 1 jan 2023 Q10,hindi,medium,pyq_year_missing,years,"Row is marked PYQ but years is blank, so year-based scoring/filters lose provenance.",Populate the normalized YYYY or YYYY-MM value from source metadata.,
5098,CTET ctet paper 1 jan 2023 Q11,hindi,medium,pyq_year_missing,years,"Row is marked PYQ but years is blank, so year-based scoring/filters lose provenance.",Populate the normalized YYYY or YYYY-MM value from source metadata.,
5099,CTET ctet paper 1 jan 2023 Q12,hindi,medium,pyq_year_missing,years,"Row is marked PYQ but years is blank, so year-based scoring/filters lose provenance.",Populate the normalized YYYY or YYYY-MM value from source metadata.,
5100,CTET ctet paper 1 jan 2023 Q13,hindi,medium,pyq_year_missing,years,"Row is marked PYQ but years is blank, so year-based scoring/filters lose provenance.",Populate the normalized YYYY or YYYY-MM value from source metadata.,
5101,CTET ctet paper 1 jan 2023 Q14,hindi,medium,pyq_year_missing,years,"Row is marked PYQ but years is blank, so year-based scoring/filters lose provenance.",Populate the normalized YYYY or YYYY-MM value from source metadata.,
5102,CTET ctet paper 1 jan 2023 Q15,hindi,medium,pyq_year_missing,years,"Row is marked PYQ but years is blank, so year-based scoring/filters lose provenance.",Populate the normalized YYYY or YYYY-MM value from source metadata.,
5103,CTET ctet paper 1 jan 2023 Q16,hindi,medium,pyq_year_missing,years,"Row is marked PYQ but years is blank, so year-based scoring/filters lose provenance.",Populate the normalized YYYY or YYYY-MM value from source metadata.,
5104,CTET ctet paper 1 jan 2023 Q17,hindi,medium,pyq_year_missing,years,"Row is marked PYQ but years is blank, so year-based scoring/filters lose provenance.",Populate the normalized YYYY or YYYY-MM value from source metadata.,
5105,CTET ctet paper 1 jan 2023 Q18,hindi,medium,pyq_year_missing,years,"Row is marked PYQ but years is blank, so year-based scoring/filters lose provenance.",Populate the normalized YYYY or YYYY-MM value from source metadata.,
5106,CTET ctet paper 1 jan 2023 Q19,hindi,medium,pyq_year_missing,years,"Row is marked PYQ but years is blank, so year-based scoring/filters lose provenance.",Populate the normalized YYYY or YYYY-MM value from source metadata.,
5107,CTET ctet paper 1 jan 2023 Q20,hindi,medium,pyq_year_missing,years,"Row is marked PYQ but years is blank, so year-based scoring/filters lose provenance.",Populate the normalized YYYY or YYYY-MM value from source metadata.,
5108,CTET ctet paper 1 jan 2023 Q21,hindi,medium,pyq_year_missing,years,"Row is marked PYQ but years is blank, so year-based scoring/filters lose provenance.",Populate the normalized YYYY or YYYY-MM value from source metadata.,
5109,CTET ctet paper 1 jan 2023 Q22,hindi,medium,pyq_year_missing,years,"Row is marked PYQ but years is blank, so year-based scoring/filters lose provenance.",Populate the normalized YYYY or YYYY-MM value from source metadata.,
5110,CTET ctet paper 1 jan 2023 Q23,hindi,medium,pyq_year_missing,years,"Row is marked PYQ but years is blank, so year-based scoring/filters lose provenance.",Populate the normalized YYYY or YYYY-MM value from source metadata.,
5111,CTET ctet paper 1 jan 2023 Q24,hindi,medium,pyq_year_missing,years,"Row is marked PYQ but years is blank, so year-based scoring/filters lose provenance.",Populate the normalized YYYY or YYYY-MM value from source metadata.,
5112,CTET ctet paper 1 jan 2023 Q25,hindi,medium,pyq_year_missing,years,"Row is marked PYQ but years is blank, so year-based scoring/filters lose provenance.",Populate the normalized YYYY or YYYY-MM value from source metadata.,
5113,CTET ctet paper 1 jan 2023 Q26,hindi,medium,pyq_year_missing,years,"Row is marked PYQ but years is blank, so year-based scoring/filters lose provenance.",Populate the normalized YYYY or YYYY-MM value from source metadata.,
5114,CTET ctet paper 1 jan 2023 Q27,hindi,medium,pyq_year_missing,years,"Row is marked PYQ but years is blank, so year-based scoring/filters lose provenance.",Populate the normalized YYYY or YYYY-MM value from source metadata.,
5115,CTET ctet paper 1 jan 2023 Q28,hindi,medium,pyq_year_missing,years,"Row is marked PYQ but years is blank, so year-based scoring/filters lose provenance.",Populate the normalized YYYY or YYYY-MM value from source metadata.,
5116,CTET ctet paper 1 jan 2023 Q29,hindi,medium,pyq_year_missing,years,"Row is marked PYQ but years is blank, so year-based scoring/filters lose provenance.",Populate the normalized YYYY or YYYY-MM value from source metadata.,
5117,CTET ctet paper 1 jan 2023 Q1,sanskrit,medium,pyq_year_missing,years,"Row is marked PYQ but years is blank, so year-based scoring/filters lose provenance.",Populate the normalized YYYY or YYYY-MM value from source metadata.,
5118,CTET ctet paper 1 jan 2023 Q4,sanskrit,medium,pyq_year_missing,years,"Row is marked PYQ but years is blank, so year-based scoring/filters lose provenance.",Populate the normalized YYYY or YYYY-MM value from source metadata.,
5119,CTET ctet paper 1 jan 2023 Q9,sanskrit,medium,pyq_year_missing,years,"Row is marked PYQ but years is blank, so year-based scoring/filters lose provenance.",Populate the normalized YYYY or YYYY-MM value from source metadata.,
5120,CTET ctet paper 1 jan 2023 Q12,sanskrit,medium,pyq_year_missing,years,"Row is marked PYQ but years is blank, so year-based scoring/filters lose provenance.",Populate the normalized YYYY or YYYY-MM value from source metadata.,
5121,CTET ctet paper 1 jan 2023 Q17,sanskrit,medium,pyq_year_missing,years,"Row is marked PYQ but years is blank, so year-based scoring/filters lose provenance.",Populate the normalized YYYY or YYYY-MM value from source metadata.,
5125,CTET ctet paper 1 jan 2024 Q4,cdp,medium,assertion_reason_label_artifact,"q_hi,q_en,a_hi,b_hi,c_hi,d_hi,a_en,b_en,c_en,d_en","Assertion/reason labels such as stray ‘(A)’, duplicated labels, or slash fragments remain in the rendered text.",Remove parser artifacts while preserving the four standard assertion–reason choices.,
5126,CTET ctet paper 1 jan 2024 Q5,cdp,medium,assertion_reason_label_artifact,"q_hi,q_en,a_hi,b_hi,c_hi,d_hi,a_en,b_en,c_en,d_en","Assertion/reason labels such as stray ‘(A)’, duplicated labels, or slash fragments remain in the rendered text.",Remove parser artifacts while preserving the four standard assertion–reason choices.,
5131,CTET ctet paper 1 jan 2024 Q10,cdp,medium,assertion_reason_label_artifact,"q_hi,q_en,a_hi,b_hi,c_hi,d_hi,a_en,b_en,c_en,d_en","Assertion/reason labels such as stray ‘(A)’, duplicated labels, or slash fragments remain in the rendered text.",Remove parser artifacts while preserving the four standard assertion–reason choices.,
5139,CTET ctet paper 1 jan 2024 Q18,cdp,medium,assertion_reason_label_artifact,"q_hi,q_en,a_hi,b_hi,c_hi,d_hi,a_en,b_en,c_en,d_en","Assertion/reason labels such as stray ‘(A)’, duplicated labels, or slash fragments remain in the rendered text.",Remove parser artifacts while preserving the four standard assertion–reason choices.,
5174,CTET ctet paper 1 jan 2024 Q54,math,critical,math_expression_lost,"q_hi,q_en",The quantities 7 1/2 kg and 1/12 kg are flattened/misordered.,Restore the original expression with unambiguous Unicode or LaTeX-style serialization and revalidate the key.,
5191,CTET ctet paper 1 jan 2024 Q71,evs,medium,assertion_reason_label_artifact,"q_hi,q_en,a_hi,b_hi,c_hi,d_hi,a_en,b_en,c_en,d_en","Assertion/reason labels such as stray ‘(A)’, duplicated labels, or slash fragments remain in the rendered text.",Remove parser artifacts while preserving the four standard assertion–reason choices.,
5195,CTET ctet paper 1 jan 2024 Q75,evs,critical,stem_option_code_merged,"q_hi,a_hi,b_hi,c_hi,d_hi,q_en,a_en,b_en,c_en,d_en","Statements/activities and answer-code choices have been fused into the same option fields, omitted, or split across languages; the item is not reliably answerable as stored.",Reconstruct statement labels and four answer-code options from the original paper in both languages.,
5197,CTET ctet paper 1 jan 2024 Q77,evs,critical,stem_option_code_merged,"q_hi,a_hi,b_hi,c_hi,d_hi,q_en,a_en,b_en,c_en,d_en","Statements/activities and answer-code choices have been fused into the same option fields, omitted, or split across languages; the item is not reliably answerable as stored.",Reconstruct statement labels and four answer-code options from the original paper in both languages.,
5199,CTET ctet paper 1 jan 2024 Q79,evs,medium,assertion_reason_label_artifact,"q_hi,q_en,a_hi,b_hi,c_hi,d_hi,a_en,b_en,c_en,d_en","Assertion/reason labels such as stray ‘(A)’, duplicated labels, or slash fragments remain in the rendered text.",Remove parser artifacts while preserving the four standard assertion–reason choices.,
5204,CTET ctet paper 1 jan 2024 Q84,evs,medium,assertion_reason_label_artifact,"q_hi,q_en,a_hi,b_hi,c_hi,d_hi,a_en,b_en,c_en,d_en","Assertion/reason labels such as stray ‘(A)’, duplicated labels, or slash fragments remain in the rendered text.",Remove parser artifacts while preserving the four standard assertion–reason choices.,
5209,CTET ctet paper 1 jan 2024 Q89,evs,medium,assertion_reason_label_artifact,"q_hi,q_en,a_hi,b_hi,c_hi,d_hi,a_en,b_en,c_en,d_en","Assertion/reason labels such as stray ‘(A)’, duplicated labels, or slash fragments remain in the rendered text.",Remove parser artifacts while preserving the four standard assertion–reason choices.,
5213,CTET ctet paper 1 jan 2024 Q94,english,high,missing_underlining_target,"q_hi,q_en","The question asks about an underlined word/expression, but plain text does not identify which token was underlined.","Recover the target from an original scan and encode it explicitly (for example, with a target span or quoted target field).",
5214,CTET ctet paper 1 jan 2024 Q95,english,high,missing_underlining_target,"q_hi,q_en","The question asks about an underlined word/expression, but plain text does not identify which token was underlined.","Recover the target from an original scan and encode it explicitly (for example, with a target span or quoted target field).",
5215,CTET ctet paper 1 jan 2024 Q96,english,high,missing_underlining_target,"q_hi,q_en","The question asks about an underlined word/expression, but plain text does not identify which token was underlined.","Recover the target from an original scan and encode it explicitly (for example, with a target span or quoted target field).",
5217,CTET ctet paper 1 jan 2024 Q98,english,high,missing_underlining_target,"q_hi,q_en","The question asks about an underlined word/expression, but plain text does not identify which token was underlined.","Recover the target from an original scan and encode it explicitly (for example, with a target span or quoted target field).",
5272,CTET ctet paper 1 jan 2024 Q124,english,high,missing_underlining_target,"q_hi,q_en","The question asks about an underlined word/expression, but plain text does not identify which token was underlined.","Recover the target from an original scan and encode it explicitly (for example, with a target span or quoted target field).",
5274,CTET ctet paper 1 jan 2024 Q126,english,high,missing_underlining_target,"q_hi,q_en","The question asks about an underlined word/expression, but plain text does not identify which token was underlined.","Recover the target from an original scan and encode it explicitly (for example, with a target span or quoted target field).",
5276,CTET ctet paper 1 jan 2024 Q128,english,critical,stem_option_code_merged,"q_hi,a_hi,b_hi,c_hi,d_hi,q_en,a_en,b_en,c_en,d_en","Statements/activities and answer-code choices have been fused into the same option fields, omitted, or split across languages; the item is not reliably answerable as stored.",Reconstruct statement labels and four answer-code options from the original paper in both languages.,
5281,CTET ctet paper 1 jan 2024 Q133,english,high,missing_underlining_target,"q_hi,q_en","The question asks about an underlined word/expression, but plain text does not identify which token was underlined.","Recover the target from an original scan and encode it explicitly (for example, with a target span or quoted target field).",
5282,CTET ctet paper 1 jan 2024 Q134,english,high,missing_underlining_target,"q_hi,q_en","The question asks about an underlined word/expression, but plain text does not identify which token was underlined.","Recover the target from an original scan and encode it explicitly (for example, with a target span or quoted target field).",
5283,CTET ctet paper 1 jan 2024 Q135,english,high,missing_underlining_target,"q_hi,q_en","The question asks about an underlined word/expression, but plain text does not identify which token was underlined.","Recover the target from an original scan and encode it explicitly (for example, with a target span or quoted target field).",
5301,CTET ctet paper 1 jan 2024 Q123,hindi,high,missing_underlining_target,"q_hi,q_en","The question asks about an underlined word/expression, but plain text does not identify which token was underlined.","Recover the target from an original scan and encode it explicitly (for example, with a target span or quoted target field).",
5304,CTET ctet paper 1 jan 2024 Q126,hindi,high,missing_underlining_target,"q_hi,q_en","The question asks about an underlined word/expression, but plain text does not identify which token was underlined.","Recover the target from an original scan and encode it explicitly (for example, with a target span or quoted target field).",
5329,CTET Ctet Paper 1 july 2013 Q1,cdp,low,exact_duplicate_auto_dropped,"q_hi,q_en,a_hi,source",The raw CSV repeats an earlier build fingerprint; tools/build.py silently drops this row.,Remove/consolidate the raw duplicate and merge useful provenance.,q_ctet.csv:502
5330,CTET Ctet Paper 1 july 2013 Q2,cdp,low,exact_duplicate_auto_dropped,"q_hi,q_en,a_hi,source",The raw CSV repeats an earlier build fingerprint; tools/build.py silently drops this row.,Remove/consolidate the raw duplicate and merge useful provenance.,q_ctet.csv:969
5331,CTET Ctet Paper 1 july 2013 Q3,cdp,low,exact_duplicate_auto_dropped,"q_hi,q_en,a_hi,source",The raw CSV repeats an earlier build fingerprint; tools/build.py silently drops this row.,Remove/consolidate the raw duplicate and merge useful provenance.,q_ctet.csv:968
5332,CTET Ctet Paper 1 july 2013 Q4,cdp,low,exact_duplicate_auto_dropped,"q_hi,q_en,a_hi,source",The raw CSV repeats an earlier build fingerprint; tools/build.py silently drops this row.,Remove/consolidate the raw duplicate and merge useful provenance.,q_ctet.csv:593
5333,CTET Ctet Paper 1 july 2013 Q5,cdp,low,exact_duplicate_auto_dropped,"q_hi,q_en,a_hi,source",The raw CSV repeats an earlier build fingerprint; tools/build.py silently drops this row.,Remove/consolidate the raw duplicate and merge useful provenance.,q_ctet.csv:937
5335,CTET Ctet Paper 1 july 2013 Q7,cdp,medium,option_metadata_leak,"a_hi,b_hi,c_hi,d_hi",Exam date and/or shift metadata is appended to one answer option.,Move provenance to source/years and remove it from the option text.,
5335,CTET Ctet Paper 1 july 2013 Q7,cdp,low,exact_duplicate_auto_dropped,"q_hi,q_en,a_hi,source",The raw CSV repeats an earlier build fingerprint; tools/build.py silently drops this row.,Remove/consolidate the raw duplicate and merge useful provenance.,q_ctet.csv:315
5336,CTET Ctet Paper 1 july 2013 Q8,cdp,low,exact_duplicate_auto_dropped,"q_hi,q_en,a_hi,source",The raw CSV repeats an earlier build fingerprint; tools/build.py silently drops this row.,Remove/consolidate the raw duplicate and merge useful provenance.,q_ctet.csv:814
5340,CTET Ctet Paper 1 july 2013 Q12,cdp,low,exact_duplicate_auto_dropped,"q_hi,q_en,a_hi,source",The raw CSV repeats an earlier build fingerprint; tools/build.py silently drops this row.,Remove/consolidate the raw duplicate and merge useful provenance.,q_ctet.csv:243
5341,CTET Ctet Paper 1 july 2013 Q13,cdp,medium,duplicate_survives_build,"q_hi,a_hi,b_hi,c_hi,d_hi,source",Same normalized Hindi stem and option set survives because option order or formatting defeats the current fingerprint.,Consolidate the pair and make deduplication order-insensitive while preserving the correct answer mapping.,q_ctet.csv:331
5342,CTET Ctet Paper 1 july 2013 Q14,cdp,low,exact_duplicate_auto_dropped,"q_hi,q_en,a_hi,source",The raw CSV repeats an earlier build fingerprint; tools/build.py silently drops this row.,Remove/consolidate the raw duplicate and merge useful provenance.,q_ctet.csv:678
5344,CTET Ctet Paper 1 july 2013 Q16,cdp,low,exact_duplicate_auto_dropped,"q_hi,q_en,a_hi,source",The raw CSV repeats an earlier build fingerprint; tools/build.py silently drops this row.,Remove/consolidate the raw duplicate and merge useful provenance.,q_ctet.csv:533
5345,CTET Ctet Paper 1 july 2013 Q17,cdp,low,exact_duplicate_auto_dropped,"q_hi,q_en,a_hi,source",The raw CSV repeats an earlier build fingerprint; tools/build.py silently drops this row.,Remove/consolidate the raw duplicate and merge useful provenance.,q_ctet.csv:915
5346,CTET Ctet Paper 1 july 2013 Q18,cdp,medium,duplicate_survives_build,"q_hi,a_hi,b_hi,c_hi,d_hi,source",Same normalized Hindi stem and option set survives because option order or formatting defeats the current fingerprint.,Consolidate the pair and make deduplication order-insensitive while preserving the correct answer mapping.,q_ctet.csv:815
5347,CTET Ctet Paper 1 july 2013 Q19,cdp,low,exact_duplicate_auto_dropped,"q_hi,q_en,a_hi,source",The raw CSV repeats an earlier build fingerprint; tools/build.py silently drops this row.,Remove/consolidate the raw duplicate and merge useful provenance.,q_ctet.csv:525
5348,CTET Ctet Paper 1 july 2013 Q20,cdp,low,exact_duplicate_auto_dropped,"q_hi,q_en,a_hi,source",The raw CSV repeats an earlier build fingerprint; tools/build.py silently drops this row.,Remove/consolidate the raw duplicate and merge useful provenance.,q_ctet.csv:731
5351,CTET Ctet Paper 1 july 2013 Q23,cdp,low,exact_duplicate_auto_dropped,"q_hi,q_en,a_hi,source",The raw CSV repeats an earlier build fingerprint; tools/build.py silently drops this row.,Remove/consolidate the raw duplicate and merge useful provenance.,q_ctet.csv:728
5352,CTET Ctet Paper 1 july 2013 Q25,cdp,low,exact_duplicate_auto_dropped,"q_hi,q_en,a_hi,source",The raw CSV repeats an earlier build fingerprint; tools/build.py silently drops this row.,Remove/consolidate the raw duplicate and merge useful provenance.,q_ctet.csv:813
5353,CTET Ctet Paper 1 july 2013 Q26,cdp,low,exact_duplicate_auto_dropped,"q_hi,q_en,a_hi,source",The raw CSV repeats an earlier build fingerprint; tools/build.py silently drops this row.,Remove/consolidate the raw duplicate and merge useful provenance.,q_ctet.csv:648
5355,CTET Ctet Paper 1 july 2013 Q28,cdp,medium,duplicate_survives_build,"q_hi,a_hi,b_hi,c_hi,d_hi,source",Same normalized Hindi stem and option set survives because option order or formatting defeats the current fingerprint.,Consolidate the pair and make deduplication order-insensitive while preserving the correct answer mapping.,q_ctet.csv:885
5357,CTET Ctet Paper 1 july 2013 Q30,cdp,high,english_option_truncated,"a_en,b_en,c_en,d_en",One or more English options end in ‘...’ and omit substantive distinguishing text.,Restore complete option translations and check that all four remain distinct.,
5357,CTET Ctet Paper 1 july 2013 Q30,cdp,high,english_stem_truncated,q_en,"English is an ellipsis-based summary that omits statements, values, conditions, or the actual task present in Hindi.",Provide a complete faithful English translation or leave English unavailable rather than serving an incomplete item.,
5358,CTET Ctet Paper 1 july 2013 Q31,math,high,english_option_truncated,"a_en,b_en,c_en,d_en",One or more English options end in ‘...’ and omit substantive distinguishing text.,Restore complete option translations and check that all four remain distinct.,
5360,CTET Ctet Paper 1 july 2013 Q33,math,high,english_stem_truncated,q_en,"English is an ellipsis-based summary that omits statements, values, conditions, or the actual task present in Hindi.",Provide a complete faithful English translation or leave English unavailable rather than serving an incomplete item.,
5361,CTET Ctet Paper 1 july 2013 Q34,math,high,english_stem_truncated,q_en,"English is an ellipsis-based summary that omits statements, values, conditions, or the actual task present in Hindi.",Provide a complete faithful English translation or leave English unavailable rather than serving an incomplete item.,
5363,CTET Ctet Paper 1 july 2013 Q36,math,high,english_option_truncated,"a_en,b_en,c_en,d_en",One or more English options end in ‘...’ and omit substantive distinguishing text.,Restore complete option translations and check that all four remain distinct.,
5363,CTET Ctet Paper 1 july 2013 Q36,math,high,english_stem_truncated,q_en,"English is an ellipsis-based summary that omits statements, values, conditions, or the actual task present in Hindi.",Provide a complete faithful English translation or leave English unavailable rather than serving an incomplete item.,
5364,CTET Ctet Paper 1 july 2013 Q37,math,high,english_stem_truncated,q_en,"English is an ellipsis-based summary that omits statements, values, conditions, or the actual task present in Hindi.",Provide a complete faithful English translation or leave English unavailable rather than serving an incomplete item.,
5365,CTET Ctet Paper 1 july 2013 Q38,math,high,english_option_truncated,"a_en,b_en,c_en,d_en",One or more English options end in ‘...’ and omit substantive distinguishing text.,Restore complete option translations and check that all four remain distinct.,
5374,CTET Ctet Paper 1 july 2013 Q47,math,high,english_option_truncated,"a_en,b_en,c_en,d_en",One or more English options end in ‘...’ and omit substantive distinguishing text.,Restore complete option translations and check that all four remain distinct.,
5375,CTET Ctet Paper 1 july 2013 Q48,math,high,english_stem_truncated,q_en,"English is an ellipsis-based summary that omits statements, values, conditions, or the actual task present in Hindi.",Provide a complete faithful English translation or leave English unavailable rather than serving an incomplete item.,
5377,CTET Ctet Paper 1 july 2013 Q50,math,high,english_stem_truncated,q_en,"English is an ellipsis-based summary that omits statements, values, conditions, or the actual task present in Hindi.",Provide a complete faithful English translation or leave English unavailable rather than serving an incomplete item.,
5378,CTET Ctet Paper 1 july 2013 Q51,math,high,english_stem_truncated,q_en,"English is an ellipsis-based summary that omits statements, values, conditions, or the actual task present in Hindi.",Provide a complete faithful English translation or leave English unavailable rather than serving an incomplete item.,
5381,CTET Ctet Paper 1 july 2013 Q54,math,high,duplicate_or_lost_option,"a_hi,b_hi,c_hi,d_hi,a_en,b_en,c_en,d_en",English choices a and d are indistinguishable after truncation.,Restore distinct complete options from the source and revalidate the answer index.,
5381,CTET Ctet Paper 1 july 2013 Q54,math,high,english_option_truncated,"a_en,b_en,c_en,d_en",One or more English options end in ‘...’ and omit substantive distinguishing text.,Restore complete option translations and check that all four remain distinct.,
5381,CTET Ctet Paper 1 july 2013 Q54,math,high,math_expression_lost,"q_hi,q_en",Hindi flattens 1/3 as ‘3 1’; English is recoverable.,Restore the original expression with unambiguous Unicode or LaTeX-style serialization and revalidate the key.,
5382,CTET Ctet Paper 1 july 2013 Q55,math,high,english_option_truncated,"a_en,b_en,c_en,d_en",One or more English options end in ‘...’ and omit substantive distinguishing text.,Restore complete option translations and check that all four remain distinct.,
5383,CTET Ctet Paper 1 july 2013 Q56,math,high,english_option_truncated,"a_en,b_en,c_en,d_en",One or more English options end in ‘...’ and omit substantive distinguishing text.,Restore complete option translations and check that all four remain distinct.,
5384,CTET Ctet Paper 1 july 2013 Q57,math,critical,bilingual_semantic_mismatch,"q_hi,q_en,a_hi,b_hi,c_hi,d_hi,a_en,b_en,c_en,d_en",Hindi describes a child’s Van Hiele level; English asks for the highest listed level.,Re-translate from one verified canonical question and align option meanings and key across languages.,
5384,CTET Ctet Paper 1 july 2013 Q57,math,high,english_stem_truncated,q_en,"English is an ellipsis-based summary that omits statements, values, conditions, or the actual task present in Hindi.",Provide a complete faithful English translation or leave English unavailable rather than serving an incomplete item.,
5384,CTET Ctet Paper 1 july 2013 Q57,math,high,unrelated_preamble_or_ocr_garbage,"q_hi,q_en","The stem includes unrelated chapter headings, preceding explanations/questions, lists, or OCR debris before the actual question.",Delete unrelated text and retain one complete canonical stem only.,
5385,CTET Ctet Paper 1 july 2013 Q58,math,high,english_option_truncated,"a_en,b_en,c_en,d_en",One or more English options end in ‘...’ and omit substantive distinguishing text.,Restore complete option translations and check that all four remain distinct.,
5387,CTET Ctet Paper 1 july 2013 Q60,math,critical,missing_visual_stimulus,"q_hi,q_en","The dot-array diagrams are absent. The CSV schema has no media reference, and no Markdown image asset exists upstream.","Restore the original figure and add a supported media/alt-text representation, or remove the item.",
5387,CTET Ctet Paper 1 july 2013 Q60,math,high,english_option_truncated,"a_en,b_en,c_en,d_en",One or more English options end in ‘...’ and omit substantive distinguishing text.,Restore complete option translations and check that all four remain distinct.,
5389,CTET Ctet Paper 1 july 2013 Q62,evs,low,exact_duplicate_auto_dropped,"q_hi,q_en,a_hi,source",The raw CSV repeats an earlier build fingerprint; tools/build.py silently drops this row.,Remove/consolidate the raw duplicate and merge useful provenance.,q_ctet.csv:1726
5390,CTET Ctet Paper 1 july 2013 Q63,evs,low,exact_duplicate_auto_dropped,"q_hi,q_en,a_hi,source",The raw CSV repeats an earlier build fingerprint; tools/build.py silently drops this row.,Remove/consolidate the raw duplicate and merge useful provenance.,q_ctet.csv:1742
5391,CTET Ctet Paper 1 july 2013 Q64,evs,low,exact_duplicate_auto_dropped,"q_hi,q_en,a_hi,source",The raw CSV repeats an earlier build fingerprint; tools/build.py silently drops this row.,Remove/consolidate the raw duplicate and merge useful provenance.,q_ctet.csv:1545
5392,CTET Ctet Paper 1 july 2013 Q65,evs,low,exact_duplicate_auto_dropped,"q_hi,q_en,a_hi,source",The raw CSV repeats an earlier build fingerprint; tools/build.py silently drops this row.,Remove/consolidate the raw duplicate and merge useful provenance.,q_ctet.csv:1596
5393,CTET Ctet Paper 1 july 2013 Q66,evs,low,exact_duplicate_auto_dropped,"q_hi,q_en,a_hi,source",The raw CSV repeats an earlier build fingerprint; tools/build.py silently drops this row.,Remove/consolidate the raw duplicate and merge useful provenance.,q_ctet.csv:1680
5394,CTET Ctet Paper 1 july 2013 Q67,evs,high,english_stem_truncated,q_en,"English is an ellipsis-based summary that omits statements, values, conditions, or the actual task present in Hindi.",Provide a complete faithful English translation or leave English unavailable rather than serving an incomplete item.,
5395,CTET Ctet Paper 1 july 2013 Q68,evs,high,english_stem_truncated,q_en,"English is an ellipsis-based summary that omits statements, values, conditions, or the actual task present in Hindi.",Provide a complete faithful English translation or leave English unavailable rather than serving an incomplete item.,
5396,CTET Ctet Paper 1 july 2013 Q69,evs,high,duplicate_or_lost_option,"a_hi,b_hi,c_hi,d_hi,a_en,b_en,c_en,d_en",English choices a and d are indistinguishable after truncation.,Restore distinct complete options from the source and revalidate the answer index.,
5396,CTET Ctet Paper 1 july 2013 Q69,evs,high,english_option_truncated,"a_en,b_en,c_en,d_en",One or more English options end in ‘...’ and omit substantive distinguishing text.,Restore complete option translations and check that all four remain distinct.,
5398,CTET Ctet Paper 1 july 2013 Q71,evs,low,exact_duplicate_auto_dropped,"q_hi,q_en,a_hi,source",The raw CSV repeats an earlier build fingerprint; tools/build.py silently drops this row.,Remove/consolidate the raw duplicate and merge useful provenance.,q_ctet.csv:1356
5399,CTET Ctet Paper 1 july 2013 Q72,evs,critical,bilingual_semantic_mismatch,"q_hi,q_en,a_hi,b_hi,c_hi,d_hi,a_en,b_en,c_en,d_en",Hindi asks mountain-group leader duties; English asks duties of a responsible passenger.,Re-translate from one verified canonical question and align option meanings and key across languages.,
5399,CTET Ctet Paper 1 july 2013 Q72,evs,high,english_stem_truncated,q_en,"English is an ellipsis-based summary that omits statements, values, conditions, or the actual task present in Hindi.",Provide a complete faithful English translation or leave English unavailable rather than serving an incomplete item.,
5401,CTET Ctet Paper 1 july 2013 Q74,evs,high,english_stem_truncated,q_en,"English is an ellipsis-based summary that omits statements, values, conditions, or the actual task present in Hindi.",Provide a complete faithful English translation or leave English unavailable rather than serving an incomplete item.,
5403,CTET Ctet Paper 1 july 2013 Q76,evs,low,exact_duplicate_auto_dropped,"q_hi,q_en,a_hi,source",The raw CSV repeats an earlier build fingerprint; tools/build.py silently drops this row.,Remove/consolidate the raw duplicate and merge useful provenance.,q_ctet.csv:1235
5404,CTET Ctet Paper 1 july 2013 Q77,evs,high,english_stem_truncated,q_en,"English is an ellipsis-based summary that omits statements, values, conditions, or the actual task present in Hindi.",Provide a complete faithful English translation or leave English unavailable rather than serving an incomplete item.,
5404,CTET Ctet Paper 1 july 2013 Q77,evs,low,exact_duplicate_auto_dropped,"q_hi,q_en,a_hi,source",The raw CSV repeats an earlier build fingerprint; tools/build.py silently drops this row.,Remove/consolidate the raw duplicate and merge useful provenance.,q_ctet.csv:1236
5406,CTET Ctet Paper 1 july 2013 Q79,evs,high,english_option_truncated,"a_en,b_en,c_en,d_en",One or more English options end in ‘...’ and omit substantive distinguishing text.,Restore complete option translations and check that all four remain distinct.,
5408,CTET Ctet Paper 1 july 2013 Q81,evs,high,english_option_truncated,"a_en,b_en,c_en,d_en",One or more English options end in ‘...’ and omit substantive distinguishing text.,Restore complete option translations and check that all four remain distinct.,
5409,CTET Ctet Paper 1 july 2013 Q82,evs,low,exact_duplicate_auto_dropped,"q_hi,q_en,a_hi,source",The raw CSV repeats an earlier build fingerprint; tools/build.py silently drops this row.,Remove/consolidate the raw duplicate and merge useful provenance.,q_ctet.csv:1540
5410,CTET Ctet Paper 1 july 2013 Q83,evs,low,exact_duplicate_auto_dropped,"q_hi,q_en,a_hi,source",The raw CSV repeats an earlier build fingerprint; tools/build.py silently drops this row.,Remove/consolidate the raw duplicate and merge useful provenance.,q_ctet.csv:1541
5411,CTET Ctet Paper 1 july 2013 Q84,evs,low,exact_duplicate_auto_dropped,"q_hi,q_en,a_hi,source",The raw CSV repeats an earlier build fingerprint; tools/build.py silently drops this row.,Remove/consolidate the raw duplicate and merge useful provenance.,q_ctet.csv:1542
5412,CTET Ctet Paper 1 july 2013 Q85,evs,low,exact_duplicate_auto_dropped,"q_hi,q_en,a_hi,source",The raw CSV repeats an earlier build fingerprint; tools/build.py silently drops this row.,Remove/consolidate the raw duplicate and merge useful provenance.,q_ctet.csv:1543
5413,CTET Ctet Paper 1 july 2013 Q86,evs,low,exact_duplicate_auto_dropped,"q_hi,q_en,a_hi,source",The raw CSV repeats an earlier build fingerprint; tools/build.py silently drops this row.,Remove/consolidate the raw duplicate and merge useful provenance.,q_ctet.csv:1544
5414,CTET Ctet Paper 1 july 2013 Q87,evs,low,exact_duplicate_auto_dropped,"q_hi,q_en,a_hi,source",The raw CSV repeats an earlier build fingerprint; tools/build.py silently drops this row.,Remove/consolidate the raw duplicate and merge useful provenance.,q_ctet.csv:1741
5415,CTET Ctet Paper 1 july 2013 Q88,evs,low,exact_duplicate_auto_dropped,"q_hi,q_en,a_hi,source",The raw CSV repeats an earlier build fingerprint; tools/build.py silently drops this row.,Remove/consolidate the raw duplicate and merge useful provenance.,q_ctet.csv:1765
5416,CTET Ctet Paper 1 july 2013 Q89,evs,low,exact_duplicate_auto_dropped,"q_hi,q_en,a_hi,source",The raw CSV repeats an earlier build fingerprint; tools/build.py silently drops this row.,Remove/consolidate the raw duplicate and merge useful provenance.,q_ctet.csv:1661
5417,CTET Ctet Paper 1 july 2013 Q90,evs,low,exact_duplicate_auto_dropped,"q_hi,q_en,a_hi,source",The raw CSV repeats an earlier build fingerprint; tools/build.py silently drops this row.,Remove/consolidate the raw duplicate and merge useful provenance.,q_ctet.csv:1662
5474,CTET Ctet Paper 1 july 2013 Q147,english,high,scope_upper_primary_probable,"exams,q_hi,q_en",The stem explicitly targets upper-primary or Class VI/VII/VIII while the row is ctet1.,Review provenance; move to ctet2 unless the official Paper-I source is verified.,
5478,CTET Paper 1 July 2024 Q74,evs,medium,pyq_year_missing,years,"Row is marked PYQ but years is blank, so year-based scoring/filters lose provenance.",Populate the normalized YYYY or YYYY-MM value from source metadata.,
5480,CTET paper 1 june 2019 Q2,cdp,medium,duplicate_survives_build,"q_hi,a_hi,b_hi,c_hi,d_hi,source",Same normalized Hindi stem and option set survives because option order or formatting defeats the current fingerprint.,Consolidate the pair and make deduplication order-insensitive while preserving the correct answer mapping.,q_ctet.csv:624
5481,CTET paper 1 june 2019 Q3,cdp,high,english_option_truncated,"a_en,b_en,c_en,d_en",One or more English options end in ‘...’ and omit substantive distinguishing text.,Restore complete option translations and check that all four remain distinct.,
5482,CTET paper 1 june 2019 Q4,cdp,low,exact_duplicate_auto_dropped,"q_hi,q_en,a_hi,source",The raw CSV repeats an earlier build fingerprint; tools/build.py silently drops this row.,Remove/consolidate the raw duplicate and merge useful provenance.,q_ctet.csv:517
5484,CTET paper 1 june 2019 Q6,cdp,low,exact_duplicate_auto_dropped,"q_hi,q_en,a_hi,source",The raw CSV repeats an earlier build fingerprint; tools/build.py silently drops this row.,Remove/consolidate the raw duplicate and merge useful provenance.,q_ctet.csv:386
5485,CTET paper 1 june 2019 Q8,cdp,low,exact_duplicate_auto_dropped,"q_hi,q_en,a_hi,source",The raw CSV repeats an earlier build fingerprint; tools/build.py silently drops this row.,Remove/consolidate the raw duplicate and merge useful provenance.,q_ctet.csv:892
5486,CTET paper 1 june 2019 Q9,cdp,low,exact_duplicate_auto_dropped,"q_hi,q_en,a_hi,source",The raw CSV repeats an earlier build fingerprint; tools/build.py silently drops this row.,Remove/consolidate the raw duplicate and merge useful provenance.,q_ctet.csv:893
5487,CTET paper 1 june 2019 Q10,cdp,low,exact_duplicate_auto_dropped,"q_hi,q_en,a_hi,source",The raw CSV repeats an earlier build fingerprint; tools/build.py silently drops this row.,Remove/consolidate the raw duplicate and merge useful provenance.,q_ctet.csv:581
5488,CTET paper 1 june 2019 Q11,cdp,low,exact_duplicate_auto_dropped,"q_hi,q_en,a_hi,source",The raw CSV repeats an earlier build fingerprint; tools/build.py silently drops this row.,Remove/consolidate the raw duplicate and merge useful provenance.,q_ctet.csv:950
5489,CTET paper 1 june 2019 Q12,cdp,low,exact_duplicate_auto_dropped,"q_hi,q_en,a_hi,source",The raw CSV repeats an earlier build fingerprint; tools/build.py silently drops this row.,Remove/consolidate the raw duplicate and merge useful provenance.,q_ctet.csv:880
5490,CTET paper 1 june 2019 Q13,cdp,low,exact_duplicate_auto_dropped,"q_hi,q_en,a_hi,source",The raw CSV repeats an earlier build fingerprint; tools/build.py silently drops this row.,Remove/consolidate the raw duplicate and merge useful provenance.,q_ctet.csv:582
5491,CTET paper 1 june 2019 Q14,cdp,low,exact_duplicate_auto_dropped,"q_hi,q_en,a_hi,source",The raw CSV repeats an earlier build fingerprint; tools/build.py silently drops this row.,Remove/consolidate the raw duplicate and merge useful provenance.,q_ctet.csv:921
5492,CTET paper 1 june 2019 Q15,cdp,low,exact_duplicate_auto_dropped,"q_hi,q_en,a_hi,source",The raw CSV repeats an earlier build fingerprint; tools/build.py silently drops this row.,Remove/consolidate the raw duplicate and merge useful provenance.,q_ctet.csv:1002
5493,CTET paper 1 june 2019 Q16,cdp,low,exact_duplicate_auto_dropped,"q_hi,q_en,a_hi,source",The raw CSV repeats an earlier build fingerprint; tools/build.py silently drops this row.,Remove/consolidate the raw duplicate and merge useful provenance.,q_ctet.csv:452
5495,CTET paper 1 june 2019 Q18,cdp,low,exact_duplicate_auto_dropped,"q_hi,q_en,a_hi,source",The raw CSV repeats an earlier build fingerprint; tools/build.py silently drops this row.,Remove/consolidate the raw duplicate and merge useful provenance.,q_ctet.csv:1003
5496,CTET paper 1 june 2019 Q19,cdp,low,exact_duplicate_auto_dropped,"q_hi,q_en,a_hi,source",The raw CSV repeats an earlier build fingerprint; tools/build.py silently drops this row.,Remove/consolidate the raw duplicate and merge useful provenance.,q_ctet.csv:228
5497,CTET paper 1 june 2019 Q20,cdp,low,exact_duplicate_auto_dropped,"q_hi,q_en,a_hi,source",The raw CSV repeats an earlier build fingerprint; tools/build.py silently drops this row.,Remove/consolidate the raw duplicate and merge useful provenance.,q_ctet.csv:1004
5498,CTET paper 1 june 2019 Q21,cdp,low,exact_duplicate_auto_dropped,"q_hi,q_en,a_hi,source",The raw CSV repeats an earlier build fingerprint; tools/build.py silently drops this row.,Remove/consolidate the raw duplicate and merge useful provenance.,q_ctet.csv:480
5499,CTET paper 1 june 2019 Q22,cdp,low,exact_duplicate_auto_dropped,"q_hi,q_en,a_hi,source",The raw CSV repeats an earlier build fingerprint; tools/build.py silently drops this row.,Remove/consolidate the raw duplicate and merge useful provenance.,q_ctet.csv:453
5500,CTET paper 1 june 2019 Q23,cdp,low,exact_duplicate_auto_dropped,"q_hi,q_en,a_hi,source",The raw CSV repeats an earlier build fingerprint; tools/build.py silently drops this row.,Remove/consolidate the raw duplicate and merge useful provenance.,q_ctet.csv:951
5501,CTET paper 1 june 2019 Q24,cdp,low,exact_duplicate_auto_dropped,"q_hi,q_en,a_hi,source",The raw CSV repeats an earlier build fingerprint; tools/build.py silently drops this row.,Remove/consolidate the raw duplicate and merge useful provenance.,q_ctet.csv:216
5502,CTET paper 1 june 2019 Q25,cdp,low,exact_duplicate_auto_dropped,"q_hi,q_en,a_hi,source",The raw CSV repeats an earlier build fingerprint; tools/build.py silently drops this row.,Remove/consolidate the raw duplicate and merge useful provenance.,q_ctet.csv:157
5503,CTET paper 1 june 2019 Q26,cdp,low,exact_duplicate_auto_dropped,"q_hi,q_en,a_hi,source",The raw CSV repeats an earlier build fingerprint; tools/build.py silently drops this row.,Remove/consolidate the raw duplicate and merge useful provenance.,q_ctet.csv:454
5504,CTET paper 1 june 2019 Q27,cdp,low,exact_duplicate_auto_dropped,"q_hi,q_en,a_hi,source",The raw CSV repeats an earlier build fingerprint; tools/build.py silently drops this row.,Remove/consolidate the raw duplicate and merge useful provenance.,q_ctet.csv:481
5505,CTET paper 1 june 2019 Q28,cdp,low,exact_duplicate_auto_dropped,"q_hi,q_en,a_hi,source",The raw CSV repeats an earlier build fingerprint; tools/build.py silently drops this row.,Remove/consolidate the raw duplicate and merge useful provenance.,q_ctet.csv:1006
5506,CTET paper 1 june 2019 Q29,cdp,low,exact_duplicate_auto_dropped,"q_hi,q_en,a_hi,source",The raw CSV repeats an earlier build fingerprint; tools/build.py silently drops this row.,Remove/consolidate the raw duplicate and merge useful provenance.,q_ctet.csv:805
5507,CTET paper 1 june 2019 Q30,cdp,low,exact_duplicate_auto_dropped,"q_hi,q_en,a_hi,source",The raw CSV repeats an earlier build fingerprint; tools/build.py silently drops this row.,Remove/consolidate the raw duplicate and merge useful provenance.,q_ctet.csv:1005
5523,CTET paper 1 june 2019 Q50,math,critical,incomplete_table_or_data,"q_hi,q_en",The railway table omits Chennai arrival time.,Restore the complete table/data from the original paper and verify all options and the key.,
5529,CTET paper 1 june 2019 Q60,math,high,math_expression_lost,"q_hi,q_en",Hindi loses the equation 72 × 28 = 36 × 4 × blank.,Restore the original expression with unambiguous Unicode or LaTeX-style serialization and revalidate the key.,
5530,CTET paper 1 june 2019 Q61,evs,medium,duplicate_survives_build,"q_hi,a_hi,b_hi,c_hi,d_hi,source",Same normalized Hindi stem and option set survives because option order or formatting defeats the current fingerprint.,Consolidate the pair and make deduplication order-insensitive while preserving the correct answer mapping.,q_ctet.csv:1669
5531,CTET paper 1 june 2019 Q62,evs,low,exact_duplicate_auto_dropped,"q_hi,q_en,a_hi,source",The raw CSV repeats an earlier build fingerprint; tools/build.py silently drops this row.,Remove/consolidate the raw duplicate and merge useful provenance.,q_ctet.csv:1599
5532,CTET paper 1 june 2019 Q63,evs,low,exact_duplicate_auto_dropped,"q_hi,q_en,a_hi,source",The raw CSV repeats an earlier build fingerprint; tools/build.py silently drops this row.,Remove/consolidate the raw duplicate and merge useful provenance.,q_ctet.csv:1251
5533,CTET paper 1 june 2019 Q64,evs,low,exact_duplicate_auto_dropped,"q_hi,q_en,a_hi,source",The raw CSV repeats an earlier build fingerprint; tools/build.py silently drops this row.,Remove/consolidate the raw duplicate and merge useful provenance.,q_ctet.csv:1549
5534,CTET paper 1 june 2019 Q65,evs,low,exact_duplicate_auto_dropped,"q_hi,q_en,a_hi,source",The raw CSV repeats an earlier build fingerprint; tools/build.py silently drops this row.,Remove/consolidate the raw duplicate and merge useful provenance.,q_ctet.csv:1550
5535,CTET paper 1 june 2019 Q66,evs,low,exact_duplicate_auto_dropped,"q_hi,q_en,a_hi,source",The raw CSV repeats an earlier build fingerprint; tools/build.py silently drops this row.,Remove/consolidate the raw duplicate and merge useful provenance.,q_ctet.csv:1526
5538,CTET paper 1 june 2019 Q69,evs,low,exact_duplicate_auto_dropped,"q_hi,q_en,a_hi,source",The raw CSV repeats an earlier build fingerprint; tools/build.py silently drops this row.,Remove/consolidate the raw duplicate and merge useful provenance.,q_ctet.csv:1552
5539,CTET paper 1 june 2019 Q70,evs,medium,duplicate_survives_build,"q_hi,a_hi,b_hi,c_hi,d_hi,source",Same normalized Hindi stem and option set survives because option order or formatting defeats the current fingerprint.,Consolidate the pair and make deduplication order-insensitive while preserving the correct answer mapping.,q_ctet.csv:1703
5540,CTET paper 1 june 2019 Q71,evs,medium,duplicate_survives_build,"q_hi,a_hi,b_hi,c_hi,d_hi,source",Same normalized Hindi stem and option set survives because option order or formatting defeats the current fingerprint.,Consolidate the pair and make deduplication order-insensitive while preserving the correct answer mapping.,q_ctet.csv:1644
5541,CTET paper 1 june 2019 Q72,evs,low,exact_duplicate_auto_dropped,"q_hi,q_en,a_hi,source",The raw CSV repeats an earlier build fingerprint; tools/build.py silently drops this row.,Remove/consolidate the raw duplicate and merge useful provenance.,q_ctet.csv:1704
5542,CTET paper 1 june 2019 Q73,evs,low,exact_duplicate_auto_dropped,"q_hi,q_en,a_hi,source",The raw CSV repeats an earlier build fingerprint; tools/build.py silently drops this row.,Remove/consolidate the raw duplicate and merge useful provenance.,q_ctet.csv:1705
5543,CTET paper 1 june 2019 Q74,evs,medium,duplicate_survives_build,"q_hi,a_hi,b_hi,c_hi,d_hi,source",Same normalized Hindi stem and option set survives because option order or formatting defeats the current fingerprint.,Consolidate the pair and make deduplication order-insensitive while preserving the correct answer mapping.,q_ctet.csv:1645
5544,CTET paper 1 june 2019 Q75,evs,low,exact_duplicate_auto_dropped,"q_hi,q_en,a_hi,source",The raw CSV repeats an earlier build fingerprint; tools/build.py silently drops this row.,Remove/consolidate the raw duplicate and merge useful provenance.,q_ctet.csv:1553
5545,CTET paper 1 june 2019 Q76,evs,medium,duplicate_survives_build,"q_hi,a_hi,b_hi,c_hi,d_hi,source",Same normalized Hindi stem and option set survives because option order or formatting defeats the current fingerprint.,Consolidate the pair and make deduplication order-insensitive while preserving the correct answer mapping.,q_ctet.csv:1629
5546,CTET paper 1 june 2019 Q77,evs,low,exact_duplicate_auto_dropped,"q_hi,q_en,a_hi,source",The raw CSV repeats an earlier build fingerprint; tools/build.py silently drops this row.,Remove/consolidate the raw duplicate and merge useful provenance.,q_ctet.csv:1706
5547,CTET paper 1 june 2019 Q78,evs,medium,duplicate_survives_build,"q_hi,a_hi,b_hi,c_hi,d_hi,source",Same normalized Hindi stem and option set survives because option order or formatting defeats the current fingerprint.,Consolidate the pair and make deduplication order-insensitive while preserving the correct answer mapping.,q_ctet.csv:1289
5548,CTET paper 1 june 2019 Q79,evs,low,exact_duplicate_auto_dropped,"q_hi,q_en,a_hi,source",The raw CSV repeats an earlier build fingerprint; tools/build.py silently drops this row.,Remove/consolidate the raw duplicate and merge useful provenance.,q_ctet.csv:1189
5549,CTET paper 1 june 2019 Q80,evs,low,exact_duplicate_auto_dropped,"q_hi,q_en,a_hi,source",The raw CSV repeats an earlier build fingerprint; tools/build.py silently drops this row.,Remove/consolidate the raw duplicate and merge useful provenance.,q_ctet.csv:1204
5550,CTET paper 1 june 2019 Q81,evs,medium,duplicate_survives_build,"q_hi,a_hi,b_hi,c_hi,d_hi,source",Same normalized Hindi stem and option set survives because option order or formatting defeats the current fingerprint.,Consolidate the pair and make deduplication order-insensitive while preserving the correct answer mapping.,q_ctet.csv:1205
5551,CTET paper 1 june 2019 Q82,evs,low,exact_duplicate_auto_dropped,"q_hi,q_en,a_hi,source",The raw CSV repeats an earlier build fingerprint; tools/build.py silently drops this row.,Remove/consolidate the raw duplicate and merge useful provenance.,q_ctet.csv:1252
5552,CTET paper 1 june 2019 Q83,evs,low,exact_duplicate_auto_dropped,"q_hi,q_en,a_hi,source",The raw CSV repeats an earlier build fingerprint; tools/build.py silently drops this row.,Remove/consolidate the raw duplicate and merge useful provenance.,q_ctet.csv:1131
5553,CTET paper 1 june 2019 Q84,evs,low,exact_duplicate_auto_dropped,"q_hi,q_en,a_hi,source",The raw CSV repeats an earlier build fingerprint; tools/build.py silently drops this row.,Remove/consolidate the raw duplicate and merge useful provenance.,q_ctet.csv:1253
5554,CTET paper 1 june 2019 Q85,evs,low,exact_duplicate_auto_dropped,"q_hi,q_en,a_hi,source",The raw CSV repeats an earlier build fingerprint; tools/build.py silently drops this row.,Remove/consolidate the raw duplicate and merge useful provenance.,q_ctet.csv:1335
5555,CTET paper 1 june 2019 Q86,evs,low,exact_duplicate_auto_dropped,"q_hi,q_en,a_hi,source",The raw CSV repeats an earlier build fingerprint; tools/build.py silently drops this row.,Remove/consolidate the raw duplicate and merge useful provenance.,q_ctet.csv:1336
5556,CTET paper 1 june 2019 Q87,evs,low,exact_duplicate_auto_dropped,"q_hi,q_en,a_hi,source",The raw CSV repeats an earlier build fingerprint; tools/build.py silently drops this row.,Remove/consolidate the raw duplicate and merge useful provenance.,q_ctet.csv:1290
5557,CTET paper 1 june 2019 Q88,evs,low,exact_duplicate_auto_dropped,"q_hi,q_en,a_hi,source",The raw CSV repeats an earlier build fingerprint; tools/build.py silently drops this row.,Remove/consolidate the raw duplicate and merge useful provenance.,q_ctet.csv:1646
5558,CTET paper 1 june 2019 Q89,evs,low,exact_duplicate_auto_dropped,"q_hi,q_en,a_hi,source",The raw CSV repeats an earlier build fingerprint; tools/build.py silently drops this row.,Remove/consolidate the raw duplicate and merge useful provenance.,q_ctet.csv:1291
5559,CTET paper 1 june 2019 Q90,evs,low,exact_duplicate_auto_dropped,"q_hi,q_en,a_hi,source",The raw CSV repeats an earlier build fingerprint; tools/build.py silently drops this row.,Remove/consolidate the raw duplicate and merge useful provenance.,q_ctet.csv:1647
5563,CTET paper 1 june 2019 Q94,english,high,missing_underlining_target,"q_hi,q_en","The question asks about an underlined word/expression, but plain text does not identify which token was underlined.","Recover the target from an original scan and encode it explicitly (for example, with a target span or quoted target field).",
5564,CTET paper 1 june 2019 Q95,english,high,missing_underlining_target,"q_hi,q_en","The question asks about an underlined word/expression, but plain text does not identify which token was underlined.","Recover the target from an original scan and encode it explicitly (for example, with a target span or quoted target field).",
5593,CTET paper 1 june 2019 Q124,english,high,missing_underlining_target,"q_hi,q_en","The question asks about an underlined word/expression, but plain text does not identify which token was underlined.","Recover the target from an original scan and encode it explicitly (for example, with a target span or quoted target field).",
5636,CTET paper 1 june 2019 Q109,hindi,low,exact_duplicate_auto_dropped,"q_hi,q_en,a_hi,source",The raw CSV repeats an earlier build fingerprint; tools/build.py silently drops this row.,Remove/consolidate the raw duplicate and merge useful provenance.,q_ctet.csv:2673
5637,CTET paper 1 june 2019 Q110,hindi,low,exact_duplicate_auto_dropped,"q_hi,q_en,a_hi,source",The raw CSV repeats an earlier build fingerprint; tools/build.py silently drops this row.,Remove/consolidate the raw duplicate and merge useful provenance.,q_ctet.csv:2672
5638,CTET paper 1 june 2019 Q111,hindi,low,exact_duplicate_auto_dropped,"q_hi,q_en,a_hi,source",The raw CSV repeats an earlier build fingerprint; tools/build.py silently drops this row.,Remove/consolidate the raw duplicate and merge useful provenance.,q_ctet.csv:2671
5646,CTET paper 1 june 2019 Q119,hindi,low,exact_duplicate_auto_dropped,"q_hi,q_en,a_hi,source",The raw CSV repeats an earlier build fingerprint; tools/build.py silently drops this row.,Remove/consolidate the raw duplicate and merge useful provenance.,q_ctet.csv:2670
5657,CTET paper 1 june 2019 Q130,hindi,high,missing_underlining_target,"q_hi,q_en","The question asks about an underlined word/expression, but plain text does not identify which token was underlined.","Recover the target from an original scan and encode it explicitly (for example, with a target span or quoted target field).",
5673,CTET paper 1 june 2019 Q146,hindi,low,exact_duplicate_auto_dropped,"q_hi,q_en,a_hi,source",The raw CSV repeats an earlier build fingerprint; tools/build.py silently drops this row.,Remove/consolidate the raw duplicate and merge useful provenance.,q_ctet.csv:2669
5678,CTET Paper 1 sept 2016 Q1,cdp,low,exact_duplicate_auto_dropped,"q_hi,q_en,a_hi,source",The raw CSV repeats an earlier build fingerprint; tools/build.py silently drops this row.,Remove/consolidate the raw duplicate and merge useful provenance.,q_ctet.csv:487
5679,CTET Paper 1 sept 2016 Q2,cdp,low,exact_duplicate_auto_dropped,"q_hi,q_en,a_hi,source",The raw CSV repeats an earlier build fingerprint; tools/build.py silently drops this row.,Remove/consolidate the raw duplicate and merge useful provenance.,q_ctet.csv:530
5681,CTET Paper 1 sept 2016 Q4,cdp,low,exact_duplicate_auto_dropped,"q_hi,q_en,a_hi,source",The raw CSV repeats an earlier build fingerprint; tools/build.py silently drops this row.,Remove/consolidate the raw duplicate and merge useful provenance.,q_ctet.csv:1039
5683,CTET Paper 1 sept 2016 Q6,cdp,high,english_option_truncated,"a_en,b_en,c_en,d_en",One or more English options end in ‘...’ and omit substantive distinguishing text.,Restore complete option translations and check that all four remain distinct.,
5684,CTET Paper 1 sept 2016 Q7,cdp,low,exact_duplicate_auto_dropped,"q_hi,q_en,a_hi,source",The raw CSV repeats an earlier build fingerprint; tools/build.py silently drops this row.,Remove/consolidate the raw duplicate and merge useful provenance.,q_ctet.csv:529
5687,CTET Paper 1 sept 2016 Q10,cdp,low,exact_duplicate_auto_dropped,"q_hi,q_en,a_hi,source",The raw CSV repeats an earlier build fingerprint; tools/build.py silently drops this row.,Remove/consolidate the raw duplicate and merge useful provenance.,q_ctet.csv:534
5688,CTET Paper 1 sept 2016 Q11,cdp,high,english_stem_truncated,q_en,"English is an ellipsis-based summary that omits statements, values, conditions, or the actual task present in Hindi.",Provide a complete faithful English translation or leave English unavailable rather than serving an incomplete item.,
5689,CTET Paper 1 sept 2016 Q12,cdp,low,exact_duplicate_auto_dropped,"q_hi,q_en,a_hi,source",The raw CSV repeats an earlier build fingerprint; tools/build.py silently drops this row.,Remove/consolidate the raw duplicate and merge useful provenance.,q_ctet.csv:821
5690,CTET Paper 1 sept 2016 Q13,cdp,low,exact_duplicate_auto_dropped,"q_hi,q_en,a_hi,source",The raw CSV repeats an earlier build fingerprint; tools/build.py silently drops this row.,Remove/consolidate the raw duplicate and merge useful provenance.,q_ctet.csv:933
5695,CTET Paper 1 sept 2016 Q18,cdp,low,exact_duplicate_auto_dropped,"q_hi,q_en,a_hi,source",The raw CSV repeats an earlier build fingerprint; tools/build.py silently drops this row.,Remove/consolidate the raw duplicate and merge useful provenance.,q_ctet.csv:997
5696,CTET Paper 1 sept 2016 Q19,cdp,low,exact_duplicate_auto_dropped,"q_hi,q_en,a_hi,source",The raw CSV repeats an earlier build fingerprint; tools/build.py silently drops this row.,Remove/consolidate the raw duplicate and merge useful provenance.,q_ctet.csv:178
5697,CTET Paper 1 sept 2016 Q20,cdp,medium,duplicate_survives_build,"q_hi,a_hi,b_hi,c_hi,d_hi,source",Same normalized Hindi stem and option set survives because option order or formatting defeats the current fingerprint.,Consolidate the pair and make deduplication order-insensitive while preserving the correct answer mapping.,q_ctet.csv:334
5700,CTET Paper 1 sept 2016 Q23,cdp,low,exact_duplicate_auto_dropped,"q_hi,q_en,a_hi,source",The raw CSV repeats an earlier build fingerprint; tools/build.py silently drops this row.,Remove/consolidate the raw duplicate and merge useful provenance.,q_ctet.csv:486
5701,CTET Paper 1 sept 2016 Q24,cdp,low,exact_duplicate_auto_dropped,"q_hi,q_en,a_hi,source",The raw CSV repeats an earlier build fingerprint; tools/build.py silently drops this row.,Remove/consolidate the raw duplicate and merge useful provenance.,q_ctet.csv:1041
5702,CTET Paper 1 sept 2016 Q25,cdp,low,exact_duplicate_auto_dropped,"q_hi,q_en,a_hi,source",The raw CSV repeats an earlier build fingerprint; tools/build.py silently drops this row.,Remove/consolidate the raw duplicate and merge useful provenance.,q_ctet.csv:886
5704,CTET Paper 1 sept 2016 Q27,cdp,low,exact_duplicate_auto_dropped,"q_hi,q_en,a_hi,source",The raw CSV repeats an earlier build fingerprint; tools/build.py silently drops this row.,Remove/consolidate the raw duplicate and merge useful provenance.,q_ctet.csv:599
5706,CTET Paper 1 sept 2016 Q29,cdp,low,exact_duplicate_auto_dropped,"q_hi,q_en,a_hi,source",The raw CSV repeats an earlier build fingerprint; tools/build.py silently drops this row.,Remove/consolidate the raw duplicate and merge useful provenance.,q_ctet.csv:492
5708,CTET Paper 1 sept 2016 Q31,math,high,english_option_truncated,"a_en,b_en,c_en,d_en",One or more English options end in ‘...’ and omit substantive distinguishing text.,Restore complete option translations and check that all four remain distinct.,
5709,CTET Paper 1 sept 2016 Q32,math,high,english_option_truncated,"a_en,b_en,c_en,d_en",One or more English options end in ‘...’ and omit substantive distinguishing text.,Restore complete option translations and check that all four remain distinct.,
5710,CTET Paper 1 sept 2016 Q33,math,high,english_option_truncated,"a_en,b_en,c_en,d_en",One or more English options end in ‘...’ and omit substantive distinguishing text.,Restore complete option translations and check that all four remain distinct.,
5711,CTET Paper 1 sept 2016 Q34,math,high,english_option_truncated,"a_en,b_en,c_en,d_en",One or more English options end in ‘...’ and omit substantive distinguishing text.,Restore complete option translations and check that all four remain distinct.,
5712,CTET Paper 1 sept 2016 Q35,math,high,english_option_truncated,"a_en,b_en,c_en,d_en",One or more English options end in ‘...’ and omit substantive distinguishing text.,Restore complete option translations and check that all four remain distinct.,
5713,CTET Paper 1 sept 2016 Q36,math,high,english_stem_truncated,q_en,"English is an ellipsis-based summary that omits statements, values, conditions, or the actual task present in Hindi.",Provide a complete faithful English translation or leave English unavailable rather than serving an incomplete item.,
5715,CTET Paper 1 sept 2016 Q38,math,high,english_option_truncated,"a_en,b_en,c_en,d_en",One or more English options end in ‘...’ and omit substantive distinguishing text.,Restore complete option translations and check that all four remain distinct.,
5717,CTET Paper 1 sept 2016 Q40,math,high,english_stem_truncated,q_en,"English is an ellipsis-based summary that omits statements, values, conditions, or the actual task present in Hindi.",Provide a complete faithful English translation or leave English unavailable rather than serving an incomplete item.,
5719,CTET Paper 1 sept 2016 Q42,math,high,english_option_truncated,"a_en,b_en,c_en,d_en",One or more English options end in ‘...’ and omit substantive distinguishing text.,Restore complete option translations and check that all four remain distinct.,
5723,CTET Paper 1 sept 2016 Q54,math,critical,math_expression_lost,"q_hi,q_en",Hindi flattens mixed fractions (including 4 1/2 and 1 3/4); English is truncated.,Restore the original expression with unambiguous Unicode or LaTeX-style serialization and revalidate the key.,
5723,CTET Paper 1 sept 2016 Q54,math,high,english_stem_truncated,q_en,"English is an ellipsis-based summary that omits statements, values, conditions, or the actual task present in Hindi.",Provide a complete faithful English translation or leave English unavailable rather than serving an incomplete item.,
5724,CTET Paper 1 sept 2016 Q56,math,high,english_option_truncated,"a_en,b_en,c_en,d_en",One or more English options end in ‘...’ and omit substantive distinguishing text.,Restore complete option translations and check that all four remain distinct.,
5725,CTET Paper 1 sept 2016 Q57,math,high,english_option_truncated,"a_en,b_en,c_en,d_en",One or more English options end in ‘...’ and omit substantive distinguishing text.,Restore complete option translations and check that all four remain distinct.,
5729,CTET Paper 1 sept 2016 Q61,evs,low,exact_duplicate_auto_dropped,"q_hi,q_en,a_hi,source",The raw CSV repeats an earlier build fingerprint; tools/build.py silently drops this row.,Remove/consolidate the raw duplicate and merge useful provenance.,q_ctet.csv:1221
5730,CTET Paper 1 sept 2016 Q62,evs,high,english_stem_truncated,q_en,"English is an ellipsis-based summary that omits statements, values, conditions, or the actual task present in Hindi.",Provide a complete faithful English translation or leave English unavailable rather than serving an incomplete item.,
5731,CTET Paper 1 sept 2016 Q63,evs,high,english_option_truncated,"a_en,b_en,c_en,d_en",One or more English options end in ‘...’ and omit substantive distinguishing text.,Restore complete option translations and check that all four remain distinct.,
5732,CTET Paper 1 sept 2016 Q64,evs,high,english_option_truncated,"a_en,b_en,c_en,d_en",One or more English options end in ‘...’ and omit substantive distinguishing text.,Restore complete option translations and check that all four remain distinct.,
5732,CTET Paper 1 sept 2016 Q64,evs,low,exact_duplicate_auto_dropped,"q_hi,q_en,a_hi,source",The raw CSV repeats an earlier build fingerprint; tools/build.py silently drops this row.,Remove/consolidate the raw duplicate and merge useful provenance.,q_ctet.csv:1124
5734,CTET Paper 1 sept 2016 Q66,evs,critical,stem_option_code_merged,"q_hi,a_hi,b_hi,c_hi,d_hi,q_en,a_en,b_en,c_en,d_en","Statements/activities and answer-code choices have been fused into the same option fields, omitted, or split across languages; the item is not reliably answerable as stored.",Reconstruct statement labels and four answer-code options from the original paper in both languages.,
5734,CTET Paper 1 sept 2016 Q66,evs,low,exact_duplicate_auto_dropped,"q_hi,q_en,a_hi,source",The raw CSV repeats an earlier build fingerprint; tools/build.py silently drops this row.,Remove/consolidate the raw duplicate and merge useful provenance.,q_ctet.csv:1641
5735,CTET Paper 1 sept 2016 Q67,evs,high,english_stem_truncated,q_en,"English is an ellipsis-based summary that omits statements, values, conditions, or the actual task present in Hindi.",Provide a complete faithful English translation or leave English unavailable rather than serving an incomplete item.,
5735,CTET Paper 1 sept 2016 Q67,evs,low,exact_duplicate_auto_dropped,"q_hi,q_en,a_hi,source",The raw CSV repeats an earlier build fingerprint; tools/build.py silently drops this row.,Remove/consolidate the raw duplicate and merge useful provenance.,q_ctet.csv:1642
5736,CTET Paper 1 sept 2016 Q68,evs,low,exact_duplicate_auto_dropped,"q_hi,q_en,a_hi,source",The raw CSV repeats an earlier build fingerprint; tools/build.py silently drops this row.,Remove/consolidate the raw duplicate and merge useful provenance.,q_ctet.csv:1643
5737,CTET Paper 1 sept 2016 Q69,evs,low,exact_duplicate_auto_dropped,"q_hi,q_en,a_hi,source",The raw CSV repeats an earlier build fingerprint; tools/build.py silently drops this row.,Remove/consolidate the raw duplicate and merge useful provenance.,q_ctet.csv:1731
5739,CTET Paper 1 sept 2016 Q71,evs,low,exact_duplicate_auto_dropped,"q_hi,q_en,a_hi,source",The raw CSV repeats an earlier build fingerprint; tools/build.py silently drops this row.,Remove/consolidate the raw duplicate and merge useful provenance.,q_ctet.csv:1751
5740,CTET Paper 1 sept 2016 Q72,evs,low,exact_duplicate_auto_dropped,"q_hi,q_en,a_hi,source",The raw CSV repeats an earlier build fingerprint; tools/build.py silently drops this row.,Remove/consolidate the raw duplicate and merge useful provenance.,q_ctet.csv:1732
5741,CTET Paper 1 sept 2016 Q73,evs,low,exact_duplicate_auto_dropped,"q_hi,q_en,a_hi,source",The raw CSV repeats an earlier build fingerprint; tools/build.py silently drops this row.,Remove/consolidate the raw duplicate and merge useful provenance.,q_ctet.csv:1640
5742,CTET Paper 1 sept 2016 Q74,evs,low,exact_duplicate_auto_dropped,"q_hi,q_en,a_hi,source",The raw CSV repeats an earlier build fingerprint; tools/build.py silently drops this row.,Remove/consolidate the raw duplicate and merge useful provenance.,q_ctet.csv:1611
5743,CTET Paper 1 sept 2016 Q75,evs,low,exact_duplicate_auto_dropped,"q_hi,q_en,a_hi,source",The raw CSV repeats an earlier build fingerprint; tools/build.py silently drops this row.,Remove/consolidate the raw duplicate and merge useful provenance.,q_ctet.csv:1639
5744,CTET Paper 1 sept 2016 Q76,evs,low,exact_duplicate_auto_dropped,"q_hi,q_en,a_hi,source",The raw CSV repeats an earlier build fingerprint; tools/build.py silently drops this row.,Remove/consolidate the raw duplicate and merge useful provenance.,q_ctet.csv:1628
5745,CTET Paper 1 sept 2016 Q77,evs,high,english_stem_truncated,q_en,"English is an ellipsis-based summary that omits statements, values, conditions, or the actual task present in Hindi.",Provide a complete faithful English translation or leave English unavailable rather than serving an incomplete item.,
5745,CTET Paper 1 sept 2016 Q77,evs,low,exact_duplicate_auto_dropped,"q_hi,q_en,a_hi,source",The raw CSV repeats an earlier build fingerprint; tools/build.py silently drops this row.,Remove/consolidate the raw duplicate and merge useful provenance.,q_ctet.csv:1524
5746,CTET Paper 1 sept 2016 Q78,evs,high,english_option_truncated,"a_en,b_en,c_en,d_en",One or more English options end in ‘...’ and omit substantive distinguishing text.,Restore complete option translations and check that all four remain distinct.,
5749,CTET Paper 1 sept 2016 Q81,evs,high,english_option_truncated,"a_en,b_en,c_en,d_en",One or more English options end in ‘...’ and omit substantive distinguishing text.,Restore complete option translations and check that all four remain distinct.,
5752,CTET Paper 1 sept 2016 Q84,evs,high,english_stem_truncated,q_en,"English is an ellipsis-based summary that omits statements, values, conditions, or the actual task present in Hindi.",Provide a complete faithful English translation or leave English unavailable rather than serving an incomplete item.,
5753,CTET Paper 1 sept 2016 Q85,evs,high,english_option_truncated,"a_en,b_en,c_en,d_en",One or more English options end in ‘...’ and omit substantive distinguishing text.,Restore complete option translations and check that all four remain distinct.,
5754,CTET Paper 1 sept 2016 Q86,evs,low,exact_duplicate_auto_dropped,"q_hi,q_en,a_hi,source",The raw CSV repeats an earlier build fingerprint; tools/build.py silently drops this row.,Remove/consolidate the raw duplicate and merge useful provenance.,q_ctet.csv:1222
5755,CTET Paper 1 sept 2016 Q87,evs,low,exact_duplicate_auto_dropped,"q_hi,q_en,a_hi,source",The raw CSV repeats an earlier build fingerprint; tools/build.py silently drops this row.,Remove/consolidate the raw duplicate and merge useful provenance.,q_ctet.csv:1146
5757,CTET Paper 1 sept 2016 Q89,evs,low,exact_duplicate_auto_dropped,"q_hi,q_en,a_hi,source",The raw CSV repeats an earlier build fingerprint; tools/build.py silently drops this row.,Remove/consolidate the raw duplicate and merge useful provenance.,q_ctet.csv:1191
5758,CTET Paper 1 sept 2016 Q90,evs,low,exact_duplicate_auto_dropped,"q_hi,q_en,a_hi,source",The raw CSV repeats an earlier build fingerprint; tools/build.py silently drops this row.,Remove/consolidate the raw duplicate and merge useful provenance.,q_ctet.csv:1223
5794,CTET Paper 1 sept 2016 Q127,english,high,missing_underlining_target,"q_hi,q_en","The question asks about an underlined word/expression, but plain text does not identify which token was underlined.","Recover the target from an original scan and encode it explicitly (for example, with a target span or quoted target field).",
5818,CTET Paper 1 September 2014 Q1,cdp,low,exact_duplicate_auto_dropped,"q_hi,q_en,a_hi,source",The raw CSV repeats an earlier build fingerprint; tools/build.py silently drops this row.,Remove/consolidate the raw duplicate and merge useful provenance.,q_ctet.csv:260
5819,CTET Paper 1 September 2014 Q2,cdp,low,exact_duplicate_auto_dropped,"q_hi,q_en,a_hi,source",The raw CSV repeats an earlier build fingerprint; tools/build.py silently drops this row.,Remove/consolidate the raw duplicate and merge useful provenance.,q_ctet.csv:838
5820,CTET Paper 1 September 2014 Q3,cdp,high,english_option_truncated,"a_en,b_en,c_en,d_en",One or more English options end in ‘...’ and omit substantive distinguishing text.,Restore complete option translations and check that all four remain distinct.,
5822,CTET Paper 1 September 2014 Q5,cdp,low,exact_duplicate_auto_dropped,"q_hi,q_en,a_hi,source",The raw CSV repeats an earlier build fingerprint; tools/build.py silently drops this row.,Remove/consolidate the raw duplicate and merge useful provenance.,q_ctet.csv:366
5824,CTET Paper 1 September 2014 Q7,cdp,low,exact_duplicate_auto_dropped,"q_hi,q_en,a_hi,source",The raw CSV repeats an earlier build fingerprint; tools/build.py silently drops this row.,Remove/consolidate the raw duplicate and merge useful provenance.,q_ctet.csv:313
5826,CTET Paper 1 September 2014 Q9,cdp,medium,option_metadata_leak,"a_hi,b_hi,c_hi,d_hi",Exam date and/or shift metadata is appended to one answer option.,Move provenance to source/years and remove it from the option text.,
5826,CTET Paper 1 September 2014 Q9,cdp,low,exact_duplicate_auto_dropped,"q_hi,q_en,a_hi,source",The raw CSV repeats an earlier build fingerprint; tools/build.py silently drops this row.,Remove/consolidate the raw duplicate and merge useful provenance.,q_ctet.csv:397
5830,CTET Paper 1 September 2014 Q13,cdp,low,exact_duplicate_auto_dropped,"q_hi,q_en,a_hi,source",The raw CSV repeats an earlier build fingerprint; tools/build.py silently drops this row.,Remove/consolidate the raw duplicate and merge useful provenance.,q_ctet.csv:727
5831,CTET Paper 1 September 2014 Q14,cdp,low,exact_duplicate_auto_dropped,"q_hi,q_en,a_hi,source",The raw CSV repeats an earlier build fingerprint; tools/build.py silently drops this row.,Remove/consolidate the raw duplicate and merge useful provenance.,q_ctet.csv:935
5835,CTET Paper 1 September 2014 Q18,cdp,low,exact_duplicate_auto_dropped,"q_hi,q_en,a_hi,source",The raw CSV repeats an earlier build fingerprint; tools/build.py silently drops this row.,Remove/consolidate the raw duplicate and merge useful provenance.,q_ctet.csv:966
5837,CTET Paper 1 September 2014 Q20,cdp,low,exact_duplicate_auto_dropped,"q_hi,q_en,a_hi,source",The raw CSV repeats an earlier build fingerprint; tools/build.py silently drops this row.,Remove/consolidate the raw duplicate and merge useful provenance.,q_ctet.csv:467
5838,CTET Paper 1 September 2014 Q21,cdp,low,exact_duplicate_auto_dropped,"q_hi,q_en,a_hi,source",The raw CSV repeats an earlier build fingerprint; tools/build.py silently drops this row.,Remove/consolidate the raw duplicate and merge useful provenance.,q_ctet.csv:488
5839,CTET Paper 1 September 2014 Q22,cdp,high,english_option_truncated,"a_en,b_en,c_en,d_en",One or more English options end in ‘...’ and omit substantive distinguishing text.,Restore complete option translations and check that all four remain distinct.,
5840,CTET Paper 1 September 2014 Q23,cdp,low,exact_duplicate_auto_dropped,"q_hi,q_en,a_hi,source",The raw CSV repeats an earlier build fingerprint; tools/build.py silently drops this row.,Remove/consolidate the raw duplicate and merge useful provenance.,q_ctet.csv:748
5841,CTET Paper 1 September 2014 Q24,cdp,low,exact_duplicate_auto_dropped,"q_hi,q_en,a_hi,source",The raw CSV repeats an earlier build fingerprint; tools/build.py silently drops this row.,Remove/consolidate the raw duplicate and merge useful provenance.,q_ctet.csv:647
5842,CTET Paper 1 September 2014 Q25,cdp,low,exact_duplicate_auto_dropped,"q_hi,q_en,a_hi,source",The raw CSV repeats an earlier build fingerprint; tools/build.py silently drops this row.,Remove/consolidate the raw duplicate and merge useful provenance.,q_ctet.csv:468
5843,CTET Paper 1 September 2014 Q26,cdp,high,english_option_truncated,"a_en,b_en,c_en,d_en",One or more English options end in ‘...’ and omit substantive distinguishing text.,Restore complete option translations and check that all four remain distinct.,
5843,CTET Paper 1 September 2014 Q26,cdp,low,exact_duplicate_auto_dropped,"q_hi,q_en,a_hi,source",The raw CSV repeats an earlier build fingerprint; tools/build.py silently drops this row.,Remove/consolidate the raw duplicate and merge useful provenance.,q_ctet.csv:837
5844,CTET Paper 1 September 2014 Q27,cdp,low,exact_duplicate_auto_dropped,"q_hi,q_en,a_hi,source",The raw CSV repeats an earlier build fingerprint; tools/build.py silently drops this row.,Remove/consolidate the raw duplicate and merge useful provenance.,q_ctet.csv:420
5845,CTET Paper 1 September 2014 Q28,cdp,low,exact_duplicate_auto_dropped,"q_hi,q_en,a_hi,source",The raw CSV repeats an earlier build fingerprint; tools/build.py silently drops this row.,Remove/consolidate the raw duplicate and merge useful provenance.,q_ctet.csv:429
5846,CTET Paper 1 September 2014 Q29,cdp,low,exact_duplicate_auto_dropped,"q_hi,q_en,a_hi,source",The raw CSV repeats an earlier build fingerprint; tools/build.py silently drops this row.,Remove/consolidate the raw duplicate and merge useful provenance.,q_ctet.csv:352
5847,CTET Paper 1 September 2014 Q30,cdp,low,exact_duplicate_auto_dropped,"q_hi,q_en,a_hi,source",The raw CSV repeats an earlier build fingerprint; tools/build.py silently drops this row.,Remove/consolidate the raw duplicate and merge useful provenance.,q_ctet.csv:552
5849,CTET Paper 1 September 2014 Q32,math,high,english_option_truncated,"a_en,b_en,c_en,d_en",One or more English options end in ‘...’ and omit substantive distinguishing text.,Restore complete option translations and check that all four remain distinct.,
5854,CTET Paper 1 September 2014 Q37,math,high,english_option_truncated,"a_en,b_en,c_en,d_en",One or more English options end in ‘...’ and omit substantive distinguishing text.,Restore complete option translations and check that all four remain distinct.,
5855,CTET Paper 1 September 2014 Q38,math,critical,missing_visual_stimulus,"q_hi,q_en","The square-paper grid is absent. The CSV schema has no media reference, and no Markdown image asset exists upstream.","Restore the original figure and add a supported media/alt-text representation, or remove the item.",
5858,CTET Paper 1 September 2014 Q41,math,high,english_option_truncated,"a_en,b_en,c_en,d_en",One or more English options end in ‘...’ and omit substantive distinguishing text.,Restore complete option translations and check that all four remain distinct.,
5860,CTET Paper 1 September 2014 Q43,math,critical,missing_visual_stimulus,"q_hi,q_en","The shape cards are absent. The CSV schema has no media reference, and no Markdown image asset exists upstream.","Restore the original figure and add a supported media/alt-text representation, or remove the item.",
5861,CTET Paper 1 September 2014 Q44,math,high,english_option_truncated,"a_en,b_en,c_en,d_en",One or more English options end in ‘...’ and omit substantive distinguishing text.,Restore complete option translations and check that all four remain distinct.,
5864,CTET Paper 1 September 2014 Q47,math,high,english_stem_truncated,q_en,"English is an ellipsis-based summary that omits statements, values, conditions, or the actual task present in Hindi.",Provide a complete faithful English translation or leave English unavailable rather than serving an incomplete item.,
5866,CTET Paper 1 September 2014 Q49,math,high,english_stem_truncated,q_en,"English is an ellipsis-based summary that omits statements, values, conditions, or the actual task present in Hindi.",Provide a complete faithful English translation or leave English unavailable rather than serving an incomplete item.,
5866,CTET Paper 1 September 2014 Q49,math,high,math_expression_lost,"q_hi,q_en",Hindi flattens 4 1/2 hours; English is shortened and omits later data.,Restore the original expression with unambiguous Unicode or LaTeX-style serialization and revalidate the key.,
5869,CTET Paper 1 September 2014 Q52,math,high,duplicate_or_lost_option,"a_hi,b_hi,c_hi,d_hi,a_en,b_en,c_en,d_en",English options b and c are both 262.6; Hindi c is 26.026.,Restore distinct complete options from the source and revalidate the answer index.,
5873,CTET Paper 1 September 2014 Q57,math,critical,math_expression_lost,"q_hi,q_en",The dividend’s fractional part is lost; displayed 3 ÷ 1/6 conflicts with the stored answer.,Restore the original expression with unambiguous Unicode or LaTeX-style serialization and revalidate the key.,
5875,CTET Paper 1 September 2014 Q59,math,high,english_option_truncated,"a_en,b_en,c_en,d_en",One or more English options end in ‘...’ and omit substantive distinguishing text.,Restore complete option translations and check that all four remain distinct.,
5877,CTET Paper 1 September 2014 Q61,evs,low,exact_duplicate_auto_dropped,"q_hi,q_en,a_hi,source",The raw CSV repeats an earlier build fingerprint; tools/build.py silently drops this row.,Remove/consolidate the raw duplicate and merge useful provenance.,q_ctet.csv:1598
5878,CTET Paper 1 September 2014 Q62,evs,low,exact_duplicate_auto_dropped,"q_hi,q_en,a_hi,source",The raw CSV repeats an earlier build fingerprint; tools/build.py silently drops this row.,Remove/consolidate the raw duplicate and merge useful provenance.,q_ctet.csv:1729
5879,CTET Paper 1 September 2014 Q63,evs,low,exact_duplicate_auto_dropped,"q_hi,q_en,a_hi,source",The raw CSV repeats an earlier build fingerprint; tools/build.py silently drops this row.,Remove/consolidate the raw duplicate and merge useful provenance.,q_ctet.csv:1636
5881,CTET Paper 1 September 2014 Q65,evs,low,exact_duplicate_auto_dropped,"q_hi,q_en,a_hi,source",The raw CSV repeats an earlier build fingerprint; tools/build.py silently drops this row.,Remove/consolidate the raw duplicate and merge useful provenance.,q_ctet.csv:1769
5882,CTET Paper 1 September 2014 Q66,evs,high,english_option_truncated,"a_en,b_en,c_en,d_en",One or more English options end in ‘...’ and omit substantive distinguishing text.,Restore complete option translations and check that all four remain distinct.,
5883,CTET Paper 1 September 2014 Q67,evs,low,exact_duplicate_auto_dropped,"q_hi,q_en,a_hi,source",The raw CSV repeats an earlier build fingerprint; tools/build.py silently drops this row.,Remove/consolidate the raw duplicate and merge useful provenance.,q_ctet.csv:1575
5884,CTET Paper 1 September 2014 Q68,evs,high,english_option_truncated,"a_en,b_en,c_en,d_en",One or more English options end in ‘...’ and omit substantive distinguishing text.,Restore complete option translations and check that all four remain distinct.,
5885,CTET Paper 1 September 2014 Q69,evs,low,exact_duplicate_auto_dropped,"q_hi,q_en,a_hi,source",The raw CSV repeats an earlier build fingerprint; tools/build.py silently drops this row.,Remove/consolidate the raw duplicate and merge useful provenance.,q_ctet.csv:1576
5887,CTET Paper 1 September 2014 Q71,evs,low,exact_duplicate_auto_dropped,"q_hi,q_en,a_hi,source",The raw CSV repeats an earlier build fingerprint; tools/build.py silently drops this row.,Remove/consolidate the raw duplicate and merge useful provenance.,q_ctet.csv:1150
5888,CTET Paper 1 September 2014 Q72,evs,low,exact_duplicate_auto_dropped,"q_hi,q_en,a_hi,source",The raw CSV repeats an earlier build fingerprint; tools/build.py silently drops this row.,Remove/consolidate the raw duplicate and merge useful provenance.,q_ctet.csv:1367
5889,CTET Paper 1 September 2014 Q73,evs,low,exact_duplicate_auto_dropped,"q_hi,q_en,a_hi,source",The raw CSV repeats an earlier build fingerprint; tools/build.py silently drops this row.,Remove/consolidate the raw duplicate and merge useful provenance.,q_ctet.csv:1355
5892,CTET Paper 1 September 2014 Q76,evs,low,exact_duplicate_auto_dropped,"q_hi,q_en,a_hi,source",The raw CSV repeats an earlier build fingerprint; tools/build.py silently drops this row.,Remove/consolidate the raw duplicate and merge useful provenance.,q_ctet.csv:1745
5893,CTET Paper 1 September 2014 Q77,evs,low,exact_duplicate_auto_dropped,"q_hi,q_en,a_hi,source",The raw CSV repeats an earlier build fingerprint; tools/build.py silently drops this row.,Remove/consolidate the raw duplicate and merge useful provenance.,q_ctet.csv:1746
5894,CTET Paper 1 September 2014 Q78,evs,low,exact_duplicate_auto_dropped,"q_hi,q_en,a_hi,source",The raw CSV repeats an earlier build fingerprint; tools/build.py silently drops this row.,Remove/consolidate the raw duplicate and merge useful provenance.,q_ctet.csv:1197
5895,CTET Paper 1 September 2014 Q79,evs,high,english_option_truncated,"a_en,b_en,c_en,d_en",One or more English options end in ‘...’ and omit substantive distinguishing text.,Restore complete option translations and check that all four remain distinct.,
5896,CTET Paper 1 September 2014 Q80,evs,low,exact_duplicate_auto_dropped,"q_hi,q_en,a_hi,source",The raw CSV repeats an earlier build fingerprint; tools/build.py silently drops this row.,Remove/consolidate the raw duplicate and merge useful provenance.,q_ctet.csv:1228
5899,CTET Paper 1 September 2014 Q83,evs,low,exact_duplicate_auto_dropped,"q_hi,q_en,a_hi,source",The raw CSV repeats an earlier build fingerprint; tools/build.py silently drops this row.,Remove/consolidate the raw duplicate and merge useful provenance.,q_ctet.csv:1573
5900,CTET Paper 1 September 2014 Q84,evs,low,exact_duplicate_auto_dropped,"q_hi,q_en,a_hi,source",The raw CSV repeats an earlier build fingerprint; tools/build.py silently drops this row.,Remove/consolidate the raw duplicate and merge useful provenance.,q_ctet.csv:1574
5901,CTET Paper 1 September 2014 Q85,evs,high,english_stem_truncated,q_en,"English is an ellipsis-based summary that omits statements, values, conditions, or the actual task present in Hindi.",Provide a complete faithful English translation or leave English unavailable rather than serving an incomplete item.,
5901,CTET Paper 1 September 2014 Q85,evs,low,exact_duplicate_auto_dropped,"q_hi,q_en,a_hi,source",The raw CSV repeats an earlier build fingerprint; tools/build.py silently drops this row.,Remove/consolidate the raw duplicate and merge useful provenance.,q_ctet.csv:1744
5902,CTET Paper 1 September 2014 Q86,evs,high,english_option_truncated,"a_en,b_en,c_en,d_en",One or more English options end in ‘...’ and omit substantive distinguishing text.,Restore complete option translations and check that all four remain distinct.,
5902,CTET Paper 1 September 2014 Q86,evs,low,exact_duplicate_auto_dropped,"q_hi,q_en,a_hi,source",The raw CSV repeats an earlier build fingerprint; tools/build.py silently drops this row.,Remove/consolidate the raw duplicate and merge useful provenance.,q_ctet.csv:1229
5903,CTET Paper 1 September 2014 Q87,evs,low,exact_duplicate_auto_dropped,"q_hi,q_en,a_hi,source",The raw CSV repeats an earlier build fingerprint; tools/build.py silently drops this row.,Remove/consolidate the raw duplicate and merge useful provenance.,q_ctet.csv:1768
5905,CTET Paper 1 September 2014 Q89,evs,high,english_stem_truncated,q_en,"English is an ellipsis-based summary that omits statements, values, conditions, or the actual task present in Hindi.",Provide a complete faithful English translation or leave English unavailable rather than serving an incomplete item.,
5906,CTET Paper 1 September 2014 Q90,evs,low,exact_duplicate_auto_dropped,"q_hi,q_en,a_hi,source",The raw CSV repeats an earlier build fingerprint; tools/build.py silently drops this row.,Remove/consolidate the raw duplicate and merge useful provenance.,q_ctet.csv:1230
5945,CTET Paper 1 September 2014 Q129,english,high,scope_upper_primary_probable,"exams,q_hi,q_en",The stem explicitly targets upper-primary or Class VI/VII/VIII while the row is ctet1.,Review provenance; move to ctet2 unless the official Paper-I source is verified.,
5968,CTET Paper-1 January 2012 Q2,cdp,low,exact_duplicate_auto_dropped,"q_hi,q_en,a_hi,source",The raw CSV repeats an earlier build fingerprint; tools/build.py silently drops this row.,Remove/consolidate the raw duplicate and merge useful provenance.,q_ctet.csv:612
5969,CTET Paper-1 January 2012 Q3,cdp,low,exact_duplicate_auto_dropped,"q_hi,q_en,a_hi,source",The raw CSV repeats an earlier build fingerprint; tools/build.py silently drops this row.,Remove/consolidate the raw duplicate and merge useful provenance.,q_ctet.csv:394
5971,CTET Paper-1 January 2012 Q5,cdp,low,exact_duplicate_auto_dropped,"q_hi,q_en,a_hi,source",The raw CSV repeats an earlier build fingerprint; tools/build.py silently drops this row.,Remove/consolidate the raw duplicate and merge useful provenance.,q_ctet.csv:1027
5972,CTET Paper-1 January 2012 Q6,cdp,medium,duplicate_survives_build,"q_hi,a_hi,b_hi,c_hi,d_hi,source",Same normalized Hindi stem and option set survives because option order or formatting defeats the current fingerprint.,Consolidate the pair and make deduplication order-insensitive while preserving the correct answer mapping.,q_ctet.csv:596
5973,CTET Paper-1 January 2012 Q7,cdp,low,exact_duplicate_auto_dropped,"q_hi,q_en,a_hi,source",The raw CSV repeats an earlier build fingerprint; tools/build.py silently drops this row.,Remove/consolidate the raw duplicate and merge useful provenance.,q_ctet.csv:1026
5974,CTET Paper-1 January 2012 Q8,cdp,low,exact_duplicate_auto_dropped,"q_hi,q_en,a_hi,source",The raw CSV repeats an earlier build fingerprint; tools/build.py silently drops this row.,Remove/consolidate the raw duplicate and merge useful provenance.,q_ctet.csv:603
5978,CTET Paper-1 January 2012 Q12,cdp,high,english_option_truncated,"a_en,b_en,c_en,d_en",One or more English options end in ‘...’ and omit substantive distinguishing text.,Restore complete option translations and check that all four remain distinct.,
5978,CTET Paper-1 January 2012 Q12,cdp,low,exact_duplicate_auto_dropped,"q_hi,q_en,a_hi,source",The raw CSV repeats an earlier build fingerprint; tools/build.py silently drops this row.,Remove/consolidate the raw duplicate and merge useful provenance.,q_ctet.csv:149
5979,CTET Paper-1 January 2012 Q13,cdp,low,exact_duplicate_auto_dropped,"q_hi,q_en,a_hi,source",The raw CSV repeats an earlier build fingerprint; tools/build.py silently drops this row.,Remove/consolidate the raw duplicate and merge useful provenance.,q_ctet.csv:589
5981,CTET Paper-1 January 2012 Q15,cdp,low,exact_duplicate_auto_dropped,"q_hi,q_en,a_hi,source",The raw CSV repeats an earlier build fingerprint; tools/build.py silently drops this row.,Remove/consolidate the raw duplicate and merge useful provenance.,q_ctet.csv:314
5983,CTET Paper-1 January 2012 Q17,cdp,low,exact_duplicate_auto_dropped,"q_hi,q_en,a_hi,source",The raw CSV repeats an earlier build fingerprint; tools/build.py silently drops this row.,Remove/consolidate the raw duplicate and merge useful provenance.,q_ctet.csv:489
5985,CTET Paper-1 January 2012 Q19,cdp,low,exact_duplicate_auto_dropped,"q_hi,q_en,a_hi,source",The raw CSV repeats an earlier build fingerprint; tools/build.py silently drops this row.,Remove/consolidate the raw duplicate and merge useful provenance.,q_ctet.csv:588
5986,CTET Paper-1 January 2012 Q20,cdp,low,exact_duplicate_auto_dropped,"q_hi,q_en,a_hi,source",The raw CSV repeats an earlier build fingerprint; tools/build.py silently drops this row.,Remove/consolidate the raw duplicate and merge useful provenance.,q_ctet.csv:396
5987,CTET Paper-1 January 2012 Q21,cdp,low,exact_duplicate_auto_dropped,"q_hi,q_en,a_hi,source",The raw CSV repeats an earlier build fingerprint; tools/build.py silently drops this row.,Remove/consolidate the raw duplicate and merge useful provenance.,q_ctet.csv:1047
5988,CTET Paper-1 January 2012 Q22,cdp,low,exact_duplicate_auto_dropped,"q_hi,q_en,a_hi,source",The raw CSV repeats an earlier build fingerprint; tools/build.py silently drops this row.,Remove/consolidate the raw duplicate and merge useful provenance.,q_ctet.csv:843
5989,CTET Paper-1 January 2012 Q23,cdp,low,exact_duplicate_auto_dropped,"q_hi,q_en,a_hi,source",The raw CSV repeats an earlier build fingerprint; tools/build.py silently drops this row.,Remove/consolidate the raw duplicate and merge useful provenance.,q_ctet.csv:730
5992,CTET Paper-1 January 2012 Q26,cdp,low,exact_duplicate_auto_dropped,"q_hi,q_en,a_hi,source",The raw CSV repeats an earlier build fingerprint; tools/build.py silently drops this row.,Remove/consolidate the raw duplicate and merge useful provenance.,q_ctet.csv:174
5993,CTET Paper-1 January 2012 Q27,cdp,low,exact_duplicate_auto_dropped,"q_hi,q_en,a_hi,source",The raw CSV repeats an earlier build fingerprint; tools/build.py silently drops this row.,Remove/consolidate the raw duplicate and merge useful provenance.,q_ctet.csv:888
5994,CTET Paper-1 January 2012 Q28,cdp,low,exact_duplicate_auto_dropped,"q_hi,q_en,a_hi,source",The raw CSV repeats an earlier build fingerprint; tools/build.py silently drops this row.,Remove/consolidate the raw duplicate and merge useful provenance.,q_ctet.csv:395
5995,CTET Paper-1 January 2012 Q29,cdp,low,exact_duplicate_auto_dropped,"q_hi,q_en,a_hi,source",The raw CSV repeats an earlier build fingerprint; tools/build.py silently drops this row.,Remove/consolidate the raw duplicate and merge useful provenance.,q_ctet.csv:497
6004,CTET Paper-1 January 2012 Q38,math,critical,missing_visual_stimulus,"q_hi,q_en","The sample decimal-multiplication grid is absent. The CSV schema has no media reference, and no Markdown image asset exists upstream.","Restore the original figure and add a supported media/alt-text representation, or remove the item.",
6009,CTET Paper-1 January 2012 Q43,math,critical,missing_visual_stimulus,"q_hi,q_en","The cubical-block solid is absent. The CSV schema has no media reference, and no Markdown image asset exists upstream.","Restore the original figure and add a supported media/alt-text representation, or remove the item.",
6026,CTET Paper-1 January 2012 Q60,math,critical,math_expression_lost,"q_hi,q_en",The dividend 1/2 is flattened to 1; displayed 1 ÷ 1/8 conflicts with the stored answer.,Restore the original expression with unambiguous Unicode or LaTeX-style serialization and revalidate the key.,
6027,CTET Paper-1 January 2012 Q61,evs,low,exact_duplicate_auto_dropped,"q_hi,q_en,a_hi,source",The raw CSV repeats an earlier build fingerprint; tools/build.py silently drops this row.,Remove/consolidate the raw duplicate and merge useful provenance.,q_ctet.csv:1158
6029,CTET Paper-1 January 2012 Q63,evs,low,exact_duplicate_auto_dropped,"q_hi,q_en,a_hi,source",The raw CSV repeats an earlier build fingerprint; tools/build.py silently drops this row.,Remove/consolidate the raw duplicate and merge useful provenance.,q_ctet.csv:1740
6032,CTET Paper-1 January 2012 Q66,evs,low,exact_duplicate_auto_dropped,"q_hi,q_en,a_hi,source",The raw CSV repeats an earlier build fingerprint; tools/build.py silently drops this row.,Remove/consolidate the raw duplicate and merge useful provenance.,q_ctet.csv:1153
6037,CTET Paper-1 January 2012 Q71,evs,low,exact_duplicate_auto_dropped,"q_hi,q_en,a_hi,source",The raw CSV repeats an earlier build fingerprint; tools/build.py silently drops this row.,Remove/consolidate the raw duplicate and merge useful provenance.,q_ctet.csv:1237
6039,CTET Paper-1 January 2012 Q73,evs,critical,missing_visual_stimulus,"q_hi,q_en","The Venn diagram defining X is absent. The CSV schema has no media reference, and no Markdown image asset exists upstream.","Restore the original figure and add a supported media/alt-text representation, or remove the item.",
6046,CTET Paper-1 January 2012 Q80,evs,low,exact_duplicate_auto_dropped,"q_hi,q_en,a_hi,source",The raw CSV repeats an earlier build fingerprint; tools/build.py silently drops this row.,Remove/consolidate the raw duplicate and merge useful provenance.,q_ctet.csv:1154
6049,CTET Paper-1 January 2012 Q83,evs,low,exact_duplicate_auto_dropped,"q_hi,q_en,a_hi,source",The raw CSV repeats an earlier build fingerprint; tools/build.py silently drops this row.,Remove/consolidate the raw duplicate and merge useful provenance.,q_ctet.csv:1764
6050,CTET Paper-1 January 2012 Q84,evs,low,exact_duplicate_auto_dropped,"q_hi,q_en,a_hi,source",The raw CSV repeats an earlier build fingerprint; tools/build.py silently drops this row.,Remove/consolidate the raw duplicate and merge useful provenance.,q_ctet.csv:1659
6051,CTET Paper-1 January 2012 Q85,evs,low,exact_duplicate_auto_dropped,"q_hi,q_en,a_hi,source",The raw CSV repeats an earlier build fingerprint; tools/build.py silently drops this row.,Remove/consolidate the raw duplicate and merge useful provenance.,q_ctet.csv:1595
6052,CTET Paper-1 January 2012 Q86,evs,low,exact_duplicate_auto_dropped,"q_hi,q_en,a_hi,source",The raw CSV repeats an earlier build fingerprint; tools/build.py silently drops this row.,Remove/consolidate the raw duplicate and merge useful provenance.,q_ctet.csv:1738
6053,CTET Paper-1 January 2012 Q87,evs,low,exact_duplicate_auto_dropped,"q_hi,q_en,a_hi,source",The raw CSV repeats an earlier build fingerprint; tools/build.py silently drops this row.,Remove/consolidate the raw duplicate and merge useful provenance.,q_ctet.csv:1721
6055,CTET Paper-1 January 2012 Q89,evs,critical,stem_option_code_merged,"q_hi,a_hi,b_hi,c_hi,d_hi,q_en,a_en,b_en,c_en,d_en","Statements/activities and answer-code choices have been fused into the same option fields, omitted, or split across languages; the item is not reliably answerable as stored.",Reconstruct statement labels and four answer-code options from the original paper in both languages.,
6116,CTET Paper-1 june 2011 Q1,cdp,low,exact_duplicate_auto_dropped,"q_hi,q_en,a_hi,source",The raw CSV repeats an earlier build fingerprint; tools/build.py silently drops this row.,Remove/consolidate the raw duplicate and merge useful provenance.,q_ctet.csv:611
6117,CTET Paper-1 june 2011 Q2,cdp,low,exact_duplicate_auto_dropped,"q_hi,q_en,a_hi,source",The raw CSV repeats an earlier build fingerprint; tools/build.py silently drops this row.,Remove/consolidate the raw duplicate and merge useful provenance.,q_ctet.csv:523
6118,CTET Paper-1 june 2011 Q3,cdp,low,exact_duplicate_auto_dropped,"q_hi,q_en,a_hi,source",The raw CSV repeats an earlier build fingerprint; tools/build.py silently drops this row.,Remove/consolidate the raw duplicate and merge useful provenance.,q_ctet.csv:469
6119,CTET Paper-1 june 2011 Q4,cdp,low,exact_duplicate_auto_dropped,"q_hi,q_en,a_hi,source",The raw CSV repeats an earlier build fingerprint; tools/build.py silently drops this row.,Remove/consolidate the raw duplicate and merge useful provenance.,q_ctet.csv:890
6120,CTET Paper-1 june 2011 Q5,cdp,low,exact_duplicate_auto_dropped,"q_hi,q_en,a_hi,source",The raw CSV repeats an earlier build fingerprint; tools/build.py silently drops this row.,Remove/consolidate the raw duplicate and merge useful provenance.,q_ctet.csv:524
6121,CTET Paper-1 june 2011 Q6,cdp,low,exact_duplicate_auto_dropped,"q_hi,q_en,a_hi,source",The raw CSV repeats an earlier build fingerprint; tools/build.py silently drops this row.,Remove/consolidate the raw duplicate and merge useful provenance.,q_ctet.csv:353
6122,CTET Paper-1 june 2011 Q7,cdp,low,exact_duplicate_auto_dropped,"q_hi,q_en,a_hi,source",The raw CSV repeats an earlier build fingerprint; tools/build.py silently drops this row.,Remove/consolidate the raw duplicate and merge useful provenance.,q_ctet.csv:264
6126,CTET Paper-1 june 2011 Q11,cdp,low,exact_duplicate_auto_dropped,"q_hi,q_en,a_hi,source",The raw CSV repeats an earlier build fingerprint; tools/build.py silently drops this row.,Remove/consolidate the raw duplicate and merge useful provenance.,q_ctet.csv:970
6127,CTET Paper-1 june 2011 Q12,cdp,low,exact_duplicate_auto_dropped,"q_hi,q_en,a_hi,source",The raw CSV repeats an earlier build fingerprint; tools/build.py silently drops this row.,Remove/consolidate the raw duplicate and merge useful provenance.,q_ctet.csv:938
6130,CTET Paper-1 june 2011 Q15,cdp,low,exact_duplicate_auto_dropped,"q_hi,q_en,a_hi,source",The raw CSV repeats an earlier build fingerprint; tools/build.py silently drops this row.,Remove/consolidate the raw duplicate and merge useful provenance.,q_ctet.csv:470
6131,CTET Paper-1 june 2011 Q16,cdp,low,exact_duplicate_auto_dropped,"q_hi,q_en,a_hi,source",The raw CSV repeats an earlier build fingerprint; tools/build.py silently drops this row.,Remove/consolidate the raw duplicate and merge useful provenance.,q_ctet.csv:592
6132,CTET Paper-1 june 2011 Q17,cdp,low,exact_duplicate_auto_dropped,"q_hi,q_en,a_hi,source",The raw CSV repeats an earlier build fingerprint; tools/build.py silently drops this row.,Remove/consolidate the raw duplicate and merge useful provenance.,q_ctet.csv:1051
6133,CTET Paper-1 june 2011 Q18,cdp,medium,duplicate_survives_build,"q_hi,a_hi,b_hi,c_hi,d_hi,source",Same normalized Hindi stem and option set survives because option order or formatting defeats the current fingerprint.,Consolidate the pair and make deduplication order-insensitive while preserving the correct answer mapping.,q_ctet.csv:962
6134,CTET Paper-1 june 2011 Q19,cdp,low,exact_duplicate_auto_dropped,"q_hi,q_en,a_hi,source",The raw CSV repeats an earlier build fingerprint; tools/build.py silently drops this row.,Remove/consolidate the raw duplicate and merge useful provenance.,q_ctet.csv:590
6135,CTET Paper-1 june 2011 Q20,cdp,low,exact_duplicate_auto_dropped,"q_hi,q_en,a_hi,source",The raw CSV repeats an earlier build fingerprint; tools/build.py silently drops this row.,Remove/consolidate the raw duplicate and merge useful provenance.,q_ctet.csv:564
6136,CTET Paper-1 june 2011 Q21,cdp,low,exact_duplicate_auto_dropped,"q_hi,q_en,a_hi,source",The raw CSV repeats an earlier build fingerprint; tools/build.py silently drops this row.,Remove/consolidate the raw duplicate and merge useful provenance.,q_ctet.csv:408
6137,CTET Paper-1 june 2011 Q22,cdp,low,exact_duplicate_auto_dropped,"q_hi,q_en,a_hi,source",The raw CSV repeats an earlier build fingerprint; tools/build.py silently drops this row.,Remove/consolidate the raw duplicate and merge useful provenance.,q_ctet.csv:636
6139,CTET Paper-1 june 2011 Q24,cdp,low,exact_duplicate_auto_dropped,"q_hi,q_en,a_hi,source",The raw CSV repeats an earlier build fingerprint; tools/build.py silently drops this row.,Remove/consolidate the raw duplicate and merge useful provenance.,q_ctet.csv:749
6141,CTET Paper-1 june 2011 Q26,cdp,low,exact_duplicate_auto_dropped,"q_hi,q_en,a_hi,source",The raw CSV repeats an earlier build fingerprint; tools/build.py silently drops this row.,Remove/consolidate the raw duplicate and merge useful provenance.,q_ctet.csv:908
6143,CTET Paper-1 june 2011 Q28,cdp,low,exact_duplicate_auto_dropped,"q_hi,q_en,a_hi,source",The raw CSV repeats an earlier build fingerprint; tools/build.py silently drops this row.,Remove/consolidate the raw duplicate and merge useful provenance.,q_ctet.csv:449
6144,CTET Paper-1 june 2011 Q29,cdp,medium,duplicate_survives_build,"q_hi,a_hi,b_hi,c_hi,d_hi,source",Same normalized Hindi stem and option set survives because option order or formatting defeats the current fingerprint.,Consolidate the pair and make deduplication order-insensitive while preserving the correct answer mapping.,q_ctet.csv:316
6145,CTET Paper-1 june 2011 Q30,cdp,low,exact_duplicate_auto_dropped,"q_hi,q_en,a_hi,source",The raw CSV repeats an earlier build fingerprint; tools/build.py silently drops this row.,Remove/consolidate the raw duplicate and merge useful provenance.,q_ctet.csv:265
6147,CTET Paper-1 june 2011 Q33,math,critical,stem_option_code_merged,"q_hi,a_hi,b_hi,c_hi,d_hi,q_en,a_en,b_en,c_en,d_en","Statements/activities and answer-code choices have been fused into the same option fields, omitted, or split across languages; the item is not reliably answerable as stored.",Reconstruct statement labels and four answer-code options from the original paper in both languages.,
6154,CTET Paper-1 june 2011 Q41,math,critical,stem_option_code_merged,"q_hi,a_hi,b_hi,c_hi,d_hi,q_en,a_en,b_en,c_en,d_en","Statements/activities and answer-code choices have been fused into the same option fields, omitted, or split across languages; the item is not reliably answerable as stored.",Reconstruct statement labels and four answer-code options from the original paper in both languages.,
6160,CTET Paper-1 june 2011 Q48,math,high,math_expression_lost,"q_hi,q_en",Hindi fraction notation is flattened; English preserves 3/5 and 3/7.,Restore the original expression with unambiguous Unicode or LaTeX-style serialization and revalidate the key.,
6168,CTET Paper-1 june 2011 Q58,math,high,math_expression_lost,"q_hi,q_en",Hindi loses all fraction bars in the erroneous addition; English preserves 1/2 + 1/3 = 2/5.,Restore the original expression with unambiguous Unicode or LaTeX-style serialization and revalidate the key.,
6171,CTET Paper-1 june 2011 Q61,evs,low,exact_duplicate_auto_dropped,"q_hi,q_en,a_hi,source",The raw CSV repeats an earlier build fingerprint; tools/build.py silently drops this row.,Remove/consolidate the raw duplicate and merge useful provenance.,q_ctet.csv:1658
6172,CTET Paper-1 june 2011 Q62,evs,low,exact_duplicate_auto_dropped,"q_hi,q_en,a_hi,source",The raw CSV repeats an earlier build fingerprint; tools/build.py silently drops this row.,Remove/consolidate the raw duplicate and merge useful provenance.,q_ctet.csv:1523
6174,CTET Paper-1 june 2011 Q64,evs,low,exact_duplicate_auto_dropped,"q_hi,q_en,a_hi,source",The raw CSV repeats an earlier build fingerprint; tools/build.py silently drops this row.,Remove/consolidate the raw duplicate and merge useful provenance.,q_ctet.csv:1736
6175,CTET Paper-1 june 2011 Q65,evs,critical,missing_visual_stimulus,"q_hi,q_en","The two garbage heaps are absent. The CSV schema has no media reference, and no Markdown image asset exists upstream.","Restore the original figure and add a supported media/alt-text representation, or remove the item.",
6177,CTET Paper-1 june 2011 Q67,evs,low,exact_duplicate_auto_dropped,"q_hi,q_en,a_hi,source",The raw CSV repeats an earlier build fingerprint; tools/build.py silently drops this row.,Remove/consolidate the raw duplicate and merge useful provenance.,q_ctet.csv:1723
6178,CTET Paper-1 june 2011 Q68,evs,low,exact_duplicate_auto_dropped,"q_hi,q_en,a_hi,source",The raw CSV repeats an earlier build fingerprint; tools/build.py silently drops this row.,Remove/consolidate the raw duplicate and merge useful provenance.,q_ctet.csv:1737
6181,CTET Paper-1 june 2011 Q71,evs,low,exact_duplicate_auto_dropped,"q_hi,q_en,a_hi,source",The raw CSV repeats an earlier build fingerprint; tools/build.py silently drops this row.,Remove/consolidate the raw duplicate and merge useful provenance.,q_ctet.csv:1156
6183,CTET Paper-1 june 2011 Q73,evs,low,exact_duplicate_auto_dropped,"q_hi,q_en,a_hi,source",The raw CSV repeats an earlier build fingerprint; tools/build.py silently drops this row.,Remove/consolidate the raw duplicate and merge useful provenance.,q_ctet.csv:1522
6185,CTET Paper-1 june 2011 Q75,evs,low,exact_duplicate_auto_dropped,"q_hi,q_en,a_hi,source",The raw CSV repeats an earlier build fingerprint; tools/build.py silently drops this row.,Remove/consolidate the raw duplicate and merge useful provenance.,q_ctet.csv:1157
6186,CTET Paper-1 june 2011 Q76,evs,low,exact_duplicate_auto_dropped,"q_hi,q_en,a_hi,source",The raw CSV repeats an earlier build fingerprint; tools/build.py silently drops this row.,Remove/consolidate the raw duplicate and merge useful provenance.,q_ctet.csv:1199
6188,CTET Paper-1 june 2011 Q78,evs,low,exact_duplicate_auto_dropped,"q_hi,q_en,a_hi,source",The raw CSV repeats an earlier build fingerprint; tools/build.py silently drops this row.,Remove/consolidate the raw duplicate and merge useful provenance.,q_ctet.csv:1692
6189,CTET Paper-1 june 2011 Q79,evs,low,exact_duplicate_auto_dropped,"q_hi,q_en,a_hi,source",The raw CSV repeats an earlier build fingerprint; tools/build.py silently drops this row.,Remove/consolidate the raw duplicate and merge useful provenance.,q_ctet.csv:1539
6190,CTET Paper-1 june 2011 Q80,evs,low,exact_duplicate_auto_dropped,"q_hi,q_en,a_hi,source",The raw CSV repeats an earlier build fingerprint; tools/build.py silently drops this row.,Remove/consolidate the raw duplicate and merge useful provenance.,q_ctet.csv:1735
6191,CTET Paper-1 june 2011 Q81,evs,low,exact_duplicate_auto_dropped,"q_hi,q_en,a_hi,source",The raw CSV repeats an earlier build fingerprint; tools/build.py silently drops this row.,Remove/consolidate the raw duplicate and merge useful provenance.,q_ctet.csv:1724
6193,CTET Paper-1 june 2011 Q83,evs,low,exact_duplicate_auto_dropped,"q_hi,q_en,a_hi,source",The raw CSV repeats an earlier build fingerprint; tools/build.py silently drops this row.,Remove/consolidate the raw duplicate and merge useful provenance.,q_ctet.csv:1570
6194,CTET Paper-1 june 2011 Q84,evs,low,exact_duplicate_auto_dropped,"q_hi,q_en,a_hi,source",The raw CSV repeats an earlier build fingerprint; tools/build.py silently drops this row.,Remove/consolidate the raw duplicate and merge useful provenance.,q_ctet.csv:1691
6200,CTET Paper-1 june 2011 Q90,evs,low,exact_duplicate_auto_dropped,"q_hi,q_en,a_hi,source",The raw CSV repeats an earlier build fingerprint; tools/build.py silently drops this row.,Remove/consolidate the raw duplicate and merge useful provenance.,q_ctet.csv:1688
6263,CTET Paper-1 November 2012 Q3,cdp,low,exact_duplicate_auto_dropped,"q_hi,q_en,a_hi,source",The raw CSV repeats an earlier build fingerprint; tools/build.py silently drops this row.,Remove/consolidate the raw duplicate and merge useful provenance.,q_ctet.csv:726
6267,CTET Paper-1 November 2012 Q7,cdp,low,exact_duplicate_auto_dropped,"q_hi,q_en,a_hi,source",The raw CSV repeats an earlier build fingerprint; tools/build.py silently drops this row.,Remove/consolidate the raw duplicate and merge useful provenance.,q_ctet.csv:1030
6268,CTET Paper-1 November 2012 Q8,cdp,medium,option_metadata_leak,"a_hi,b_hi,c_hi,d_hi",Exam date and/or shift metadata is appended to one answer option.,Move provenance to source/years and remove it from the option text.,
6268,CTET Paper-1 November 2012 Q8,cdp,low,exact_duplicate_auto_dropped,"q_hi,q_en,a_hi,source",The raw CSV repeats an earlier build fingerprint; tools/build.py silently drops this row.,Remove/consolidate the raw duplicate and merge useful provenance.,q_ctet.csv:649
6270,CTET Paper-1 November 2012 Q10,cdp,low,exact_duplicate_auto_dropped,"q_hi,q_en,a_hi,source",The raw CSV repeats an earlier build fingerprint; tools/build.py silently drops this row.,Remove/consolidate the raw duplicate and merge useful provenance.,q_ctet.csv:747
6272,CTET Paper-1 November 2012 Q12,cdp,medium,duplicate_survives_build,"q_hi,a_hi,b_hi,c_hi,d_hi,source",Same normalized Hindi stem and option set survives because option order or formatting defeats the current fingerprint.,Consolidate the pair and make deduplication order-insensitive while preserving the correct answer mapping.,q_ctet.csv:217
6273,CTET Paper-1 November 2012 Q13,cdp,low,exact_duplicate_auto_dropped,"q_hi,q_en,a_hi,source",The raw CSV repeats an earlier build fingerprint; tools/build.py silently drops this row.,Remove/consolidate the raw duplicate and merge useful provenance.,q_ctet.csv:484
6276,CTET Paper-1 November 2012 Q16,cdp,low,exact_duplicate_auto_dropped,"q_hi,q_en,a_hi,source",The raw CSV repeats an earlier build fingerprint; tools/build.py silently drops this row.,Remove/consolidate the raw duplicate and merge useful provenance.,q_ctet.csv:443
6277,CTET Paper-1 November 2012 Q17,cdp,low,exact_duplicate_auto_dropped,"q_hi,q_en,a_hi,source",The raw CSV repeats an earlier build fingerprint; tools/build.py silently drops this row.,Remove/consolidate the raw duplicate and merge useful provenance.,q_ctet.csv:1025
6278,CTET Paper-1 November 2012 Q18,cdp,low,exact_duplicate_auto_dropped,"q_hi,q_en,a_hi,source",The raw CSV repeats an earlier build fingerprint; tools/build.py silently drops this row.,Remove/consolidate the raw duplicate and merge useful provenance.,q_ctet.csv:563
6279,CTET Paper-1 November 2012 Q19,cdp,low,exact_duplicate_auto_dropped,"q_hi,q_en,a_hi,source",The raw CSV repeats an earlier build fingerprint; tools/build.py silently drops this row.,Remove/consolidate the raw duplicate and merge useful provenance.,q_ctet.csv:587
6280,CTET Paper-1 November 2012 Q20,cdp,low,exact_duplicate_auto_dropped,"q_hi,q_en,a_hi,source",The raw CSV repeats an earlier build fingerprint; tools/build.py silently drops this row.,Remove/consolidate the raw duplicate and merge useful provenance.,q_ctet.csv:889
6286,CTET Paper-1 November 2012 Q26,cdp,low,exact_duplicate_auto_dropped,"q_hi,q_en,a_hi,source",The raw CSV repeats an earlier build fingerprint; tools/build.py silently drops this row.,Remove/consolidate the raw duplicate and merge useful provenance.,q_ctet.csv:746
6289,CTET Paper-1 November 2012 Q29,cdp,low,exact_duplicate_auto_dropped,"q_hi,q_en,a_hi,source",The raw CSV repeats an earlier build fingerprint; tools/build.py silently drops this row.,Remove/consolidate the raw duplicate and merge useful provenance.,q_ctet.csv:532
6298,CTET Paper-1 November 2012 Q39,math,critical,missing_visual_stimulus,"q_hi,q_en","The shaded square figure is absent and the Hindi stem is truncated. The CSV schema has no media reference, and no Markdown image asset exists upstream.","Restore the original figure and add a supported media/alt-text representation, or remove the item.",
6330,CTET Paper-1 November 2012 Q71,evs,critical,incomplete_table_or_data,"q_hi,q_en",The railway table omits the distance/day values needed to answer the distance part.,Restore the complete table/data from the original paper and verify all options and the key.,
6410,CTET paper1 Feb 2016 Q1,cdp,low,exact_duplicate_auto_dropped,"q_hi,q_en,a_hi,source",The raw CSV repeats an earlier build fingerprint; tools/build.py silently drops this row.,Remove/consolidate the raw duplicate and merge useful provenance.,q_ctet.csv:810
6411,CTET paper1 Feb 2016 Q2,cdp,low,exact_duplicate_auto_dropped,"q_hi,q_en,a_hi,source",The raw CSV repeats an earlier build fingerprint; tools/build.py silently drops this row.,Remove/consolidate the raw duplicate and merge useful provenance.,q_ctet.csv:565
6412,CTET paper1 Feb 2016 Q3,cdp,low,exact_duplicate_auto_dropped,"q_hi,q_en,a_hi,source",The raw CSV repeats an earlier build fingerprint; tools/build.py silently drops this row.,Remove/consolidate the raw duplicate and merge useful provenance.,q_ctet.csv:350
6416,CTET paper1 Feb 2016 Q7,cdp,medium,option_metadata_leak,"a_hi,b_hi,c_hi,d_hi",Exam date and/or shift metadata is appended to one answer option.,Move provenance to source/years and remove it from the option text.,
6418,CTET paper1 Feb 2016 Q9,cdp,low,exact_duplicate_auto_dropped,"q_hi,q_en,a_hi,source",The raw CSV repeats an earlier build fingerprint; tools/build.py silently drops this row.,Remove/consolidate the raw duplicate and merge useful provenance.,q_ctet.csv:887
6421,CTET paper1 Feb 2016 Q12,cdp,low,exact_duplicate_auto_dropped,"q_hi,q_en,a_hi,source",The raw CSV repeats an earlier build fingerprint; tools/build.py silently drops this row.,Remove/consolidate the raw duplicate and merge useful provenance.,q_ctet.csv:312
6422,CTET paper1 Feb 2016 Q13,cdp,low,exact_duplicate_auto_dropped,"q_hi,q_en,a_hi,source",The raw CSV repeats an earlier build fingerprint; tools/build.py silently drops this row.,Remove/consolidate the raw duplicate and merge useful provenance.,q_ctet.csv:367
6424,CTET paper1 Feb 2016 Q15,cdp,low,exact_duplicate_auto_dropped,"q_hi,q_en,a_hi,source",The raw CSV repeats an earlier build fingerprint; tools/build.py silently drops this row.,Remove/consolidate the raw duplicate and merge useful provenance.,q_ctet.csv:463
6426,CTET paper1 Feb 2016 Q17,cdp,low,exact_duplicate_auto_dropped,"q_hi,q_en,a_hi,source",The raw CSV repeats an earlier build fingerprint; tools/build.py silently drops this row.,Remove/consolidate the raw duplicate and merge useful provenance.,q_ctet.csv:471
6428,CTET paper1 Feb 2016 Q19,cdp,low,exact_duplicate_auto_dropped,"q_hi,q_en,a_hi,source",The raw CSV repeats an earlier build fingerprint; tools/build.py silently drops this row.,Remove/consolidate the raw duplicate and merge useful provenance.,q_ctet.csv:483
6429,CTET paper1 Feb 2016 Q20,cdp,low,exact_duplicate_auto_dropped,"q_hi,q_en,a_hi,source",The raw CSV repeats an earlier build fingerprint; tools/build.py silently drops this row.,Remove/consolidate the raw duplicate and merge useful provenance.,q_ctet.csv:1043
6430,CTET paper1 Feb 2016 Q21,cdp,medium,duplicate_survives_build,"q_hi,a_hi,b_hi,c_hi,d_hi,source",Same normalized Hindi stem and option set survives because option order or formatting defeats the current fingerprint.,Consolidate the pair and make deduplication order-insensitive while preserving the correct answer mapping.,q_ctet.csv:774
6436,CTET paper1 Feb 2016 Q28,cdp,critical,bilingual_semantic_mismatch,"q_hi,q_en,a_hi,b_hi,c_hi,d_hi,a_en,b_en,c_en,d_en",Hindi option c gives reversal errors and d gives ADHD-like behaviour; English c/d contain different propositions.,Re-translate from one verified canonical question and align option meanings and key across languages.,
6436,CTET paper1 Feb 2016 Q28,cdp,low,exact_duplicate_auto_dropped,"q_hi,q_en,a_hi,source",The raw CSV repeats an earlier build fingerprint; tools/build.py silently drops this row.,Remove/consolidate the raw duplicate and merge useful provenance.,q_ctet.csv:646
6452,CTET paper1 Feb 2016 Q52,math,high,math_expression_lost,"q_hi,q_en",Hindi flattens 1/2 cm; English is recoverable.,Restore the original expression with unambiguous Unicode or LaTeX-style serialization and revalidate the key.,
6459,CTET paper1 Feb 2016 Q62,evs,low,exact_duplicate_auto_dropped,"q_hi,q_en,a_hi,source",The raw CSV repeats an earlier build fingerprint; tools/build.py silently drops this row.,Remove/consolidate the raw duplicate and merge useful provenance.,q_ctet.csv:1685
6462,CTET paper1 Feb 2016 Q65,evs,high,english_stem_truncated,q_en,"English is an ellipsis-based summary that omits statements, values, conditions, or the actual task present in Hindi.",Provide a complete faithful English translation or leave English unavailable rather than serving an incomplete item.,
6462,CTET paper1 Feb 2016 Q65,evs,low,exact_duplicate_auto_dropped,"q_hi,q_en,a_hi,source",The raw CSV repeats an earlier build fingerprint; tools/build.py silently drops this row.,Remove/consolidate the raw duplicate and merge useful provenance.,q_ctet.csv:1701
6464,CTET paper1 Feb 2016 Q67,evs,low,exact_duplicate_auto_dropped,"q_hi,q_en,a_hi,source",The raw CSV repeats an earlier build fingerprint; tools/build.py silently drops this row.,Remove/consolidate the raw duplicate and merge useful provenance.,q_ctet.csv:1569
6467,CTET paper1 Feb 2016 Q70,evs,low,exact_duplicate_auto_dropped,"q_hi,q_en,a_hi,source",The raw CSV repeats an earlier build fingerprint; tools/build.py silently drops this row.,Remove/consolidate the raw duplicate and merge useful provenance.,q_ctet.csv:1683
6477,CTET paper1 Feb 2016 Q80,evs,low,exact_duplicate_auto_dropped,"q_hi,q_en,a_hi,source",The raw CSV repeats an earlier build fingerprint; tools/build.py silently drops this row.,Remove/consolidate the raw duplicate and merge useful provenance.,q_ctet.csv:1224
6481,CTET paper1 Feb 2016 Q84,evs,low,exact_duplicate_auto_dropped,"q_hi,q_en,a_hi,source",The raw CSV repeats an earlier build fingerprint; tools/build.py silently drops this row.,Remove/consolidate the raw duplicate and merge useful provenance.,q_ctet.csv:1192
6482,CTET paper1 Feb 2016 Q85,evs,low,exact_duplicate_auto_dropped,"q_hi,q_en,a_hi,source",The raw CSV repeats an earlier build fingerprint; tools/build.py silently drops this row.,Remove/consolidate the raw duplicate and merge useful provenance.,q_ctet.csv:1193
6484,CTET paper1 Feb 2016 Q87,evs,low,exact_duplicate_auto_dropped,"q_hi,q_en,a_hi,source",The raw CSV repeats an earlier build fingerprint; tools/build.py silently drops this row.,Remove/consolidate the raw duplicate and merge useful provenance.,q_ctet.csv:1145
6485,CTET paper1 Feb 2016 Q88,evs,low,exact_duplicate_auto_dropped,"q_hi,q_en,a_hi,source",The raw CSV repeats an earlier build fingerprint; tools/build.py silently drops this row.,Remove/consolidate the raw duplicate and merge useful provenance.,q_ctet.csv:1534
6486,CTET paper1 Feb 2016 Q89,evs,low,exact_duplicate_auto_dropped,"q_hi,q_en,a_hi,source",The raw CSV repeats an earlier build fingerprint; tools/build.py silently drops this row.,Remove/consolidate the raw duplicate and merge useful provenance.,q_ctet.csv:1548
6546,CTET paper1 Feb 2016 Q149,english,high,missing_underlining_target,"q_hi,q_en","The question asks about an underlined word/expression, but plain text does not identify which token was underlined.","Recover the target from an original scan and encode it explicitly (for example, with a target span or quoted target field).",
6547,CTET paper1 Feb 2016 Q150,english,high,english_option_truncated,"a_en,b_en,c_en,d_en",One or more English options end in ‘...’ and omit substantive distinguishing text.,Restore complete option translations and check that all four remain distinct.,
6548,CTET paper1 Sept 2015 Q1,cdp,medium,duplicate_survives_build,"q_hi,a_hi,b_hi,c_hi,d_hi,source",Same normalized Hindi stem and option set survives because option order or formatting defeats the current fingerprint.,Consolidate the pair and make deduplication order-insensitive while preserving the correct answer mapping.,q_ctet.csv:162
6549,CTET paper1 Sept 2015 Q2,cdp,low,exact_duplicate_auto_dropped,"q_hi,q_en,a_hi,source",The raw CSV repeats an earlier build fingerprint; tools/build.py silently drops this row.,Remove/consolidate the raw duplicate and merge useful provenance.,q_ctet.csv:466
6550,CTET paper1 Sept 2015 Q3,cdp,low,exact_duplicate_auto_dropped,"q_hi,q_en,a_hi,source",The raw CSV repeats an earlier build fingerprint; tools/build.py silently drops this row.,Remove/consolidate the raw duplicate and merge useful provenance.,q_ctet.csv:177
6551,CTET paper1 Sept 2015 Q4,cdp,low,exact_duplicate_auto_dropped,"q_hi,q_en,a_hi,source",The raw CSV repeats an earlier build fingerprint; tools/build.py silently drops this row.,Remove/consolidate the raw duplicate and merge useful provenance.,q_ctet.csv:491
6554,CTET paper1 Sept 2015 Q7,cdp,low,exact_duplicate_auto_dropped,"q_hi,q_en,a_hi,source",The raw CSV repeats an earlier build fingerprint; tools/build.py silently drops this row.,Remove/consolidate the raw duplicate and merge useful provenance.,q_ctet.csv:535
6558,CTET paper1 Sept 2015 Q11,cdp,low,exact_duplicate_auto_dropped,"q_hi,q_en,a_hi,source",The raw CSV repeats an earlier build fingerprint; tools/build.py silently drops this row.,Remove/consolidate the raw duplicate and merge useful provenance.,q_ctet.csv:602
6560,CTET paper1 Sept 2015 Q13,cdp,low,exact_duplicate_auto_dropped,"q_hi,q_en,a_hi,source",The raw CSV repeats an earlier build fingerprint; tools/build.py silently drops this row.,Remove/consolidate the raw duplicate and merge useful provenance.,q_ctet.csv:1045
6561,CTET paper1 Sept 2015 Q14,cdp,low,exact_duplicate_auto_dropped,"q_hi,q_en,a_hi,source",The raw CSV repeats an earlier build fingerprint; tools/build.py silently drops this row.,Remove/consolidate the raw duplicate and merge useful provenance.,q_ctet.csv:531
6562,CTET paper1 Sept 2015 Q15,cdp,low,exact_duplicate_auto_dropped,"q_hi,q_en,a_hi,source",The raw CSV repeats an earlier build fingerprint; tools/build.py silently drops this row.,Remove/consolidate the raw duplicate and merge useful provenance.,q_ctet.csv:176
6564,CTET paper1 Sept 2015 Q17,cdp,low,exact_duplicate_auto_dropped,"q_hi,q_en,a_hi,source",The raw CSV repeats an earlier build fingerprint; tools/build.py silently drops this row.,Remove/consolidate the raw duplicate and merge useful provenance.,q_ctet.csv:351
6568,CTET paper1 Sept 2015 Q22,cdp,low,exact_duplicate_auto_dropped,"q_hi,q_en,a_hi,source",The raw CSV repeats an earlier build fingerprint; tools/build.py silently drops this row.,Remove/consolidate the raw duplicate and merge useful provenance.,q_ctet.csv:393
6569,CTET paper1 Sept 2015 Q23,cdp,low,exact_duplicate_auto_dropped,"q_hi,q_en,a_hi,source",The raw CSV repeats an earlier build fingerprint; tools/build.py silently drops this row.,Remove/consolidate the raw duplicate and merge useful provenance.,q_ctet.csv:667
6570,CTET paper1 Sept 2015 Q24,cdp,medium,duplicate_survives_build,"q_hi,a_hi,b_hi,c_hi,d_hi,source",Same normalized Hindi stem and option set survives because option order or formatting defeats the current fingerprint.,Consolidate the pair and make deduplication order-insensitive while preserving the correct answer mapping.,q_ctet.csv:371
6571,CTET paper1 Sept 2015 Q25,cdp,low,exact_duplicate_auto_dropped,"q_hi,q_en,a_hi,source",The raw CSV repeats an earlier build fingerprint; tools/build.py silently drops this row.,Remove/consolidate the raw duplicate and merge useful provenance.,q_ctet.csv:311
6572,CTET paper1 Sept 2015 Q26,cdp,low,exact_duplicate_auto_dropped,"q_hi,q_en,a_hi,source",The raw CSV repeats an earlier build fingerprint; tools/build.py silently drops this row.,Remove/consolidate the raw duplicate and merge useful provenance.,q_ctet.csv:811
6573,CTET paper1 Sept 2015 Q27,cdp,low,exact_duplicate_auto_dropped,"q_hi,q_en,a_hi,source",The raw CSV repeats an earlier build fingerprint; tools/build.py silently drops this row.,Remove/consolidate the raw duplicate and merge useful provenance.,q_ctet.csv:965
6574,CTET paper1 Sept 2015 Q28,cdp,low,exact_duplicate_auto_dropped,"q_hi,q_en,a_hi,source",The raw CSV repeats an earlier build fingerprint; tools/build.py silently drops this row.,Remove/consolidate the raw duplicate and merge useful provenance.,q_ctet.csv:310
6599,CTET paper1 Sept 2015 Q58,math,critical,incomplete_table_or_data,"q_hi,q_en","The cuboid table loses the length, breadth and height values for each box.",Restore the complete table/data from the original paper and verify all options and the key.,
6602,CTET paper1 Sept 2015 Q62,evs,low,exact_duplicate_auto_dropped,"q_hi,q_en,a_hi,source",The raw CSV repeats an earlier build fingerprint; tools/build.py silently drops this row.,Remove/consolidate the raw duplicate and merge useful provenance.,q_ctet.csv:1750
6603,CTET paper1 Sept 2015 Q63,evs,low,exact_duplicate_auto_dropped,"q_hi,q_en,a_hi,source",The raw CSV repeats an earlier build fingerprint; tools/build.py silently drops this row.,Remove/consolidate the raw duplicate and merge useful provenance.,q_ctet.csv:1699
6604,CTET paper1 Sept 2015 Q64,evs,low,exact_duplicate_auto_dropped,"q_hi,q_en,a_hi,source",The raw CSV repeats an earlier build fingerprint; tools/build.py silently drops this row.,Remove/consolidate the raw duplicate and merge useful provenance.,q_ctet.csv:1663
6605,CTET paper1 Sept 2015 Q65,evs,critical,duplicate_or_lost_option,"a_hi,b_hi,c_hi,d_hi,a_en,b_en,c_en,d_en",All four Hindi options are the identical unit ‘मी/से’; every numeric value was lost.,Restore distinct complete options from the source and revalidate the answer index.,
6609,CTET paper1 Sept 2015 Q69,evs,low,exact_duplicate_auto_dropped,"q_hi,q_en,a_hi,source",The raw CSV repeats an earlier build fingerprint; tools/build.py silently drops this row.,Remove/consolidate the raw duplicate and merge useful provenance.,q_ctet.csv:1147
6610,CTET paper1 Sept 2015 Q70,evs,low,exact_duplicate_auto_dropped,"q_hi,q_en,a_hi,source",The raw CSV repeats an earlier build fingerprint; tools/build.py silently drops this row.,Remove/consolidate the raw duplicate and merge useful provenance.,q_ctet.csv:1194
6614,CTET paper1 Sept 2015 Q74,evs,low,exact_duplicate_auto_dropped,"q_hi,q_en,a_hi,source",The raw CSV repeats an earlier build fingerprint; tools/build.py silently drops this row.,Remove/consolidate the raw duplicate and merge useful provenance.,q_ctet.csv:1148
6618,CTET paper1 Sept 2015 Q78,evs,low,exact_duplicate_auto_dropped,"q_hi,q_en,a_hi,source",The raw CSV repeats an earlier build fingerprint; tools/build.py silently drops this row.,Remove/consolidate the raw duplicate and merge useful provenance.,q_ctet.csv:1196
6622,CTET paper1 Sept 2015 Q82,evs,low,exact_duplicate_auto_dropped,"q_hi,q_en,a_hi,source",The raw CSV repeats an earlier build fingerprint; tools/build.py silently drops this row.,Remove/consolidate the raw duplicate and merge useful provenance.,q_ctet.csv:1730
6623,CTET paper1 Sept 2015 Q83,evs,low,exact_duplicate_auto_dropped,"q_hi,q_en,a_hi,source",The raw CSV repeats an earlier build fingerprint; tools/build.py silently drops this row.,Remove/consolidate the raw duplicate and merge useful provenance.,q_ctet.csv:1682
6624,CTET paper1 Sept 2015 Q84,evs,low,exact_duplicate_auto_dropped,"q_hi,q_en,a_hi,source",The raw CSV repeats an earlier build fingerprint; tools/build.py silently drops this row.,Remove/consolidate the raw duplicate and merge useful provenance.,q_ctet.csv:1581
6626,CTET paper1 Sept 2015 Q86,evs,low,exact_duplicate_auto_dropped,"q_hi,q_en,a_hi,source",The raw CSV repeats an earlier build fingerprint; tools/build.py silently drops this row.,Remove/consolidate the raw duplicate and merge useful provenance.,q_ctet.csv:1638
6627,CTET paper1 Sept 2015 Q87,evs,low,exact_duplicate_auto_dropped,"q_hi,q_en,a_hi,source",The raw CSV repeats an earlier build fingerprint; tools/build.py silently drops this row.,Remove/consolidate the raw duplicate and merge useful provenance.,q_ctet.csv:1578
6628,CTET paper1 Sept 2015 Q88,evs,low,exact_duplicate_auto_dropped,"q_hi,q_en,a_hi,source",The raw CSV repeats an earlier build fingerprint; tools/build.py silently drops this row.,Remove/consolidate the raw duplicate and merge useful provenance.,q_ctet.csv:1579
6629,CTET paper1 Sept 2015 Q89,evs,low,exact_duplicate_auto_dropped,"q_hi,q_en,a_hi,source",The raw CSV repeats an earlier build fingerprint; tools/build.py silently drops this row.,Remove/consolidate the raw duplicate and merge useful provenance.,q_ctet.csv:1727
6630,CTET paper1 Sept 2015 Q90,evs,low,exact_duplicate_auto_dropped,"q_hi,q_en,a_hi,source",The raw CSV repeats an earlier build fingerprint; tools/build.py silently drops this row.,Remove/consolidate the raw duplicate and merge useful provenance.,q_ctet.csv:1580
6632,CTET paper1 Sept 2015 Q92,hindi,high,missing_underlining_target,"q_hi,q_en","The question asks about an underlined word/expression, but plain text does not identify which token was underlined.","Recover the target from an original scan and encode it explicitly (for example, with a target span or quoted target field).",
6633,CTET paper1 Sept 2015 Q93,hindi,high,missing_underlining_target,"q_hi,q_en","The question asks about an underlined word/expression, but plain text does not identify which token was underlined.","Recover the target from an original scan and encode it explicitly (for example, with a target span or quoted target field).",
6672,CTET paper1 Sept 2015 Q132,english,high,missing_underlining_target,"q_hi,q_en","The question asks about an underlined word/expression, but plain text does not identify which token was underlined.","Recover the target from an original scan and encode it explicitly (for example, with a target span or quoted target field).",
6698,CTET Bank Pedagogy of English Language Q8,english,critical,wrong_answer_key,ans,Stored b; correct c — language learnt without deliberate practice is acquisition.,Correct the key after recording a source citation and regression test.,
6995,CTET Bank Hindi Language_ Pedagogy Q11,hindi,high,scope_paper2_visible,"exams,source","Row is classified as ctet1, but its CSV source/option metadata explicitly says Paper II or Classes VI-VIII.",Move to ctet2 or remove from the Paper-I bank after provenance review.,
