===== PDF PAGE 1 =====
                           CTET DEC-21 KEY
    Exam Date:  16/12/2021              PAPER-I -MAIN                             Publish Date: 11/08/22
              Med: Hindi

 QNO ANS       QNO ANS        QNO ANS        QNO ANS
  1   3             26   1             51   2              76   2
  2   1             27   1             52   4              77   4
  3   2             28   3             53   4              78   4
  4   3             29   3             54   3              79   3
  5   2             30   2             55   3              80   3
  6   2             31   2             56   2              81   3
  7   1             32   3             57   1              82   4
  8   1             33   1             58   2              83   3
  9   2             34   2             59   2              84   3
 10    1,2,3          35   1             60   1              85   3
 11   4             36   4             61   4              86   4
 12   1             37   3             62   3              87   2
 13   2             38   2             63   9              88   4
 14   2             39   3             64   2              89   4
 15   3             40   3             65   3              90   3
 16   2             41   3             66   4
 17   2             42   2             67   1
 18   4             43   1             68   2
 19   1             44   2             69   1
 20   2             45   4             70   4
 21   3             46   4             71   3
 22   2             47   2             72   4
 23   2             48   3             73   3
 24   3             49   3             74   2
 25   1             50   4             75   4

Answer key 9 means marks awarded to all the candidates





                                     Page 1/177

===== PDF PAGE 2 =====
                          CTET DEC-21 KEY
   Exam Date:  16/12/2021           PAPER-I 01-ENGLISH                          Publish Date: 11/08/22
             Med: Hindi

QNO ANS       QNO ANS        QNO ANS        QNO ANS
 91  3             116  4             141  1
 92  3             117  3             142  3
 93  4             118   1,2           143   1,2
 94  3             119  3             144  2
 95  2             120  2             145  1
 96  2             121  4             146  3
 97  1             122  4             147  2
 98  1             123  4             148  4
 99  4             124  2             149  4
100  4             125  1             150  2
101  4             126  3
102  2             127  2
103  3             128  4
104  2             129  4
105  3             130  2
106  1             131  3
107  4             132  4
108  3             133  1
109  4             134  4
110  1             135  2
111  3             136  1
112  4             137  3
113  3             138  3
114  4             139  2
115  3             140  2





                                    Page 2/177

===== PDF PAGE 3 =====
                          CTET DEC-21 KEY
   Exam Date:  16/12/2021             PAPER-I 02-HINDI                            Publish Date: 11/08/22
             Med: Hindi

QNO ANS       QNO ANS        QNO ANS        QNO ANS
 91  4             116  4             141  1
 92  1             117  3             142  3
 93  2             118   1,2           143   1,2,4
 94  2             119  3             144  2
 95  3             120  2             145  1
 96  2             121  3             146  3
 97  3             122  4             147  2
 98  1             123  1             148  4
 99  4             124  1             149  4
100  4             125  2             150  2
101  1             126  3
102  4             127  1
103  1             128  3
104  4             129  1
105  3             130  1
106  1             131  2
107  4             132  4
108  3             133  3
109  4             134  3
110  1             135  1
111  3             136  1
112  4             137  3
113  3             138  3
114  4             139  2
115  3             140  2





                                    Page 3/177

===== PDF PAGE 4 =====
                          CTET DEC-21 KEY
   Exam Date:  16/12/2021          PAPER-I 03-ASSAMESE                         Publish Date: 11/08/22
             Med: Hindi

QNO ANS       QNO ANS        QNO ANS        QNO ANS
 91  3             116  4             141  1
 92  2             117  3             142  3
 93  3             118   1,2           143   1,2
 94  2             119  3             144  2
 95  3             120  2             145  1
 96  4             121  3             146  3
 97  2             122  1             147  2
 98  3             123  4             148  4
 99  2             124  3             149  4
100  3             125  3             150  2
101  3             126  2
102  2             127  4
103  2             128  1
104  4             129  2
105  4             130  3
106  1             131  3
107  4             132  3
108  3             133  1
109  4             134  3
110  1             135  2
111  3             136  1
112  4             137  3
113  3             138  3
114  4             139  2
115  3             140  2





                                    Page 4/177

===== PDF PAGE 5 =====
                           CTET DEC-21 KEY
    Exam Date:  16/12/2021           PAPER-I 04-BENGALI                          Publish Date: 11/08/22
              Med: Hindi

 QNO ANS       QNO ANS        QNO ANS        QNO ANS
  91  1             116  4             141  1
  92  3             117  3             142  3
  93  3             118   1,2           143   1,2
  94  4             119  3             144  2
  95  4             120  2             145  1
  96  1             121  3             146  3
  97  2             122  2             147  2
  98  2             123  1             148  4
  99  3             124  4             149  4
 100  3             125  1             150  2
 101  3             126  4
 102  1             127  2
 103  9             128  3
 104  2             129  2
 105  1             130  4
 106  1             131  1
 107  4             132  3
 108  3             133  1
 109  4             134  2
 110  1             135  4
 111  3             136  1
 112  4             137  3
 113  3             138  3
 114  4             139  2
 115  3             140  2

Answer key 9 means marks awarded to all the candidates





                                     Page 5/177

===== PDF PAGE 6 =====
                          CTET DEC-21 KEY
   Exam Date:  16/12/2021             PAPER-I 05-GARO                            Publish Date: 11/08/22
             Med: Hindi

QNO ANS       QNO ANS        QNO ANS        QNO ANS
 91  3             116  4             141  1
 92  2             117  3             142  3
 93  3             118   1,2           143   1,2
 94  1             119  3             144  2
 95  2             120  2             145  1
 96  3             121  1             146  3
 97  1             122  4             147  2
 98  1             123  2             148  4
 99  4             124  3             149  4
100  2             125  3             150  2
101  1             126  2
102  3             127  4
103  2             128  1
104  1             129  2
105  4             130  1
106  1             131  2
107  4             132  3
108  3             133  1
109  4             134  1
110  1             135  1
111  3             136  1
112  4             137  3
113  3             138  3
114  4             139  2
115  3             140  2





                                    Page 6/177

===== PDF PAGE 7 =====
                          CTET DEC-21 KEY
   Exam Date:  16/12/2021           PAPER-I 06-GUJARATI                         Publish Date: 11/08/22
             Med: Hindi

QNO ANS       QNO ANS        QNO ANS        QNO ANS
 91  1             116  4             141  1
 92  2             117  3             142  3
 93  2             118   1,2           143   1,2
 94  4             119  3             144  2
 95  4             120  2             145  1
 96  3             121  4             146  3
 97  3             122  1             147  2
 98  3             123  3             148  4
 99  3             124  1             149  4
100  2             125  2             150  2
101  1             126  2
102  3             127  3
103  4             128  4
104  2             129  2
105  1             130  1
106  1             131  2
107  4             132  4
108  3             133  3
109  4             134  2
110  1             135  3
111  3             136  1
112  4             137  3
113  3             138  3
114  4             139  2
115  3             140  2





                                    Page 7/177

===== PDF PAGE 8 =====
                          CTET DEC-21 KEY
   Exam Date:  16/12/2021           PAPER-I 07-KANNADA                          Publish Date: 11/08/22
             Med: Hindi

QNO ANS       QNO ANS        QNO ANS        QNO ANS
 91  1             116  4             141  1
 92  1             117  3             142  3
 93  1             118   1,2           143   1,2
 94  2             119  3             144  2
 95  4             120  2             145  1
 96  4             121  3             146  3
 97  3             122  2             147  2
 98  1             123  1             148  4
 99  1             124  2             149  4
100  1             125  1             150  2
101  2             126  1
102  1             127  4
103  1             128  4
104  1             129  4
105  2             130  1
106  1             131  1
107  4             132  1
108  3             133  1
109  4             134  1
110  1             135  1
111  3             136  1
112  4             137  3
113  3             138  3
114  4             139  2
115  3             140  2





                                    Page 8/177

===== PDF PAGE 9 =====
                          CTET DEC-21 KEY
   Exam Date:  16/12/2021             PAPER-I 08-KHASI                            Publish Date: 11/08/22
             Med: Hindi

QNO ANS       QNO ANS        QNO ANS        QNO ANS
 91  1             116  4             141  1
 92  3             117  3             142  3
 93  2             118   1,2           143   1,2
 94  4             119  3             144  2
 95  1             120  2             145  1
 96  3             121  3             146  3
 97  1             122  2             147  2
 98  3             123  4             148  4
 99  2             124  3             149  4
100  3             125  1             150  2
101  2             126  1
102  3             127  2
103  2             128  1
104  4             129  2
105  2             130  2
106  1             131  4
107  4             132  3
108  3             133  2
109  4             134  4
110  1             135  3
111  3             136  1
112  4             137  3
113  3             138  3
114  4             139  2
115  3             140  2





                                    Page 9/177

===== PDF PAGE 10 =====
                          CTET DEC-21 KEY
   Exam Date:  16/12/2021          PAPER-I 09-MALAYALAM                        Publish Date: 11/08/22
             Med: Hindi

QNO ANS       QNO ANS        QNO ANS        QNO ANS
 91  2             116  4             141  1
 92  4             117  3             142  3
 93  1             118   1,2           143   1,2
 94  3             119  3             144  2
 95  1             120  2             145  1
 96  3             121  1             146  3
 97  3             122  3             147  2
 98  1             123  1             148  4
 99  2             124  2             149  4
100  3             125  3             150  2
101  4             126  4
102  2             127  3
103  4             128  2
104  3             129  4
105  2             130  1
106  1             131  3
107  4             132  4
108  3             133  2
109  4             134  1
110  1             135  3
111  3             136  1
112  4             137  3
113  3             138  3
114  4             139  2
115  3             140  2





                                    Page 10/177

===== PDF PAGE 11 =====
                          CTET DEC-21 KEY
   Exam Date:  16/12/2021           PAPER-I 10-MANIPURI                          Publish Date: 11/08/22
             Med: Hindi

QNO ANS       QNO ANS        QNO ANS        QNO ANS
 91  1             116  4             141  1
 92  3             117  3             142  3
 93  4             118   1,2           143   1,2
 94  2             119  3             144  2
 95  2             120  2             145  1
 96  4             121  3             146  3
 97  3             122  3             147  2
 98  2             123  3             148  4
 99  2             124  2             149  4
100  1             125  4             150  2
101  2             126  2
102  1             127  2
103  4             128  4
104  3             129  2
105  1             130  3
106  1             131  1
107  4             132  2
108  3             133  4
109  4             134  3
110  1             135  1
111  3             136  1
112  4             137  3
113  3             138  3
114  4             139  2
115  3             140  2





                                    Page 11/177

===== PDF PAGE 12 =====
                          CTET DEC-21 KEY
   Exam Date:  16/12/2021           PAPER-I 11-MARATHI                          Publish Date: 11/08/22
             Med: Hindi

QNO ANS       QNO ANS        QNO ANS        QNO ANS
 91  3             116  4             141  1
 92  2             117  3             142  3
 93  2             118   1,2           143   1,2
 94  4             119  3             144  2
 95  3             120  2             145  1
 96  2             121  1             146  3
 97  3             122  3             147  2
 98  1             123  3             148  4
 99  1             124  1             149  4
100  3             125  1             150  2
101  1             126  4
102  1             127  2
103  1             128  3
104  2             129  1
105  1             130  1
106  1             131  2
107  4             132  2
108  3             133  2
109  4             134  1
110  1             135  1
111  3             136  1
112  4             137  3
113  3             138  3
114  4             139  2
115  3             140  2





                                    Page 12/177

===== PDF PAGE 13 =====
                          CTET DEC-21 KEY
   Exam Date:  16/12/2021             PAPER-I 12-MIZO                            Publish Date: 11/08/22
             Med: Hindi

QNO ANS       QNO ANS        QNO ANS        QNO ANS
 91  1             116  4             141  1
 92  2             117  3             142  3
 93  1             118   1,2           143   1,2
 94  3             119  3             144  2
 95  2             120  2             145  1
 96  2             121  2             146  3
 97  1             122  1             147  2
 98  4             123  1             148  4
 99  3             124  2             149  4
100  1             125  3             150  2
101  2             126  1
102  4             127  1
103  4             128  2
104  2             129  3
105  1             130  1
106  1             131  4
107  4             132  3
108  3             133  2
109  4             134  1
110  1             135  1
111  3             136  1
112  4             137  3
113  3             138  3
114  4             139  2
115  3             140  2





                                    Page 13/177

===== PDF PAGE 14 =====
                          CTET DEC-21 KEY
   Exam Date:  16/12/2021            PAPER-I 13-NEPALI                           Publish Date: 11/08/22
             Med: Hindi

QNO ANS       QNO ANS        QNO ANS        QNO ANS
 91  3             116  4             141  1
 92  1             117  3             142  3
 93  2             118   1,2           143   1,2
 94  4             119  3             144  2
 95  1             120  2             145  1
 96  4             121  4             146  3
 97  2             122  2             147  2
 98  3             123  4             148  4
 99  2             124  2             149  4
100  2             125  1             150  2
101  1             126  2
102  2             127  3
103  3             128  2
104  4             129  3
105  2             130  1
106  1             131  2
107  4             132  4
108  3             133  2
109  4             134  4
110  1             135  2
111  3             136  1
112  4             137  3
113  3             138  3
114  4             139  2
115  3             140  2





                                    Page 14/177

===== PDF PAGE 15 =====
                          CTET DEC-21 KEY
   Exam Date:  16/12/2021            PAPER-I 14-ORIYA                            Publish Date: 11/08/22
             Med: Hindi

QNO ANS       QNO ANS        QNO ANS        QNO ANS
 91  3             116  4             141  1
 92  3             117  3             142  3
 93  1             118   1,2           143   1,2
 94  2             119  3             144  2
 95  4             120  2             145  1
 96  2             121  3             146  3
 97  3             122  2             147  2
 98  4             123  2             148  4
 99  2             124  3             149  4
100  2             125  4             150  2
101  3             126  1
102  4             127  2
103  2             128  3
104  3             129  2
105  1             130  1
106  1             131  3
107  4             132  3
108  3             133  2
109  4             134  3
110  1             135  3
111  3             136  1
112  4             137  3
113  3             138  3
114  4             139  2
115  3             140  2





                                    Page 15/177

===== PDF PAGE 16 =====
                          CTET DEC-21 KEY
   Exam Date:  16/12/2021           PAPER-I 15-PUNJABI                          Publish Date: 11/08/22
             Med: Hindi

QNO ANS       QNO ANS        QNO ANS        QNO ANS
 91  2             116  4             141  1
 92  2             117  3             142  3
 93  4             118   1,2           143   1,2
 94  3             119  3             144  2
 95  1             120  2             145  1
 96  3             121  3             146  3
 97  2             122  2             147  2
 98  2             123  4             148  4
 99  3             124  1             149  4
100  4             125  2             150  2
101  3             126  3
102  2             127  1
103  4             128  2
104  3             129  4
105  1             130  3
106  1             131  3
107  4             132  1
108  3             133  1
109  4             134  4
110  1             135  1
111  3             136  1
112  4             137  3
113  3             138  3
114  4             139  2
115  3             140  2





                                    Page 16/177

===== PDF PAGE 17 =====
                          CTET DEC-21 KEY
   Exam Date:  16/12/2021           PAPER-I 16-SANSKRIT                         Publish Date: 11/08/22
             Med: Hindi

QNO ANS       QNO ANS        QNO ANS        QNO ANS
 91  1             116  4             141  1
 92  1             117  3             142  3
 93  4             118   1,2           143   1,2
 94  1             119  3             144  2
 95  3             120  2             145  1
 96  4             121  1             146  3
 97  3             122  1             147  2
 98  1             123  3             148  4
 99  4             124  3             149  4
100  1             125  2             150  2
101  2             126  1
102  3             127  3
103  2             128  3
104  4             129  1
105  4             130  4
106  1             131  2
107  4             132  3
108  3             133  4
109  4             134  2
110  1             135  4
111  3             136  1
112  4             137  3
113  3             138  3
114  4             139  2
115  3             140  2





                                    Page 17/177

===== PDF PAGE 18 =====
                          CTET DEC-21 KEY
   Exam Date:  16/12/2021             PAPER-I 17-TAMIL                            Publish Date: 11/08/22
             Med: Hindi

QNO ANS       QNO ANS        QNO ANS        QNO ANS
 91  2             116  4             141  1
 92  3             117  3             142  3
 93  2             118   1,2           143   1,2
 94  3             119  3             144  2
 95  2             120  2             145  1
 96  3             121  2             146  3
 97  1             122  1             147  2
 98  2             123  3             148  4
 99  4             124  4             149  4
100  2             125  1             150  2
101  3             126  2
102  1             127  2
103  2             128  1
104  3             129  2
105  4             130  3
106  1             131  2
107  4             132  1
108  3             133  3
109  4             134  2
110  1             135  3
111  3             136  1
112  4             137  3
113  3             138  3
114  4             139  2
115  3             140  2





                                    Page 18/177

===== PDF PAGE 19 =====
                          CTET DEC-21 KEY
   Exam Date:  16/12/2021            PAPER-I 18-TELUGU                           Publish Date: 11/08/22
             Med: Hindi

QNO ANS       QNO ANS        QNO ANS        QNO ANS
 91  3             116  4             141  1
 92  4             117  3             142  3
 93  2             118   1,2           143   1,2
 94  2             119  3             144  2
 95  3             120  2             145  1
 96  1             121  3             146  3
 97  3             122  1             147  2
 98  2             123  2             148  4
 99  2             124  3             149  4
100  1             125  1             150  2
101  2             126  3
102  1             127  3
103  1             128  3
104  1             129  4
105  2             130  1
106  1             131  2
107  4             132  1
108  3             133  2
109  4             134  2
110  1             135  1
111  3             136  1
112  4             137  3
113  3             138  3
114  4             139  2
115  3             140  2





                                    Page 19/177

===== PDF PAGE 20 =====
                          CTET DEC-21 KEY
   Exam Date:  16/12/2021           PAPER-I 19-TIBETAN                          Publish Date: 11/08/22
             Med: Hindi

QNO ANS       QNO ANS        QNO ANS        QNO ANS
 91  3             116  4             141  1
 92  2             117  3             142  3
 93  4             118   1,2           143   1,2
 94  3             119  3             144  2
 95  4             120  2             145  1
 96  4             121  2             146  3
 97  1             122  1             147  2
 98  4             123  3             148  4
 99  1             124  1             149  4
100  1             125  3             150  2
101  3             126  4
102  2             127  2
103  3             128  1
104  2             129  2
105  1             130  3
106  1             131  4
107  4             132  1
108  3             133  1
109  4             134  2
110  1             135  3
111  3             136  1
112  4             137  3
113  3             138  3
114  4             139  2
115  3             140  2





                                    Page 20/177

===== PDF PAGE 21 =====
                          CTET DEC-21 KEY
   Exam Date:  16/12/2021             PAPER-I 20-URDU                            Publish Date: 11/08/22
             Med: Hindi

QNO ANS       QNO ANS        QNO ANS        QNO ANS
 91  3             116  4             141  1
 92  1             117  3             142  3
 93  2             118   1,2           143   1,2
 94  4             119  3             144  2
 95  1             120  2             145  1
 96  2             121  2             146  3
 97  3             122  1             147  2
 98  1             123  2             148  4
 99  2             124  1             149  4
100  1             125  3             150  2
101  2             126  4
102  2             127  1
103  1             128  2
104  1             129  1
105  2             130  2
106  1             131  1
107  4             132  1
108  3             133  2
109  4             134  1
110  1             135  1
111  3             136  1
112  4             137  3
113  3             138  3
114  4             139  2
115  3             140  2





                                    Page 21/177

===== PDF PAGE 22 =====
                           CTET DEC-21 KEY
    Exam Date:  20/12/2021              PAPER-I -MAIN                             Publish Date: 11/08/22
              Med: Hindi

 QNO ANS       QNO ANS        QNO ANS        QNO ANS
  1   1             26   4             51   3              76   1
  2   1             27   4             52   3              77   3
  3   2             28   4             53   4              78   3
  4   1             29   3             54   1              79   3
  5   2             30   3             55   1              80   3
  6   3             31   2             56   4              81   9
  7   1             32   1             57   4              82   4
  8   4             33   4             58   4              83   1
  9   2             34   1             59   3              84   2
 10   4             35   3             60   1              85   2
 11   1             36   1             61   4              86   2
 12   2             37   4             62   2              87   2
 13   3             38   2             63   2              88   4
 14   3             39   4             64   2              89   4
 15   1             40   2             65   3              90   1
 16   1             41   1             66   4
 17   1             42   3             67   2
 18   3             43   2             68   4
 19   3             44   3             69   2
 20   4             45   4             70   3
 21   3             46   4             71   3
 22   1             47   1             72   2
 23   1             48   2             73   3
 24   4             49   3             74   4
 25   4             50   1             75   4

Answer key 9 means marks awarded to all the candidates





                                     Page 22/177

===== PDF PAGE 23 =====
                          CTET DEC-21 KEY
   Exam Date:  20/12/2021           PAPER-I 01-ENGLISH                          Publish Date: 11/08/22
             Med: Hindi

QNO ANS       QNO ANS        QNO ANS        QNO ANS
 91  1             116  3             141  4
 92  1             117  2             142  2
 93  4             118  2             143  4
 94  4             119  3             144  3
 95  2             120  1             145  3
 96  4             121  1             146  1
 97  4             122  3             147  4
 98  1             123  3             148  1
 99  3             124  2             149  1
100  4             125  4             150  3
101  2             126  4
102  2             127  2
103  4             128  1
104  3             129  3
105  3             130  3
106  1             131  2
107  1             132  2
108  2             133  3
109  3             134  4
110  2             135  3
111  1             136  4
112  4             137  2
113  1             138  4
114  3             139  3
115  3             140  3





                                    Page 23/177

===== PDF PAGE 24 =====
                          CTET DEC-21 KEY
   Exam Date:  20/12/2021             PAPER-I 02-HINDI                            Publish Date: 11/08/22
             Med: Hindi

QNO ANS       QNO ANS        QNO ANS        QNO ANS
 91  3             116  3             141  4
 92  1             117  2             142  2
 93  2             118  2             143  4
 94  3             119  3             144  3
 95  1             120  1             145  3
 96  2             121  2             146  1
 97  2             122  3             147  4
 98  2             123  1             148  1
 99  3             124  4             149  1
100  2             125  4             150  3
101  3             126  3
102  1             127  1
103  4             128  4
104  3             129  1
105  1             130  2
106  1             131  1
107  1             132  1
108  2             133  3
109  3             134  1
110  2             135  4
111  1             136  4
112  4             137  2
113  1             138  4
114  3             139  3
115  3             140  3





                                    Page 24/177

===== PDF PAGE 25 =====
                          CTET DEC-21 KEY
   Exam Date:  20/12/2021          PAPER-I 03-ASSAMESE                         Publish Date: 11/08/22
             Med: Hindi

QNO ANS       QNO ANS        QNO ANS        QNO ANS
 91  2             116  3             141  4
 92  4             117  2             142  2
 93  3             118  2             143  4
 94  1             119  3             144  3
 95  3             120  1             145  3
 96  4             121  4             146  1
 97  1             122  1             147  4
 98  4             123  3             148  1
 99  3             124  3             149  1
100  1             125  1             150  3
101  2             126  2
102  4             127  2
103  4             128  3
104  4             129  1
105  4             130  4
106  1             131  1
107  1             132  3
108  2             133  3
109  3             134  3
110  2             135  2
111  1             136  4
112  4             137  2
113  1             138  4
114  3             139  3
115  3             140  3





                                    Page 25/177

===== PDF PAGE 26 =====
                          CTET DEC-21 KEY
   Exam Date:  20/12/2021           PAPER-I 04-BENGALI                          Publish Date: 11/08/22
             Med: Hindi

QNO ANS       QNO ANS        QNO ANS        QNO ANS
 91  2             116  3             141  4
 92  3             117  2             142  2
 93  4             118  2             143  4
 94  3             119  3             144  3
 95  2             120  1             145  3
 96  1             121  3             146  1
 97  2             122  1             147  4
 98  3             123  2             148  1
 99  1             124  4             149  1
100  2             125  3             150  3
101  1             126  2
102  4             127  1
103  3             128  1
104  1             129  2
105  2             130  3
106  1             131  4
107  1             132  1
108  2             133  2
109  3             134  1
110  2             135  3
111  1             136  4
112  4             137  2
113  1             138  4
114  3             139  3
115  3             140  3





                                    Page 26/177

===== PDF PAGE 27 =====
                          CTET DEC-21 KEY
   Exam Date:  20/12/2021             PAPER-I 05-GARO                            Publish Date: 11/08/22
             Med: Hindi

QNO ANS       QNO ANS        QNO ANS        QNO ANS
 91  1             116  3             141  4
 92  3             117  2             142  2
 93  2             118  2             143  4
 94  2             119  3             144  3
 95  2             120  1             145  3
 96  1             121  4             146  1
 97  2             122  2             147  4
 98  2             123  4             148  1
 99  1             124  3             149  1
100  1             125  1             150  3
101  3             126  1
102  2             127  2
103  3             128  4
104  1             129  3
105  2             130  1
106  1             131  4
107  1             132  1
108  2             133  3
109  3             134  1
110  2             135  1
111  1             136  4
112  4             137  2
113  1             138  4
114  3             139  3
115  3             140  3





                                    Page 27/177

===== PDF PAGE 28 =====
                          CTET DEC-21 KEY
   Exam Date:  20/12/2021           PAPER-I 06-GUJARATI                         Publish Date: 11/08/22
             Med: Hindi

QNO ANS       QNO ANS        QNO ANS        QNO ANS
 91  4             116  3             141  4
 92  4             117  2             142  2
 93  3             118  2             143  4
 94  1             119  3             144  3
 95  4             120  1             145  3
 96  2             121  2             146  1
 97  3             122  3             147  4
 98  1             123  3             148  1
 99  1             124  2             149  1
100  1             125  3             150  3
101  4             126  1
102  4             127  4
103  1             128  3
104  3             129  3
105  2             130  4
106  1             131  3
107  1             132  3
108  2             133  2
109  3             134  1
110  2             135  3
111  1             136  4
112  4             137  2
113  1             138  4
114  3             139  3
115  3             140  3





                                    Page 28/177

===== PDF PAGE 29 =====
                          CTET DEC-21 KEY
   Exam Date:  20/12/2021           PAPER-I 07-KANNADA                          Publish Date: 11/08/22
             Med: Hindi

QNO ANS       QNO ANS        QNO ANS        QNO ANS
 91  1             116  3             141  4
 92  2             117  2             142  2
 93  2             118  2             143  4
 94  1             119  3             144  3
 95  4             120  1             145  3
 96  1             121  4             146  1
 97  1             122  1             147  4
 98  3             123  1             148  1
 99  1             124  1             149  1
100  2             125  3             150  3
101  3             126  1
102  4             127  2
103  3             128  3
104  1             129  2
105  2             130  4
106  1             131  1
107  1             132  2
108  2             133  1
109  3             134  1
110  2             135  2
111  1             136  4
112  4             137  2
113  1             138  4
114  3             139  3
115  3             140  3





                                    Page 29/177

===== PDF PAGE 30 =====
                          CTET DEC-21 KEY
   Exam Date:  20/12/2021             PAPER-I 08-KHASI                            Publish Date: 11/08/22
             Med: Hindi

QNO ANS       QNO ANS        QNO ANS        QNO ANS
 91  2             116  3             141  4
 92  4             117  2             142  2
 93  2             118  2             143  4
 94  3             119  3             144  3
 95  4             120  1             145  3
 96  2             121  4             146  1
 97  2             122  3             147  4
 98  1             123  2             148  1
 99  4             124  2             149  1
100  2             125  2             150  3
101  4             126  4
102  1             127  2
103  3             128  3
104  2             129  3
105  3             130  3
106  1             131  4
107  1             132  3
108  2             133  3
109  3             134  4
110  2             135  2
111  1             136  4
112  4             137  2
113  1             138  4
114  3             139  3
115  3             140  3





                                    Page 30/177

===== PDF PAGE 31 =====
                          CTET DEC-21 KEY
   Exam Date:  20/12/2021          PAPER-I 09-MALAYALAM                        Publish Date: 11/08/22
             Med: Hindi

QNO ANS       QNO ANS        QNO ANS        QNO ANS
 91  3             116  3             141  4
 92  3             117  2             142  2
 93  4             118  2             143  4
 94  1             119  3             144  3
 95  4             120  1             145  3
 96  3             121  3             146  1
 97  1             122  2             147  4
 98  2             123  4             148  1
 99  3             124  2             149  1
100  3             125  3             150  3
101  2             126  1
102  1             127  4
103  1             128  2
104  2             129  2
105  3             130  4
106  1             131  3
107  1             132  3
108  2             133  2
109  3             134  1
110  2             135  2
111  1             136  4
112  4             137  2
113  1             138  4
114  3             139  3
115  3             140  3





                                    Page 31/177

===== PDF PAGE 32 =====
                          CTET DEC-21 KEY
   Exam Date:  20/12/2021           PAPER-I 10-MANIPURI                          Publish Date: 11/08/22
             Med: Hindi

QNO ANS       QNO ANS        QNO ANS        QNO ANS
 91  2             116  3             141  4
 92  3             117  2             142  2
 93  3             118  2             143  4
 94  2             119  3             144  3
 95  1             120  1             145  3
 96  3             121  2             146  1
 97  2             122  4             147  4
 98  3             123  3             148  1
 99  1             124  4             149  1
100  1             125  3             150  3
101  2             126  2
102  3             127  3
103  3             128  4
104  4             129  2
105  3             130  3
106  1             131  3
107  1             132  1
108  2             133  3
109  3             134  1
110  2             135  4
111  1             136  4
112  4             137  2
113  1             138  4
114  3             139  3
115  3             140  3





                                    Page 32/177

===== PDF PAGE 33 =====
                          CTET DEC-21 KEY
   Exam Date:  20/12/2021           PAPER-I 11-MARATHI                          Publish Date: 11/08/22
             Med: Hindi

QNO ANS       QNO ANS        QNO ANS        QNO ANS
 91  4             116  3             141  4
 92  1             117  2             142  2
 93  4             118  2             143  4
 94  1             119  3             144  3
 95  3             120  1             145  3
 96  3             121  1             146  1
 97  4             122  3             147  4
 98  4             123  2             148  1
 99  1             124  2             149  1
100  1             125  4             150  3
101  3             126  2
102  2             127  4
103  2             128  3
104  2             129  2
105  2             130  3
106  1             131  1
107  1             132  1
108  2             133  3
109  3             134  4
110  2             135  1
111  1             136  4
112  4             137  2
113  1             138  4
114  3             139  3
115  3             140  3





                                    Page 33/177

===== PDF PAGE 34 =====
                          CTET DEC-21 KEY
   Exam Date:  20/12/2021            PAPER-I 13-NEPALI                           Publish Date: 11/08/22
             Med: Hindi

QNO ANS       QNO ANS        QNO ANS        QNO ANS
 91  2             116  3             141  4
 92  3             117  2             142  2
 93  4             118  2             143  4
 94  3             119  3             144  3
 95  2             120  1             145  3
 96  3             121  1             146  1
 97  4             122  2             147  4
 98  2             123  3             148  1
 99  4             124  2             149  1
100  3             125  4             150  3
101  2             126  1
102  4             127  3
103  3             128  2
104  1             129  1
105  4             130  2
106  1             131  2
107  1             132  4
108  2             133  2
109  3             134  4
110  2             135  4
111  1             136  4
112  4             137  2
113  1             138  4
114  3             139  3
115  3             140  3





                                    Page 34/177

===== PDF PAGE 35 =====
                          CTET DEC-21 KEY
   Exam Date:  20/12/2021            PAPER-I 14-ORIYA                            Publish Date: 11/08/22
             Med: Hindi

QNO ANS       QNO ANS        QNO ANS        QNO ANS
 91  2             116  3             141  4
 92  2             117  2             142  2
 93  2             118  2             143  4
 94  3             119  3             144  3
 95  1             120  1             145  3
 96  2             121  2             146  1
 97  1             122  3             147  4
 98  3             123  3             148  1
 99  2             124  2             149  1
100  3             125  1             150  3
101  2             126  3
102  3             127  2
103  2             128  1
104  1             129  3
105  2             130  3
106  1             131  4
107  1             132  3
108  2             133  1
109  3             134  3
110  2             135  2
111  1             136  4
112  4             137  2
113  1             138  4
114  3             139  3
115  3             140  3





                                    Page 35/177

===== PDF PAGE 36 =====
                          CTET DEC-21 KEY
   Exam Date:  20/12/2021           PAPER-I 15-PUNJABI                          Publish Date: 11/08/22
             Med: Hindi

QNO ANS       QNO ANS        QNO ANS        QNO ANS
 91  2             116  3             141  4
 92  4             117  2             142  2
 93  2             118  2             143  4
 94  3             119  3             144  3
 95  1             120  1             145  3
 96  4             121  2             146  1
 97  2             122  4             147  4
 98  3             123  1             148  1
 99  1             124  3             149  1
100  2             125  4             150  3
101  4             126  3
102  3             127  4
103  4             128  2
104  1             129  2
105  3             130  4
106  1             131  3
107  1             132  1
108  2             133  2
109  3             134  1
110  2             135  2
111  1             136  4
112  4             137  2
113  1             138  4
114  3             139  3
115  3             140  3





                                    Page 36/177

===== PDF PAGE 37 =====
                          CTET DEC-21 KEY
   Exam Date:  20/12/2021           PAPER-I 16-SANSKRIT                         Publish Date: 11/08/22
             Med: Hindi

QNO ANS       QNO ANS        QNO ANS        QNO ANS
 91  2             116  3             141  4
 92  2             117  2             142  2
 93  4             118  2             143  4
 94  1             119  3             144  3
 95  4             120  1             145  3
 96  2             121  2             146  1
 97  3             122  3             147  4
 98  2             123  2             148  1
 99  4             124  1             149  1
100  1             125  3             150  3
101  4             126  2
102  1             127  3
103  4             128  4
104  1             129  4
105  4             130  3
106  1             131  1
107  1             132  1
108  2             133  2
109  3             134  3
110  2             135  2
111  1             136  4
112  4             137  2
113  1             138  4
114  3             139  3
115  3             140  3





                                    Page 37/177

===== PDF PAGE 38 =====
                          CTET DEC-21 KEY
   Exam Date:  20/12/2021             PAPER-I 17-TAMIL                            Publish Date: 11/08/22
             Med: Hindi

QNO ANS       QNO ANS        QNO ANS        QNO ANS
 91  2             116  3             141  4
 92  3             117  2             142  2
 93  4             118  2             143  4
 94  1             119  3             144  3
 95  2             120  1             145  3
 96  1             121  2             146  1
 97  3             122  3             147  4
 98  2             123  2             148  1
 99  3             124  1             149  1
100  2             125  2             150  3
101  2             126  3
102  3             127  4
103  2             128  2
104  1             129  2
105  4             130  1
106  1             131  2
107  1             132  3
108  2             133  2
109  3             134  1
110  2             135  2
111  1             136  4
112  4             137  2
113  1             138  4
114  3             139  3
115  3             140  3





                                    Page 38/177

===== PDF PAGE 39 =====
                          CTET DEC-21 KEY
   Exam Date:  20/12/2021            PAPER-I 18-TELUGU                           Publish Date: 11/08/22
             Med: Hindi

QNO ANS       QNO ANS        QNO ANS        QNO ANS
 91  1             116  3             141  4
 92  4             117  2             142  2
 93  3             118  2             143  4
 94  3             119  3             144  3
 95  2             120  1             145  3
 96  2             121  2             146  1
 97  1             122  3             147  4
 98  4             123  1             148  1
 99  2             124  4             149  1
100  3             125  3             150  3
101  4             126  4
102  2             127  1
103  1             128  2
104  2             129  2
105  1             130  4
106  1             131  2
107  1             132  2
108  2             133  3
109  3             134  2
110  2             135  2
111  1             136  4
112  4             137  2
113  1             138  4
114  3             139  3
115  3             140  3





                                    Page 39/177

===== PDF PAGE 40 =====
                          CTET DEC-21 KEY
   Exam Date:  20/12/2021           PAPER-I 19-TIBETAN                          Publish Date: 11/08/22
             Med: Hindi

QNO ANS       QNO ANS        QNO ANS        QNO ANS
 91  4             116  3             141  4
 92  1             117  2             142  2
 93  3             118  2             143  4
 94  4             119  3             144  3
 95  2             120  1             145  3
 96  2             121  3             146  1
 97  3             122  4             147  4
 98  1             123  2             148  1
 99  2             124  1             149  1
100  2             125  3             150  3
101  1             126  1
102  3             127  3
103  1             128  2
104  4             129  3
105  2             130  3
106  1             131  4
107  1             132  1
108  2             133  3
109  3             134  1
110  2             135  4
111  1             136  4
112  4             137  2
113  1             138  4
114  3             139  3
115  3             140  3





                                    Page 40/177

===== PDF PAGE 41 =====
                          CTET DEC-21 KEY
   Exam Date:  20/12/2021             PAPER-I 20-URDU                            Publish Date: 11/08/22
             Med: Hindi

QNO ANS       QNO ANS        QNO ANS        QNO ANS
 91  1             116  3             141  4
 92  2             117  2             142  2
 93  2             118  2             143  4
 94  1             119  3             144  3
 95  4             120  1             145  3
 96  2             121  2             146  1
 97  4             122  4             147  4
 98  1             123  3             148  1
 99  2             124  1             149  1
100  2             125  3             150  3
101  1             126  3
102  3             127  4
103  3             128  1
104  4             129  3
105  3             130  4
106  1             131  3
107  1             132  1
108  2             133  2
109  3             134  3
110  2             135  2
111  1             136  4
112  4             137  2
113  1             138  4
114  3             139  3
115  3             140  3





                                    Page 41/177

===== PDF PAGE 42 =====
                           CTET DEC-21 KEY
    Exam Date:  21/12/2021              PAPER-I -MAIN                             Publish Date: 11/08/22
              Med: Hindi

 QNO ANS       QNO ANS        QNO ANS        QNO ANS
  1   3             26   1             51   4              76   1
  2   2             27   1             52   1              77   1
  3   4             28   1             53   2              78   4
  4   2             29   1             54   2              79   4
  5   1             30   3             55   3              80   1
  6   2             31   4             56   2              81   4
  7   2             32   4             57   3              82   4
  8   2             33   1             58   4              83   2
  9   3             34   4             59   4              84   1
 10   4             35   2             60   1              85   3
 11   2             36   2             61   4              86   1
 12   3             37   4             62   1              87   4
 13   4             38   2             63   4              88   1
 14   3             39   3             64   9              89   1
 15   3             40   2             65   3              90   1
 16   1             41   2             66   3
 17   3             42   1             67   3
 18   4             43   4             68   2
 19   1             44   3             69   9
 20   3             45   1             70   2
 21   4             46   3             71   2
 22   2             47   2             72   2
 23   3             48   4             73    3,4
 24   1             49   2             74   4
 25   2             50   3             75   4

Answer key 9 means marks awarded to all the candidates





                                     Page 42/177

===== PDF PAGE 43 =====
                          CTET DEC-21 KEY
   Exam Date:  21/12/2021           PAPER-I 01-ENGLISH                          Publish Date: 11/08/22
             Med: Hindi

QNO ANS       QNO ANS        QNO ANS        QNO ANS
 91  3             116  4             141  2
 92  3             117  4             142  2
 93  4             118  4             143  3
 94  2             119  4             144  2
 95  1             120  3             145  2
 96  3             121  4             146  2
 97  2             122  3             147  3
 98  1             123  4             148  4
 99  2             124  2             149  4
100  2             125  3             150  4
101  3             126  4
102  3             127  2
103  4             128  1
104  3             129  3
105  3             130  2
106  3             131  2
107  3             132  2
108  3             133  1
109  2             134  2
110  1             135  4
111  4             136  2
112  4             137  2
113  3             138  3
114  3             139  4
115  1             140  2





                                    Page 43/177

===== PDF PAGE 44 =====
                          CTET DEC-21 KEY
   Exam Date:  21/12/2021             PAPER-I 02-HINDI                            Publish Date: 11/08/22
             Med: Hindi

QNO ANS       QNO ANS        QNO ANS        QNO ANS
 91  3             116  3             141  4
 92  4             117  2             142  3
 93  3             118  4             143  4
 94  1             119  1             144  4
 95  2             120  1             145  2
 96  2             121  2             146  3
 97  3             122  4             147  2
 98  2             123  1             148  1
 99  3             124  3             149  1
100  1             125  2             150  1
101  2             126  4
102  4             127  3
103  3             128  3
104  3             129  1
105  1             130  2
106  2             131  2
107  4             132  1
108  3             133  4
109  3             134  2
110  2             135  3
111  1             136  2
112  3             137  2
113  4             138  1
114  3             139  2
115  2             140  1





                                    Page 44/177

===== PDF PAGE 45 =====
                          CTET DEC-21 KEY
   Exam Date:  21/12/2021          PAPER-I 03-ASSAMESE                         Publish Date: 11/08/22
             Med: Hindi

QNO ANS       QNO ANS        QNO ANS        QNO ANS
 91  2             116  2             141  1
 92  3             117  1             142  1
 93  4             118  3             143  2
 94  3             119  1             144  3
 95  4             120  1             145  1
 96  1             121  2             146  4
 97  2             122  1             147  1
 98  1             123  4             148  1
 99  3             124  4             149  1
100  4             125  4             150  2
101  3             126  3
102  1             127  1
103  2             128  1
104  3             129  4
105  4             130  1
106  1             131  3
107  1             132  4
108  2             133  2
109  3             134  2
110  3             135  1
111  4             136  1
112  4             137  2
113  2             138  1
114  1             139  1
115  3             140  2





                                    Page 45/177

===== PDF PAGE 46 =====
                          CTET DEC-21 KEY
   Exam Date:  21/12/2021           PAPER-I 04-BENGALI                          Publish Date: 11/08/22
             Med: Hindi

QNO ANS       QNO ANS        QNO ANS        QNO ANS
 91  2             116  2             141  1
 92  4             117  1             142  1
 93  2             118  3             143  2
 94  1             119  1             144  3
 95  2             120  1             145  1
 96  3             121  3             146  4
 97  4             122  4             147  1
 98  1             123  1             148  1
 99  1             124  2             149  1
100  2             125  1             150  2
101  3             126  1
102  1             127  3
103  2             128  1
104  2             129  2
105  1             130  2
106  1             131  4
107  1             132  2
108  2             133  1
109  3             134  3
110  3             135  2
111  4             136  1
112  4             137  2
113  2             138  1
114  1             139  1
115  3             140  2





                                    Page 46/177

===== PDF PAGE 47 =====
                          CTET DEC-21 KEY
   Exam Date:  21/12/2021           PAPER-I 06-GUJARATI                         Publish Date: 11/08/22
             Med: Hindi

QNO ANS       QNO ANS        QNO ANS        QNO ANS
 91  2             116  2             141  1
 92  3             117  1             142  1
 93  4             118  3             143  2
 94  1             119  1             144  3
 95  1             120  1             145  1
 96  3             121  2             146  4
 97  4             122  3             147  1
 98  4             123  2             148  1
 99  3             124  4             149  1
100  1             125  2             150  2
101  4             126  2
102  2             127  4
103  3             128  1
104  1             129  2
105  2             130  3
106  1             131  4
107  1             132  3
108  2             133  1
109  3             134  4
110  3             135  4
111  4             136  1
112  4             137  2
113  2             138  1
114  1             139  1
115  3             140  2





                                    Page 47/177

===== PDF PAGE 48 =====
                          CTET DEC-21 KEY
   Exam Date:  21/12/2021           PAPER-I 07-KANNADA                          Publish Date: 11/08/22
             Med: Hindi

QNO ANS       QNO ANS        QNO ANS        QNO ANS
 91  2             116  2             141  1
 92  1             117  1             142  1
 93  4             118  3             143  2
 94  3             119  1             144  3
 95  1             120  1             145  1
 96  2             121  1             146  4
 97  4             122  2             147  1
 98  1             123  3             148  1
 99  3             124  4             149  1
100  2             125  2             150  2
101  3             126  3
102  2             127  4
103  1             128  2
104  3             129  1
105  4             130  2
106  1             131  3
107  1             132  4
108  2             133  3
109  3             134  2
110  3             135  2
111  4             136  1
112  4             137  2
113  2             138  1
114  1             139  1
115  3             140  2





                                    Page 48/177

===== PDF PAGE 49 =====
                          CTET DEC-21 KEY
   Exam Date:  21/12/2021          PAPER-I 09-MALAYALAM                        Publish Date: 11/08/22
             Med: Hindi

QNO ANS       QNO ANS        QNO ANS        QNO ANS
 91  3             116  2             141  1
 92  2             117  1             142  1
 93  4             118  3             143  2
 94  1             119  1             144  3
 95  2             120  1             145  1
 96  2             121  2             146  4
 97  1             122  3             147  1
 98  1             123  4             148  1
 99  3             124  3             149  1
100  4             125  2             150  2
101  3             126  3
102  4             127  2
103  1             128  3
104  2             129  3
105  1             130  4
106  1             131  2
107  1             132  4
108  2             133  1
109  3             134  2
110  3             135  3
111  4             136  1
112  4             137  2
113  2             138  1
114  1             139  1
115  3             140  2





                                    Page 49/177

===== PDF PAGE 50 =====
                          CTET DEC-21 KEY
   Exam Date:  21/12/2021           PAPER-I 10-MANIPURI                          Publish Date: 11/08/22
             Med: Hindi

QNO ANS       QNO ANS        QNO ANS        QNO ANS
 91  2             116  2             141  1
 92  1             117  1             142  1
 93  3             118  3             143  2
 94  2             119  1             144  3
 95  2             120  1             145  1
 96  1             121  2             146  4
 97  2             122  1             147  1
 98  4             123  3             148  1
 99  3             124  2             149  1
100  3             125  1             150  2
101  2             126  4
102  1             127  3
103  4             128  1
104  3             129  1
105  4             130  2
106  1             131  2
107  1             132  4
108  2             133  1
109  3             134  2
110  3             135  2
111  4             136  1
112  4             137  2
113  2             138  1
114  1             139  1
115  3             140  2





                                    Page 50/177

===== PDF PAGE 51 =====
                          CTET DEC-21 KEY
   Exam Date:  21/12/2021           PAPER-I 11-MARATHI                          Publish Date: 11/08/22
             Med: Hindi

QNO ANS       QNO ANS        QNO ANS        QNO ANS
 91  3             116  2             141  1
 92  2             117  1             142  1
 93  3             118  3             143  2
 94  1             119  1             144  3
 95  4             120  1             145  1
 96  1             121  4             146  4
 97  4             122  4             147  1
 98  1             123  4             148  1
 99  2             124  2             149  1
100  1             125  3             150  2
101  1             126  1
102  3             127  2
103  2             128  4
104  3             129  4
105  4             130  1
106  1             131  2
107  1             132  2
108  2             133  2
109  3             134  4
110  3             135  2
111  4             136  1
112  4             137  2
113  2             138  1
114  1             139  1
115  3             140  2





                                    Page 51/177

===== PDF PAGE 52 =====
                          CTET DEC-21 KEY
   Exam Date:  21/12/2021            PAPER-I 13-NEPALI                           Publish Date: 11/08/22
             Med: Hindi

QNO ANS       QNO ANS        QNO ANS        QNO ANS
 91  2             116  2             141  1
 92  1             117  1             142  1
 93  3             118  3             143  2
 94  4             119  1             144  3
 95  4             120  1             145  1
 96  2             121  2             146  4
 97  3             122  1             147  1
 98  2             123  3             148  1
 99  2             124  2             149  1
100  2             125  1             150  2
101  1             126  2
102  4             127  4
103  2             128  3
104  1             129  3
105  4             130  1
106  1             131  2
107  1             132  3
108  2             133  2
109  3             134  3
110  3             135  2
111  4             136  1
112  4             137  2
113  2             138  1
114  1             139  1
115  3             140  2





                                    Page 52/177

===== PDF PAGE 53 =====
                          CTET DEC-21 KEY
   Exam Date:  21/12/2021            PAPER-I 14-ORIYA                            Publish Date: 11/08/22
             Med: Hindi

QNO ANS       QNO ANS        QNO ANS        QNO ANS
 91  3             116  2             141  1
 92  1             117  1             142  1
 93  4             118  3             143  2
 94  1             119  1             144  3
 95  2             120  1             145  1
 96  3             121  4             146  4
 97  3             122  2             147  1
 98  2             123  4             148  1
 99  1             124  1             149  1
100  2             125  3             150  2
101  4             126  1
102  2             127  3
103  3             128  2
104  1             129  2
105  3             130  1
106  1             131  4
107  1             132  4
108  2             133  3
109  3             134  2
110  3             135  3
111  4             136  1
112  4             137  2
113  2             138  1
114  1             139  1
115  3             140  2





                                    Page 53/177

===== PDF PAGE 54 =====
                          CTET DEC-21 KEY
   Exam Date:  21/12/2021           PAPER-I 15-PUNJABI                          Publish Date: 11/08/22
             Med: Hindi

QNO ANS       QNO ANS        QNO ANS        QNO ANS
 91  4             116  2             141  1
 92  2             117  1             142  1
 93  3             118  3             143  2
 94  2             119  1             144  3
 95  4             120  1             145  1
 96  2             121  3             146  4
 97  4             122  4             147  1
 98  1             123  1             148  1
 99  3             124  2             149  1
100  1             125  1             150  2
101  4             126  3
102  2             127  2
103  3             128  2
104  2             129  2
105  1             130  4
106  1             131  1
107  1             132  3
108  2             133  2
109  3             134  1
110  3             135  3
111  4             136  1
112  4             137  2
113  2             138  1
114  1             139  1
115  3             140  2





                                    Page 54/177

===== PDF PAGE 55 =====
                          CTET DEC-21 KEY
   Exam Date:  21/12/2021           PAPER-I 16-SANSKRIT                         Publish Date: 11/08/22
             Med: Hindi

QNO ANS       QNO ANS        QNO ANS        QNO ANS
 91  2             116  2             141  1
 92  3             117  1             142  1
 93  1             118  3             143  2
 94  1             119  1             144  3
 95  4             120  1             145  1
 96  2             121  2             146  4
 97  3             122  1             147  1
 98  3             123  4             148  1
 99  3             124  1             149  1
100  1             125  2             150  2
101  4             126  1
102  3             127  2
103  3             128  1
104  3             129  1
105  2             130  3
106  1             131  1
107  1             132  1
108  2             133  2
109  3             134  3
110  3             135  4
111  4             136  1
112  4             137  2
113  2             138  1
114  1             139  1
115  3             140  2





                                    Page 55/177

===== PDF PAGE 56 =====
                          CTET DEC-21 KEY
   Exam Date:  21/12/2021             PAPER-I 17-TAMIL                            Publish Date: 11/08/22
             Med: Hindi

QNO ANS       QNO ANS        QNO ANS        QNO ANS
 91  2             116  2             141  1
 92  3             117  1             142  1
 93  1             118  3             143  2
 94  3             119  1             144  3
 95  2             120  1             145  1
 96  3             121  2             146  4
 97  4             122  3             147  1
 98  2             123  2             148  1
 99  2             124  3             149  1
100  2             125  2             150  2
101  2             126  4
102  3             127  1
103  1             128  2
104  3             129  2
105  2             130  3
106  1             131  2
107  1             132  3
108  2             133  2
109  3             134  1
110  3             135  3
111  4             136  1
112  4             137  2
113  2             138  1
114  1             139  1
115  3             140  2





                                    Page 56/177

===== PDF PAGE 57 =====
                          CTET DEC-21 KEY
   Exam Date:  21/12/2021            PAPER-I 18-TELUGU                           Publish Date: 11/08/22
             Med: Hindi

QNO ANS       QNO ANS        QNO ANS        QNO ANS
 91  1             116  2             141  1
 92  2             117  1             142  1
 93  3             118  3             143  2
 94  2             119  1             144  3
 95  4             120  1             145  1
 96  4             121  3             146  4
 97  3             122  4             147  1
 98  2             123  3             148  1
 99  1             124  4             149  1
100  3             125  4             150  2
101  1             126  4
102  3             127  2
103  2             128  4
104  1             129  2
105  4             130  1
106  1             131  4
107  1             132  1
108  2             133  3
109  3             134  2
110  3             135  4
111  4             136  1
112  4             137  2
113  2             138  1
114  1             139  1
115  3             140  2





                                    Page 57/177

===== PDF PAGE 58 =====
                          CTET DEC-21 KEY
   Exam Date:  21/12/2021             PAPER-I 20-URDU                            Publish Date: 11/08/22
             Med: Hindi

QNO ANS       QNO ANS        QNO ANS        QNO ANS
 91  1             116  2             141  1
 92  2             117  1             142  1
 93  2             118  3             143  2
 94  1             119  1             144  3
 95  2             120  1             145  1
 96  1             121  2             146  4
 97  1             122  1             147  1
 98  1             123  2             148  1
 99  1             124  3             149  1
100  2             125  2             150  2
101  1             126  4
102  2             127  1
103  1             128  2
104  2             129  1
105  1             130  2
106  1             131  1
107  1             132  1
108  2             133  2
109  3             134  1
110  3             135  2
111  4             136  1
112  4             137  2
113  2             138  1
114  1             139  1
115  3             140  2





                                    Page 58/177

===== PDF PAGE 59 =====
                           CTET DEC-21 KEY
    Exam Date:  22/12/2021              PAPER-I -MAIN                             Publish Date: 11/08/22
              Med: Hindi

 QNO ANS       QNO ANS        QNO ANS        QNO ANS
  1   2             26   3             51   3              76   9
  2   3             27   1             52   1              77   2
  3   4             28   3             53   3              78   1
  4   4             29   3             54   3              79   2
  5   1             30   3             55   3              80   3
  6   3             31   2             56   1              81   3
  7   1             32   2             57   1              82   3
  8   3             33   4             58   1              83   3
  9   3             34   4             59   2              84   4
 10   3             35   4             60   4              85   1
 11   1             36   3             61   3              86   2
 12   1             37   2             62   4              87   3
 13   4             38   3             63   3              88   3
 14   1             39   1             64   1              89   1
 15   3             40   4             65   4              90   4
 16   2             41   4             66   2
 17   4             42   4             67   3
 18   3             43   3             68   2
 19   4             44   2             69   1
 20   1             45   1             70   3
 21   4             46   4             71   2
 22   3             47   2             72   2
 23   4             48   2             73   3
 24   2             49   4             74   4
 25   1             50   1             75   3

Answer key 9 means marks awarded to all the candidates





                                     Page 59/177

===== PDF PAGE 60 =====
                          CTET DEC-21 KEY
   Exam Date:  22/12/2021           PAPER-I 01-ENGLISH                          Publish Date: 11/08/22
             Med: Hindi

QNO ANS       QNO ANS        QNO ANS        QNO ANS
 91  1             116  3             141  2
 92  4             117  3             142  3
 93  2             118  2             143  1
 94  1             119  3             144  3
 95  1             120  4             145  3
 96  4             121  1             146  3
 97  2             122  3             147  1
 98  3             123  2             148  2
 99  3             124  1             149  3
100  2             125  1             150  4
101  4             126  2
102  3             127  4
103  2             128  1
104  3             129  4
105  2             130  2
106  3             131  4
107  3             132  3
108  2             133  2
109  2             134  1
110  2             135  4
111  2             136  1
112  3             137  2
113  1             138  2
114  2             139  2
115  3             140  3





                                    Page 60/177

===== PDF PAGE 61 =====
                          CTET DEC-21 KEY
   Exam Date:  22/12/2021             PAPER-I 02-HINDI                            Publish Date: 11/08/22
             Med: Hindi

QNO ANS       QNO ANS        QNO ANS        QNO ANS
 91  1             116  1             141  2
 92  1             117  2             142  2
 93  3             118  3             143  3
 94  1             119  3             144  1
 95  2             120  3             145  3
 96  1             121  4             146  2
 97  3             122  3             147  4
 98  2             123  4             148  4
 99  3             124  1             149  2
100  2             125  2             150  4
101  4             126  3
102  2             127  4
103  2             128  3
104  2             129  4
105  2             130  2
106  3             131  2
107  3             132  3
108  2             133  2
109  2             134  2
110  3             135  1
111  2             136  2
112  3             137  3
113  3             138  1
114  1             139  4
115  4             140  2





                                    Page 61/177

===== PDF PAGE 62 =====
                          CTET DEC-21 KEY
   Exam Date:  22/12/2021          PAPER-I 03-ASSAMESE                         Publish Date: 11/08/22
             Med: Hindi

QNO ANS       QNO ANS        QNO ANS        QNO ANS
 91  3             116  4             141  3
 92  2             117  2             142  4
 93  1             118  3             143  3
 94  2             119  3             144  2
 95  1             120  1             145  3
 96  4             121  4             146  2
 97  3             122  3             147  1
 98  1             123  4             148  1
 99  2             124  2             149  2
100  2             125  1             150  1
101  1             126  1
102  2             127  1
103  2             128  3
104  3             129  3
105  2             130  2
106  2             131  1
107  2             132  3
108  3             133  2
109  3             134  3
110  1             135  2
111  2             136  2
112  1             137  3
113  3             138  2
114  3             139  1
115  3             140  3





                                    Page 62/177

===== PDF PAGE 63 =====
                          CTET DEC-21 KEY
   Exam Date:  22/12/2021           PAPER-I 04-BENGALI                          Publish Date: 11/08/22
             Med: Hindi

QNO ANS       QNO ANS        QNO ANS        QNO ANS
 91  2             116  4             141  3
 92  4             117  2             142  4
 93  3             118  3             143  3
 94  1             119  3             144  2
 95  2             120  1             145  3
 96  3             121  3             146  2
 97  2             122  1             147  1
 98  1             123  1             148  1
 99  3             124  4             149  2
100  2             125  2             150  1
101  1             126  1
102  4             127  3
103  3             128  2
104  2             129  4
105  1             130  3
106  2             131  1
107  2             132  3
108  3             133  2
109  3             134  2
110  1             135  3
111  2             136  2
112  1             137  3
113  3             138  2
114  3             139  1
115  3             140  3





                                    Page 63/177

===== PDF PAGE 64 =====
                          CTET DEC-21 KEY
   Exam Date:  22/12/2021           PAPER-I 06-GUJARATI                         Publish Date: 11/08/22
             Med: Hindi

QNO ANS       QNO ANS        QNO ANS        QNO ANS
 91  1             116  4             141  3
 92  3             117  2             142  4
 93  2             118  3             143  3
 94  3             119  3             144  2
 95  1             120  1             145  3
 96  3             121  2             146  2
 97  2             122  4             147  1
 98  4             123  3             148  1
 99  4             124  3             149  2
100  4             125  4             150  1
101  2             126  3
102  4             127  2
103  1             128  2
104  3             129  4
105  1             130  2
106  2             131  2
107  2             132  1
108  3             133  1
109  3             134  1
110  1             135  3
111  2             136  2
112  1             137  3
113  3             138  2
114  3             139  1
115  3             140  3





                                    Page 64/177

===== PDF PAGE 65 =====
                          CTET DEC-21 KEY
   Exam Date:  22/12/2021           PAPER-I 07-KANNADA                          Publish Date: 11/08/22
             Med: Hindi

QNO ANS       QNO ANS        QNO ANS        QNO ANS
 91  3             116  4             141  3
 92  4             117  2             142  4
 93  4             118  3             143  3
 94  2             119  3             144  2
 95  3             120  1             145  3
 96  1             121  3             146  2
 97  2             122  2             147  1
 98  1             123  1             148  1
 99  3             124  4             149  2
100  2             125  2             150  1
101  1             126  1
102  3             127  3
103  1             128  4
104  2             129  2
105  4             130  4
106  2             131  1
107  2             132  3
108  3             133  2
109  3             134  1
110  1             135  4
111  2             136  2
112  1             137  3
113  3             138  2
114  3             139  1
115  3             140  3





                                    Page 65/177

===== PDF PAGE 66 =====
                          CTET DEC-21 KEY
   Exam Date:  22/12/2021          PAPER-I 09-MALAYALAM                        Publish Date: 11/08/22
             Med: Hindi

QNO ANS       QNO ANS        QNO ANS        QNO ANS
 91  4             116  4             141  3
 92  2             117  2             142  4
 93  4             118  3             143  3
 94  2             119  3             144  2
 95  2             120  1             145  3
 96  1             121  1             146  2
 97  3             122  2             147  1
 98  2             123  3             148  1
 99  3             124  4             149  2
100  4             125  1             150  1
101  4             126  2
102  2             127  2
103  3             128  2
104  4             129  3
105  3             130  3
106  2             131  3
107  2             132  3
108  3             133  3
109  3             134  2
110  1             135  4
111  2             136  2
112  1             137  3
113  3             138  2
114  3             139  1
115  3             140  3





                                    Page 66/177

===== PDF PAGE 67 =====
                          CTET DEC-21 KEY
   Exam Date:  22/12/2021           PAPER-I 11-MARATHI                          Publish Date: 11/08/22
             Med: Hindi

QNO ANS       QNO ANS        QNO ANS        QNO ANS
 91  4             116  4             141  3
 92  1             117  2             142  4
 93  2             118  3             143  3
 94  3             119  3             144  2
 95  3             120  1             145  3
 96  3             121  4             146  2
 97  1             122  3             147  1
 98  2             123  1             148  1
 99  1             124  3             149  2
100  3             125  4             150  1
101  1             126  2
102  2             127  1
103  4             128  3
104  2             129  3
105  3             130  3
106  2             131  2
107  2             132  2
108  3             133  2
109  3             134  2
110  1             135  4
111  2             136  2
112  1             137  3
113  3             138  2
114  3             139  1
115  3             140  3





                                    Page 67/177

===== PDF PAGE 68 =====
                          CTET DEC-21 KEY
   Exam Date:  22/12/2021            PAPER-I 14-ORIYA                            Publish Date: 11/08/22
             Med: Hindi

QNO ANS       QNO ANS        QNO ANS        QNO ANS
 91  3             116  4             141  3
 92  2             117  2             142  4
 93  2             118  3             143  3
 94  3             119  3             144  2
 95  2             120  1             145  3
 96  3             121  2             146  2
 97  1             122  3             147  1
 98  4             123  4             148  1
 99  3             124  2             149  2
100  2             125  1             150  1
101  3             126  3
102  4             127  2
103  4             128  3
104  1             129  2
105  3             130  2
106  2             131  4
107  2             132  2
108  3             133  4
109  3             134  4
110  1             135  2
111  2             136  2
112  1             137  3
113  3             138  2
114  3             139  1
115  3             140  3





                                    Page 68/177

===== PDF PAGE 69 =====
                          CTET DEC-21 KEY
   Exam Date:  22/12/2021           PAPER-I 15-PUNJABI                          Publish Date: 11/08/22
             Med: Hindi

QNO ANS       QNO ANS        QNO ANS        QNO ANS
 91  2             116  4             141  3
 92  4             117  2             142  4
 93  3             118  3             143  3
 94  2             119  3             144  2
 95  3             120  1             145  3
 96  1             121  2             146  2
 97  3             122  1             147  1
 98  4             123  1             148  1
 99  3             124  3             149  2
100  3             125  4             150  1
101  2             126  2
102  3             127  3
103  1             128  1
104  2             129  3
105  1             130  3
106  2             131  1
107  2             132  1
108  3             133  4
109  3             134  3
110  1             135  2
111  2             136  2
112  1             137  3
113  3             138  2
114  3             139  1
115  3             140  3





                                    Page 69/177

===== PDF PAGE 70 =====
                          CTET DEC-21 KEY
   Exam Date:  22/12/2021           PAPER-I 16-SANSKRIT                         Publish Date: 11/08/22
             Med: Hindi

QNO ANS       QNO ANS        QNO ANS        QNO ANS
 91  1             116  4             141  3
 92  2             117  2             142  4
 93  3             118  3             143  3
 94  4             119  3             144  2
 95  4             120  1             145  3
 96  2             121  2             146  2
 97  4             122  3             147  3
 98  1             123  1             148  1
 99  3             124  3             149  2
100  2             125  2             150  1
101  3             126  3
102  1             127  3
103  3             128  3
104  2             129  3
105  4             130  2
106  2             131  4
107  2             132  4
108  3             133  4
109  3             134  2
110  1             135  3
111  2             136  2
112  1             137  3
113  3             138  2
114  3             139  1
115  3             140  3





                                    Page 70/177

===== PDF PAGE 71 =====
                          CTET DEC-21 KEY
   Exam Date:  22/12/2021             PAPER-I 17-TAMIL                            Publish Date: 11/08/22
             Med: Hindi

QNO ANS       QNO ANS        QNO ANS        QNO ANS
 91  2             116  4             141  3
 92  1             117  2             142  4
 93  1             118  3             143  3
 94  2             119  3             144  2
 95  2             120  1             145  3
 96  4             121  3             146  2
 97  3             122  4             147  1
 98  4             123  3             148  1
 99  4             124  1             149  2
100  1             125  4             150  1
101  4             126  3
102  3             127  2
103  2             128  2
104  4             129  2
105  3             130  1
106  2             131  2
107  2             132  2
108  3             133  4
109  3             134  3
110  1             135  1
111  2             136  2
112  1             137  3
113  3             138  2
114  3             139  1
115  3             140  3





                                    Page 71/177

===== PDF PAGE 72 =====
                          CTET DEC-21 KEY
   Exam Date:  22/12/2021            PAPER-I 18-TELUGU                           Publish Date: 11/08/22
             Med: Hindi

QNO ANS       QNO ANS        QNO ANS        QNO ANS
 91  2             116  4             141  3
 92  3             117  2             142  4
 93  4             118  3             143  3
 94  2             119  3             144  2
 95  4             120  1             145  3
 96  4             121  4             146  2
 97  3             122  3             147  1
 98  1             123  1             148  1
 99  2             124  3             149  2
100  3             125  2             150  1
101  2             126  3
102  4             127  4
103  3             128  2
104  4             129  2
105  2             130  3
106  2             131  4
107  2             132  4
108  3             133  2
109  3             134  2
110  1             135  1
111  2             136  2
112  1             137  3
113  3             138  2
114  3             139  1
115  3             140  3





                                    Page 72/177

===== PDF PAGE 73 =====
                          CTET DEC-21 KEY
   Exam Date:  22/12/2021             PAPER-I 20-URDU                            Publish Date: 11/08/22
             Med: Hindi

QNO ANS       QNO ANS        QNO ANS        QNO ANS
 91  1             116  4             141  3
 92  4             117  2             142  4
 93  2             118  3             143  3
 94  1             119  3             144  2
 95  2             120  1             145  3
 96  1             121  1             146  2
 97  2             122  3             147  1
 98  1             123  1             148  1
 99  3             124  1             149  2
100  1             125  2             150  1
101  2             126  3
102  4             127  1
103  3             128  2
104  2             129  1
105  1             130  3
106  2             131  2
107  2             132  4
108  3             133  1
109  3             134  2
110  1             135  3
111  2             136  2
112  1             137  3
113  3             138  2
114  3             139  1
115  3             140  3





                                    Page 73/177

===== PDF PAGE 74 =====
                          CTET DEC-21 KEY
  Exam Date:  23/12/2021              PAPER-I -MAIN                             Publish Date: 11/08/22
            Med: Hindi

QNO ANS       QNO ANS        QNO ANS        QNO ANS
 1   3             26   2             51   4              76   1
 2   2             27   2             52   2              77   1
 3   4             28   3             53   1              78   1
 4   3             29   2             54   4              79   4
 5   1             30   1             55   3              80   1
 6   1             31   1             56   4              81   1
 7   3             32   4             57   1              82   1
 8   1             33   2             58   3              83   2
 9   3             34   4             59   1              84   1
10   3             35   3             60   4              85   4
11   2             36   4             61   2              86   1
12   4             37   2             62   2              87   1
13   1             38   4             63   1              88   1
14   4             39   1             64   3              89   1
15   1             40   3             65   3              90   1
16   3             41   4             66   2
17   2             42   4             67   4
18   1             43   3             68   2
19   2             44   1             69   1
20   1             45   2             70   3
21   2             46   1             71   4
22   2             47   1             72   4
23   3             48   2             73   4
24   2             49   3             74   4
25   2             50   2             75   3





                                    Page 74/177

===== PDF PAGE 75 =====
                          CTET DEC-21 KEY
   Exam Date:  23/12/2021           PAPER-I 01-ENGLISH                          Publish Date: 11/08/22
             Med: Hindi

QNO ANS       QNO ANS        QNO ANS        QNO ANS
 91  4             116  3             141  1
 92  1             117  1             142  2
 93  4             118  1             143  3
 94  3             119  2             144  2
 95  4             120  4             145  1
 96  1             121  4             146  2
 97  2             122  1             147  2
 98  3             123  4             148  1
 99  2             124  4             149  2
100  4             125  2             150  3
101  4             126  2
102  3             127  4
103  4             128  3
104  3             129  4
105  4             130  4
106  1             131  4
107  2             132  4
108  2             133  4
109  4             134  4
110  3             135  2
111  2             136  3
112  2             137  2
113  4             138  4
114  2             139  3
115  3             140  3





                                    Page 75/177

===== PDF PAGE 76 =====
                          CTET DEC-21 KEY
   Exam Date:  23/12/2021             PAPER-I 02-HINDI                            Publish Date: 11/08/22
             Med: Hindi

QNO ANS       QNO ANS        QNO ANS        QNO ANS
 91  3             116  3             141  1
 92  4             117  1             142  2
 93  2             118  1             143  3
 94  3             119  2             144  2
 95  1             120  4             145  1
 96  4             121  4             146  2
 97  1             122  3             147  2
 98  3             123  3             148  1
 99  4             124  1             149  2
100  4             125  3             150  3
101  2             126  1
102  3             127  3
103  1             128  2
104  3             129  4
105  2             130  3
106  1             131  2
107  2             132  3
108  2             133  1
109  4             134  2
110  3             135  1
111  2             136  3
112  2             137  2
113  4             138  4
114  2             139  3
115  3             140  3





                                    Page 76/177

===== PDF PAGE 77 =====
                          CTET DEC-21 KEY
   Exam Date:  23/12/2021          PAPER-I 03-ASSAMESE                         Publish Date: 11/08/22
             Med: Hindi

QNO ANS       QNO ANS        QNO ANS        QNO ANS
 91  2             116  3             141  1
 92  4             117  1             142  2
 93  2             118  1             143  3
 94  4             119  2             144  2
 95  2             120  4             145  1
 96  3             121  1             146  2
 97  3             122  3             147  2
 98  3             123  4             148  1
 99  3             124  2             149  2
100  1             125  2             150  3
101  2             126  2
102  4             127  2
103  2             128  2
104  3             129  1
105  3             130  4
106  1             131  3
107  2             132  2
108  2             133  4
109  4             134  2
110  3             135  2
111  2             136  3
112  2             137  2
113  4             138  4
114  2             139  3
115  3             140  3





                                    Page 77/177

===== PDF PAGE 78 =====
                          CTET DEC-21 KEY
   Exam Date:  23/12/2021           PAPER-I 16-SANSKRIT                         Publish Date: 11/08/22
             Med: Hindi

QNO ANS       QNO ANS        QNO ANS        QNO ANS
 91  2             116  3             141  1
 92  4             117  1             142  1
 93  3             118  1             143  3
 94  3             119  2             144  2
 95  1             120  4             145  1
 96  2             121  2             146  2
 97  4             122  1             147  2
 98  1             123  2             148  1
 99  3             124  2             149  2
100  3             125  1             150  3
101  2             126  4
102  4             127  1
103  4             128  4
104  1             129  3
105  2             130  3
106  1             131  2
107  2             132  3
108  2             133  2
109  4             134  2
110  3             135  2
111  2             136  3
112  2             137  2
113  4             138  4
114  2             139  3
115  3             140  3





                                    Page 78/177

===== PDF PAGE 79 =====
                          CTET DEC-21 KEY
   Exam Date:  23/12/2021             PAPER-I 20-URDU                            Publish Date: 11/08/22
             Med: Hindi

QNO ANS       QNO ANS        QNO ANS        QNO ANS
 91  2             116  3             141  1
 92  1             117  1             142  2
 93  3             118  1             143  3
 94  1             119  2             144  2
 95  4             120  4             145  1
 96  1             121  1             146  2
 97  1             122  2             147  2
 98  1             123  4             148  1
 99  2             124  1             149  2
100  1             125  2             150  3
101  3             126  1
102  1             127  3
103  2             128  1
104  3             129  1
105  1             130  1
106  1             131  3
107  2             132  1
108  2             133  2
109  4             134  1
110  3             135  1
111  2             136  3
112  2             137  2
113  4             138  4
114  2             139  3
115  3             140  3





                                    Page 79/177

===== PDF PAGE 80 =====
                           CTET DEC-21 KEY
    Exam Date:  24/12/2021              PAPER-I -MAIN                             Publish Date: 11/08/22
              Med: Hindi

 QNO ANS       QNO ANS        QNO ANS        QNO ANS
  1   2             26   1             51   4              76   3
  2   1             27   3             52   2              77   3
  3   2             28   2             53   1              78   4
  4   4             29   2             54   2              79   1
  5   3             30   4             55   3              80   3
  6   1             31   3             56   3              81   3
  7   2             32   3             57   4              82   1
  8   1             33   1             58   2              83   4
  9   3             34   3             59   3              84   3
 10   1             35   2             60   4              85   3
 11   3             36   1             61   4              86   1
 12   3             37   4             62   3              87   3
 13   2             38   2             63   9              88   4
 14   4             39   3             64   1              89   4
 15   1             40   2             65   3              90   4
 16   4             41   4             66   2
 17   4             42   2             67   2
 18   2             43   4             68   2
 19   2             44   3             69   2
 20   4             45   1             70   3
 21   4             46   2             71   4
 22   2             47   2             72   3
 23   1             48   1             73   1
 24   2             49   1             74   3
 25   1             50   4             75   3

Answer key 9 means marks awarded to all the candidates





                                     Page 80/177

===== PDF PAGE 81 =====
                          CTET DEC-21 KEY
   Exam Date:  24/12/2021           PAPER-I 01-ENGLISH                          Publish Date: 11/08/22
             Med: Hindi

QNO ANS       QNO ANS        QNO ANS        QNO ANS
 91  2             116  1             141  3
 92  3             117  1             142  1
 93  2             118  2             143  2
 94  1             119  2             144  1
 95  3             120  2             145  3
 96  3             121  3             146  1
 97  2             122  4             147  3
 98  2             123  2             148  2
 99  3             124  3             149  3
100  2             125  3             150  1
101  3             126  1
102  4             127  2
103  4             128  3
104  2             129  2
105  3             130  4
106  2             131  1
107  1             132  3
108  4             133  2
109  4             134  1
110  4             135  4
111  2             136  3
112  1             137  4
113  2             138  2
114  2             139  2
115  1             140  3





                                    Page 81/177

===== PDF PAGE 82 =====
                          CTET DEC-21 KEY
   Exam Date:  24/12/2021             PAPER-I 02-HINDI                            Publish Date: 11/08/22
             Med: Hindi

QNO ANS       QNO ANS        QNO ANS        QNO ANS
 91  3             116  1             141  3
 92  4             117  1             142  1
 93  3             118  2             143  2
 94  2             119  2             144  1
 95  1             120  2             145  3
 96  1             121  2             146  1
 97  4             122  4             147  3
 98  2             123  2             148  2
 99  3             124  1             149  3
100  3             125  2             150  1
101  2             126  3
102  4             127  1
103  3             128  3
104  3             129  1
105  2             130  3
106  2             131  2
107  1             132  2
108  4             133  3
109  4             134  3
110  4             135  2
111  2             136  3
112  1             137  4
113  2             138  2
114  2             139  2
115  1             140  3





                                    Page 82/177

===== PDF PAGE 83 =====
                           CTET DEC-21 KEY
    Exam Date:  24/12/2021           PAPER-I 16-SANSKRIT                         Publish Date: 11/08/22
              Med: Hindi

 QNO ANS       QNO ANS        QNO ANS        QNO ANS
  91  2             116  1             141  3
  92  1             117  1             142  1
  93  2             118  2             143  2
  94  1             119  2             144  1
  95  2             120  2             145  3
  96  3             121  1             146  1
  97  1             122  3             147  3
  98  3             123  4             148  2
  99  4             124  3             149  3
 100  3             125  4             150  1
 101  1             126  4
 102  1             127  9
 103  4             128  4
 104  1             129  2
 105  4             130  1
 106  2             131  3
 107  1             132  2
 108  4             133  1
 109  4             134  1
 110  4             135  4
 111  2             136  3
 112  1             137  4
 113  2             138  2
 114  2             139  2
 115  1             140  3

Answer key 9 means marks awarded to all the candidates





                                     Page 83/177

===== PDF PAGE 84 =====
                           CTET DEC-21 KEY
    Exam Date:  27/12/2021              PAPER-I -MAIN                             Publish Date: 11/08/22
              Med: Hindi

 QNO ANS       QNO ANS        QNO ANS        QNO ANS
  1   3             26   2             51   2              76   1
  2   1             27   2             52   4              77   1
  3   1             28   4             53   3              78   2
  4   1             29   3             54   1              79   3
  5   4             30   4             55   4              80   9
  6   2             31   9             56   2              81   1
  7   2             32   4             57   3              82   2
  8   3             33   3             58   2              83   3
  9   3             34   1             59   2              84   3
 10   2             35   4             60   1              85   1
 11   1             36   2             61   2              86   3
 12   1             37   2             62   2              87   1
 13   2             38   2             63   2              88   3
 14   2             39   3             64   4              89   1
 15   2             40   4             65   2              90   3
 16   4             41   2             66   3
 17   4             42   4             67   2
 18   1             43   1             68   1
 19   2             44   3             69   3
 20   2             45   4             70   2
 21   3             46   3             71   4
 22   3             47   1             72   2
 23   2             48   2             73   3
 24   2             49   1             74   1
 25   2             50   3             75   4

Answer key 9 means marks awarded to all the candidates





                                     Page 84/177

===== PDF PAGE 85 =====
                          CTET DEC-21 KEY
   Exam Date:  27/12/2021           PAPER-I 01-ENGLISH                          Publish Date: 11/08/22
             Med: Hindi

QNO ANS       QNO ANS        QNO ANS        QNO ANS
 91  4             116  4             141  1
 92  2             117  4             142  2
 93  4             118  4             143  1
 94  2             119  4             144  4
 95  3             120  4             145  3
 96  3             121  4             146  1
 97  3             122  4             147  2
 98  4             123  2             148  3
 99  1             124  3             149  3
100  2             125  3             150  2
101  2             126  3
102  3             127  2
103  2             128  1
104  1             129  3
105  3             130  4
106  4             131  4
107  2             132  4
108  3             133  1
109  1             134  2
110  4             135  3
111  1             136  4
112  4             137  3
113  1             138  1
114  1             139  4
115  1             140  3





                                    Page 85/177

===== PDF PAGE 86 =====
                          CTET DEC-21 KEY
   Exam Date:  27/12/2021             PAPER-I 02-HINDI                            Publish Date: 11/08/22
             Med: Hindi

QNO ANS       QNO ANS        QNO ANS        QNO ANS
 91  4             116  4             141  1
 92  2             117  4             142  2
 93  3             118  4             143  1
 94  1             119  4             144  4
 95  2             120  4             145  3
 96  1             121  3             146  1
 97  2             122  2             147  2
 98  2             123  1             148  3
 99  4             124  3             149  3
100  3             125  2             150  2
101  4             126  1
102  2             127  2
103  1             128  3
104  4             129  3
105  2             130  2
106  4             131  2
107  2             132  1
108  3             133  3
109  1             134  3
110  4             135  2
111  1             136  4
112  4             137  3
113  1             138  1
114  1             139  4
115  1             140  3





                                    Page 86/177

===== PDF PAGE 87 =====
                          CTET DEC-21 KEY
   Exam Date:  27/12/2021           PAPER-I 16-SANSKRIT                         Publish Date: 11/08/22
             Med: Hindi

QNO ANS       QNO ANS        QNO ANS        QNO ANS
 91  2             116  4             141  1
 92  2             117  4             142  2
 93  1             118  4             143  1
 94  3             119  4             144  4
 95  4             120  4             145  3
 96  3             121  3             146  1
 97  1             122  3             147  2
 98  1             123  3             148  3
 99  3             124  2             149  3
100  4             125  3             150  2
101  1             126  2
102  1             127  3
103  4             128  4
104  3             129  2
105  1             130  1
106  4             131  3
107  2             132  4
108  3             133  4
109  1             134  2
110  4             135  4
111  1             136  4
112  4             137  3
113  1             138  1
114  1             139  4
115  1             140  3





                                    Page 87/177

===== PDF PAGE 88 =====
                          CTET DEC-21 KEY
  Exam Date:  28/12/2021              PAPER-I -MAIN                             Publish Date: 11/08/22
            Med: Hindi

QNO ANS       QNO ANS        QNO ANS        QNO ANS
 1   4             26   3             51   4              76   1
 2   1             27   3             52   4              77   2
 3   2             28   3             53   1              78   4
 4   1             29   3             54   1              79   3
 5   4             30   4             55   2              80   3
 6   3             31   2             56   4              81   3
 7   1             32   4             57   2              82   2
 8   2             33   3             58   2              83   2
 9   2             34   3             59   3              84   2
10   1             35   1             60   4              85   3
11   4             36   3             61   4              86   2
12   1             37   1             62   4              87   2
13   3             38   1             63   3              88   3
14   3             39   1             64   3              89   2
15   3             40   4             65   4              90   3
16   3             41   2             66   4
17   2             42   4             67   4
18   1             43   1             68   3
19   3             44   2             69   3
20   3             45   1             70   4
21   3             46   2             71   3
22   1             47   4             72   4
23   2             48   1             73   4
24   3             49   4             74   4
25   2             50   3             75   2





                                    Page 88/177

===== PDF PAGE 89 =====
                          CTET DEC-21 KEY
   Exam Date:  28/12/2021           PAPER-I 01-ENGLISH                          Publish Date: 11/08/22
             Med: Hindi

QNO ANS       QNO ANS        QNO ANS        QNO ANS
 91  2             116  3             141  1
 92  2             117  2             142  3
 93  2             118  4             143  2
 94  4             119  2             144  1
 95  1             120  3             145  3
 96  3             121  1             146  2
 97  2             122  2             147  2
 98  2             123  1             148  1
 99  1             124  1             149  1
100  3             125  1             150  2
101  1             126  1
102  2             127  1
103  1             128  4
104  4             129  3
105  2             130  4
106  2             131  1
107  1             132  3
108  2             133  3
109  2             134  2
110  2             135  4
111  1             136  4
112  1             137  1
113  4             138  4
114  3             139  2
115  3             140  1





                                    Page 89/177

===== PDF PAGE 90 =====
                          CTET DEC-21 KEY
   Exam Date:  28/12/2021             PAPER-I 02-HINDI                            Publish Date: 11/08/22
             Med: Hindi

QNO ANS       QNO ANS        QNO ANS        QNO ANS
 91  2             116  3             141  1
 92  2             117  2             142  3
 93  4             118  4             143  2
 94  3             119  2             144  1
 95  1             120  3             145  3
 96  3             121  2             146  2
 97  4             122  1             147  2
 98  2             123  1             148  1
 99  4             124  1             149  1
100  3             125  3             150  2
101  1             126  4
102  3             127  1
103  1             128  4
104  4             129  2
105  1             130  4
106  2             131  2
107  1             132  4
108  2             133  1
109  2             134  1
110  2             135  3
111  1             136  4
112  1             137  1
113  4             138  4
114  3             139  2
115  3             140  1





                                    Page 90/177

===== PDF PAGE 91 =====
                          CTET DEC-21 KEY
   Exam Date:  28/12/2021           PAPER-I 16-SANSKRIT                         Publish Date: 11/08/22
             Med: Hindi

QNO ANS       QNO ANS        QNO ANS        QNO ANS
 91  3             116  2             141  1
 92  1             117  2             142  1
 93  4             118  1             143  4
 94  1             119  1             144  3
 95  3             120  2             145  3
 96  1             121  3             146  3
 97  4             122  4             147  2
 98  2             123  1             148  4
 99  1             124  3             149  2
100  3             125  1             150  3
101  2             126  2
102  4             127  1
103   1,3           128  4
104  2             129  2
105  3             130  1
106  4             131  4
107  1             132  3
108  4             133  1
109  2             134  2
110  1             135  1
111  1             136  2
112  3             137  1
113  2             138  2
114  1             139  2
115  3             140  2





                                    Page 91/177

===== PDF PAGE 92 =====
                          CTET DEC-21 KEY
  Exam Date:  29/12/2021              PAPER-I -MAIN                             Publish Date: 11/08/22
            Med: Hindi

QNO ANS       QNO ANS        QNO ANS        QNO ANS
 1   3             26   1             51   1              76   2
 2   1             27   4             52   4              77   2
 3   2             28   1             53   4              78   2
 4   1             29   1             54   4              79   3
 5   4             30   4             55   1              80   3
 6   1             31   4             56   2              81   3
 7   1             32   2             57   4              82   2
 8   3             33   4             58   1              83   4
 9   2             34   4             59   2              84   4
10   2             35   4             60   4              85   4
11   2             36   3             61   3              86   4
12   3             37   2             62   3              87   3
13   3             38   1             63   3              88   3
14   4             39   1             64   4              89   3
15   1             40   1             65   3              90   2
16   2             41   1             66   2
17   4             42   1             67   2
18   2             43   1             68   3
19   3             44   4             69   1
20   1             45   3             70   2
21   3             46   2             71   4
22   2             47   4             72   4
23   4             48   4             73   1
24   3             49   2             74   3
25   3             50   1             75   1





                                    Page 92/177

===== PDF PAGE 93 =====
                          CTET DEC-21 KEY
   Exam Date:  29/12/2021           PAPER-I 01-ENGLISH                          Publish Date: 11/08/22
             Med: Hindi

QNO ANS       QNO ANS        QNO ANS        QNO ANS
 91  4             116  3             141  2
 92  4             117  1             142  2
 93  2             118  1             143  1
 94  3             119  1             144  4
 95  2             120  2             145  4
 96  3             121  4             146  2
 97  3             122  3             147  2
 98  2             123  2             148  2
 99  3             124  4             149  1
100  4             125  2             150  2
101  4             126  2
102  2             127  3
103  3             128  2
104  3             129  3
105  2             130  3
106  4             131  3
107  1             132  4
108  1             133  4
109  3             134  3
110  3             135  2
111  2             136  1
112  1             137  1
113  1             138  2
114  1             139  3
115  1             140  2





                                    Page 93/177

===== PDF PAGE 94 =====
                          CTET DEC-21 KEY
   Exam Date:  29/12/2021             PAPER-I 02-HINDI                            Publish Date: 11/08/22
             Med: Hindi

QNO ANS       QNO ANS        QNO ANS        QNO ANS
 91  1             116  3             141  2
 92  2             117  1             142  2
 93  1             118  1             143  1
 94  2             119  1             144  4
 95  3             120  2             145  4
 96  2             121  1             146  2
 97  3             122  2             147  2
 98  2             123  2             148  2
 99  3             124  2             149  1
100  1             125  1             150  2
101  2             126  1
102  1             127  4
103  2             128  2
104  4             129  3
105  1             130  2
106  4             131  3
107  1             132  1
108  1             133  2
109  3             134  4
110  3             135  1
111  2             136  1
112  1             137  1
113  1             138  2
114  1             139  3
115  1             140  2





                                    Page 94/177

===== PDF PAGE 95 =====
                          CTET DEC-21 KEY
   Exam Date:  29/12/2021           PAPER-I 16-SANSKRIT                         Publish Date: 11/08/22
             Med: Hindi

QNO ANS       QNO ANS        QNO ANS        QNO ANS
 91  3             116  3             141  2
 92  1             117  1             142  2
 93  2             118  1             143  1
 94  4             119  1             144  4
 95  3             120  2             145  4
 96  1             121  1             146  2
 97  4             122  3             147  2
 98  2             123  2             148  2
 99  1             124  2             149  1
100  4             125  1             150  2
101  3             126  2
102  4             127  4
103  3             128  1
104  2             129  3
105  4             130  3
106  4             131  1
107  1             132  2
108  1             133  2
109  3             134  4
110  3             135  1
111  2             136  1
112  1             137  1
113  1             138  2
114  1             139  3
115  1             140  2





                                    Page 95/177

===== PDF PAGE 96 =====
                           CTET DEC-21 KEY
    Exam Date:  30/12/2021              PAPER-I -MAIN                             Publish Date: 11/08/22
              Med: Hindi

 QNO ANS       QNO ANS        QNO ANS        QNO ANS
  1   2             26   3             51   4              76   3
  2   3             27   2             52   2              77   3
  3   3             28   2             53   1              78   2
  4   4             29   4             54   2              79   2
  5   1             30   1             55   3              80   3
  6   3             31   1             56   1              81   4
  7   3             32   1             57   4              82   1
  8   3             33   2             58   3              83   1
  9   1             34   2             59   1              84   1
 10   4             35   1             60   2              85   1
 11   4             36   1             61   9              86   3
 12    2,4            37   4             62   1              87   3
 13   2             38   3             63   2              88   2
 14   1             39   2             64   3              89   4
 15   4             40   2             65   4              90   1
 16   3             41   3             66   4
 17   3             42   4             67   3
 18   4             43   1             68   2
 19   4             44   1             69   2
 20   3             45   3             70   3
 21    1,3            46   3             71   3
 22   2             47   2             72   4
 23   2             48   3             73   1
 24   1             49   3             74   2
 25   4             50   4             75   2

Answer key 9 means marks awarded to all the candidates





                                     Page 96/177

===== PDF PAGE 97 =====
                          CTET DEC-21 KEY
   Exam Date:  30/12/2021           PAPER-I 01-ENGLISH                          Publish Date: 11/08/22
             Med: Hindi

QNO ANS       QNO ANS        QNO ANS        QNO ANS
 91  1             116  3             141  1
 92  3             117  2             142  3
 93  3             118  3             143  1
 94  1             119  2             144  4
 95  2             120  2             145  2
 96  2             121  2             146  3
 97  4             122  3             147  2
 98  1             123  1             148  1
 99  2             124  4             149  2
100  3             125  2             150  2
101  4             126  3
102  2             127  3
103  2             128  1
104  2             129  4
105  2             130  3
106  3             131  1
107  3             132  2
108  4             133  3
109  4             134  1
110  1             135  2
111  3             136  1
112  3             137  2
113  2             138  1
114  3             139  1
115  3             140  4





                                    Page 97/177

===== PDF PAGE 98 =====
                          CTET DEC-21 KEY
   Exam Date:  30/12/2021             PAPER-I 02-HINDI                            Publish Date: 11/08/22
             Med: Hindi

QNO ANS       QNO ANS        QNO ANS        QNO ANS
 91  3             116  3             141  1
 92  3             117  2             142  3
 93  1             118  3             143  1
 94  1             119  1             144  4
 95  2             120  2             145  2
 96  2             121  3             146  3
 97  2             122  4             147  2
 98  2             123  1             148  1
 99  4             124  3             149  2
100  2             125  4             150  2
101  2             126  4
102  4             127  2
103  1             128  1
104  4             129  1
105  3             130  2
106  3             131  1
107  3             132  4
108  4             133  4
109  4             134  1
110  1             135  1
111  3             136  1
112  3             137  2
113  2             138  1
114  3             139  1
115  3             140  4





                                    Page 98/177

===== PDF PAGE 99 =====
                          CTET DEC-21 KEY
   Exam Date:  30/12/2021           PAPER-I 16-SANSKRIT                         Publish Date: 11/08/22
             Med: Hindi

QNO ANS       QNO ANS        QNO ANS        QNO ANS
 91  2             116  3             141  1
 92  3             117  2             142  3
 93  1             118  3             143  1
 94  3             119  1             144  4
 95  2             120  2             145  2
 96  1             121  1             146  3
 97  2             122  2             147  2
 98  1             123  1             148  1
 99  3             124  3             149  2
100  1             125  3             150  2
101  4             126  4
102  4             127  3
103  4             128  2
104  3             129  1
105  4             130  1
106  3             131  1
107  3             132  2
108  4             133  4
109  4             134  1
110  1             135  2
111  3             136  1
112  3             137  2
113  2             138  1
114  3             139  1
115  3             140  4





                                    Page 99/177

===== PDF PAGE 100 =====
                           CTET DEC-21 KEY
    Exam Date:  31/12/2021              PAPER-I -MAIN                             Publish Date: 11/08/22
              Med: Hindi

 QNO ANS       QNO ANS        QNO ANS        QNO ANS
  1   3             26   1             51   2              76   1
  2   2             27   9             52   1              77   2
  3   1             28   3             53   3              78   1
  4   3             29   1             54   2              79   2
  5   2             30   4             55   1              80   3
  6   3             31   1             56   2              81   1
  7   3             32   2             57   3              82   1
  8   1             33   1             58   2              83   3
  9   1             34   2             59   2              84   1
 10   3             35   2             60   2              85   1
 11   3             36   3             61   3              86   1
 12   2             37   1             62   1              87   3
 13   1             38   2             63   3              88   1
 14   3             39   4             64   4              89   1
 15   2             40   3             65   4              90   1
 16   2             41   2             66   2
 17   3             42   1             67   4
 18   3             43   2             68   3
 19   4             44   1             69   3
 20   2             45   3             70   2
 21   4             46   3             71   2
 22   3             47   1             72   4
 23   4             48   1             73   4
 24   2             49   3             74   3
 25   1             50   1             75   3

Answer key 9 means marks awarded to all the candidates





                                     Page 100/177

===== PDF PAGE 101 =====
                          CTET DEC-21 KEY
   Exam Date:  31/12/2021           PAPER-I 01-ENGLISH                          Publish Date: 11/08/22
             Med: Hindi

QNO ANS       QNO ANS        QNO ANS        QNO ANS
 91  4             116  3             141  3
 92  4             117  2             142  1
 93  3             118  3             143  1
 94  3             119  3             144  1
 95  1             120  1             145  2
 96  2             121  1             146  2
 97  2             122  3             147  1
 98  3             123  1             148  4
 99  4             124  1             149  4
100  3             125  2             150  2
101  4             126  2
102  4             127  4
103  1             128  3
104  2             129  3
105  2             130  2
106  4             131  4
107  2             132  2
108  4             133  2
109  4             134  2
110  1             135  2
111  4             136  3
112  1             137  2
113  2             138  2
114  3             139  4
115  2             140  2





                                    Page 101/177

===== PDF PAGE 102 =====
                          CTET DEC-21 KEY
   Exam Date:  31/12/2021             PAPER-I 02-HINDI                            Publish Date: 11/08/22
             Med: Hindi

QNO ANS       QNO ANS        QNO ANS        QNO ANS
 91  1             116  3             141  3
 92  2             117  2             142  1
 93  3             118  3             143  1
 94  2             119  3             144  1
 95  3             120  1             145  2
 96  3             121  3             146  2
 97  3             122  4             147  1
 98  2             123  1             148  4
 99  2             124  2             149  4
100  4             125  2             150  2
101  1             126  2
102  3             127  4
103  2             128  2
104  1             129  3
105  1             130  2
106  4             131  2
107  2             132  1
108  4             133  1
109  4             134  4
110  1             135  1
111  4             136  3
112  1             137  2
113  2             138  2
114  3             139  4
115  2             140  2





                                    Page 102/177

===== PDF PAGE 103 =====
                          CTET DEC-21 KEY
   Exam Date:  31/12/2021           PAPER-I 16-SANSKRIT                         Publish Date: 11/08/22
             Med: Hindi

QNO ANS       QNO ANS        QNO ANS        QNO ANS
 91  1             116  3             141  3
 92  2             117  2             142  1
 93  1             118  3             143  1
 94  1             119  3             144  1
 95  3             120  1             145  2
 96  4             121  3             146  2
 97  4             122  1             147  1
 98  1             123  4             148  4
 99  3             124  2             149  4
100  4             125  1             150  2
101  2             126  2
102  3             127  1
103  4             128  2
104  3             129  3
105  1             130  2
106  4             131  1
107  2             132  1
108  4             133  1
109  4             134  3
110  1             135  4
111  4             136  3
112  1             137  2
113  2             138  2
114  3             139  4
115  2             140  2





                                    Page 103/177

===== PDF PAGE 104 =====
                           CTET DEC-21 KEY
    Exam Date:  01/01/2022              PAPER-I -MAIN                             Publish Date: 11/08/22
              Med: Hindi

 QNO ANS       QNO ANS        QNO ANS        QNO ANS
  1   4             26   2             51   2              76   2
  2   1             27   3             52   4              77   4
  3   4             28   1             53   4              78   3
  4   1             29   1             54   1              79   4
  5   3             30   2             55   1              80   1
  6   1             31   3             56   1              81   1
  7   2             32   4             57   3              82   4
  8   1             33   3             58   2              83   4
  9   1             34   2             59   4              84   3
 10   3             35   4             60   3              85   1
 11   2             36   4             61   9              86   3
 12   3             37   3             62   2              87   3
 13   1             38   2             63   4              88   2
 14   2             39   2             64   1              89   2
 15   9             40   3             65   2              90   3
 16   4             41   1             66   3
 17   1             42   9             67   2
 18   2             43   1             68   2
 19   2             44   4             69   3
 20   1             45   2             70   1
 21   4             46   3             71   3
 22   1             47   4             72   3
 23   1             48   2             73   3
 24   3             49   2             74   3
 25   3             50   3             75   4

Answer key 9 means marks awarded to all the candidates





                                     Page 104/177

===== PDF PAGE 105 =====
                           CTET DEC-21 KEY
    Exam Date:  01/01/2022           PAPER-I 01-ENGLISH                          Publish Date: 11/08/22
              Med: Hindi

 QNO ANS       QNO ANS        QNO ANS        QNO ANS
  91  1             116  3             141  3
  92  3             117  2             142  3
  93  3             118  2             143  2
  94  2             119  3             144  2
  95  4             120  1             145  2
  96  2             121  1             146  2
  97  2             122  3             147  3
  98  2             123  4             148  1
  99  3             124  4             149  2
 100  3             125  4             150  1
 101  4             126  1
 102  4             127  3
 103  3             128  3
 104  1             129  9
 105  2             130  4
 106  1             131  3
 107  1             132  3
 108  1             133  2
 109  2             134  4
 110  4             135  4
 111  1             136  1
 112  2             137  1
 113  3             138  1
 114  1             139  3
 115  1             140  2

Answer key 9 means marks awarded to all the candidates





                                     Page 105/177

===== PDF PAGE 106 =====
                          CTET DEC-21 KEY
   Exam Date:  01/01/2022             PAPER-I 02-HINDI                            Publish Date: 11/08/22
             Med: Hindi

QNO ANS       QNO ANS        QNO ANS        QNO ANS
 91  2             116  3             141  3
 92  3             117  2             142  3
 93  3             118  2             143  2
 94  1             119  3             144  2
 95  1             120  1             145  2
 96  2             121  1             146  2
 97  2             122  3             147  3
 98  3             123  1             148  1
 99  1             124  2             149  2
100  3             125  2             150  1
101  4             126  4
102  1             127  1
103  3             128  3
104  4             129  2
105  2             130  3
106  1             131  4
107  1             132  4
108  1             133  1
109  2             134  1
110  4             135  4
111  1             136  1
112  2             137  1
113  3             138  1
114  1             139  3
115  1             140  2





                                    Page 106/177

===== PDF PAGE 107 =====
                           CTET DEC-21 KEY
    Exam Date:  03/01/2022              PAPER-I -MAIN                             Publish Date: 11/08/22
              Med: Hindi

 QNO ANS       QNO ANS        QNO ANS        QNO ANS
  1   2             26   4             51   3              76   3
  2   3             27   2             52   2              77   3
  3   2             28   2             53   1              78   3
  4   9             29   2             54   1              79   1
  5   3             30   4             55   1              80   3
  6   1             31   4             56   2              81   4
  7   2             32   2             57   2              82   1
  8   3             33   2             58   3              83   2
  9   1             34   3             59   1              84   3
 10   3             35   1             60   2              85   4
 11   2             36   2             61   2              86   3
 12   3             37   9             62   3              87   4
 13   3             38   2             63   1              88   1
 14   3             39   4             64   2              89   1
 15   9             40   1             65   2              90   3
 16   3             41   3             66   2
 17   2             42   1             67   2
 18   2             43   3             68   3
 19   1             44   2             69   3
 20   3             45   3             70   3
 21   1             46   3             71   1
 22   2             47   3             72   4
 23   4             48   2             73   4
 24   3             49   3             74   4
 25   4             50   2             75   3

Answer key 9 means marks awarded to all the candidates





                                     Page 107/177

===== PDF PAGE 108 =====
                          CTET DEC-21 KEY
   Exam Date:  03/01/2022           PAPER-I 01-ENGLISH                          Publish Date: 11/08/22
             Med: Hindi

QNO ANS       QNO ANS        QNO ANS        QNO ANS
 91  2             116  2             141  3
 92  3             117  2             142  1
 93  3             118  3             143  1
 94  2             119  2             144  2
 95  3             120  1             145  4
 96  1             121  3             146  4
 97  4             122  4             147  1
 98  2             123  1             148  2
 99  3             124  2             149  3
100  3             125  4             150  3
101  2             126  2
102  4             127  1
103  4             128  4
104  1             129  3
105  3             130  1
106  2             131  4
107  2             132  1
108  1             133  4
109  2             134  2
110  4             135  3
111  2             136  4
112  2             137  4
113  1             138  2
114  4             139  3
115  1             140  4





                                    Page 108/177

===== PDF PAGE 109 =====
                          CTET DEC-21 KEY
   Exam Date:  03/01/2022             PAPER-I 02-HINDI                            Publish Date: 11/08/22
             Med: Hindi

QNO ANS       QNO ANS        QNO ANS        QNO ANS
 91  3             116  2             141  3
 92  1             117  2             142  1
 93  1             118  3             143  1
 94  4             119  2             144  2
 95  3             120  1             145  4
 96  2             121  2             146  4
 97  2             122  2             147  1
 98  2             123  1             148  2
 99  4             124  3             149  3
100  4             125  1             150  3
101  3             126  3
102  2             127  2
103  2             128  1
104  3             129  2
105  2             130  1
106  2             131  4
107  2             132  2
108  1             133  4
109  2             134  2
110  4             135  1
111  2             136  4
112  2             137  4
113  1             138  2
114  4             139  3
115  1             140  4





                                    Page 109/177

===== PDF PAGE 110 =====
                           CTET DEC-21 KEY
    Exam Date:  04/01/2022              PAPER-I -MAIN                             Publish Date: 11/08/22
              Med: Hindi

 QNO ANS       QNO ANS        QNO ANS        QNO ANS
  1   1             26   3             51   4              76   3
  2   1             27   3             52   2              77   1
  3   2             28   4             53   2              78   1
  4   1             29   1             54   3              79   4
  5   2             30   4             55   1              80   4
  6   2             31   3             56   2              81   1
  7   1             32   3             57   3              82   4
  8   2             33   4             58   2              83   1
  9   2             34   3             59   2              84   1
 10   2             35   3             60   3              85   1
 11   2             36   2             61   2              86   4
 12   1             37   2             62   1              87   1
 13   1             38   1             63   2              88   1
 14   1             39   2             64   1              89   1
 15   3             40   3             65   1              90   1
 16   1             41   3             66   1
 17   1             42   9             67   2
 18   1             43   2             68   3
 19   4             44   3             69   2
 20   1             45   2             70   1
 21   2             46   2             71   2
 22   1             47   3             72   1
 23   4             48   4             73   2
 24   4             49   3             74   1
 25   1             50   3             75   2

Answer key 9 means marks awarded to all the candidates





                                     Page 110/177

===== PDF PAGE 111 =====
                          CTET DEC-21 KEY
   Exam Date:  04/01/2022           PAPER-I 01-ENGLISH                          Publish Date: 11/08/22
             Med: Hindi

QNO ANS       QNO ANS        QNO ANS        QNO ANS
 91  3             116  2             141  3
 92  2             117  3             142  1
 93  3             118  3             143  4
 94  1             119  1             144  4
 95  1             120  1             145  1
 96  1             121  4             146  2
 97  2             122  4             147  1
 98  3             123  1             148  4
 99  3             124  2             149  1
100  1             125  4             150  2
101  1             126  2
102  4             127  3
103  3             128  4
104  2             129  2
105  2             130  3
106  3             131  2
107  1             132  1
108  3             133  3
109  2             134  3
110  3             135  4
111  2             136  3
112  1             137  1
113  3             138  4
114  3             139  2
115  4             140  2





                                    Page 111/177

===== PDF PAGE 112 =====
                          CTET DEC-21 KEY
   Exam Date:  04/01/2022             PAPER-I 02-HINDI                            Publish Date: 11/08/22
             Med: Hindi

QNO ANS       QNO ANS        QNO ANS        QNO ANS
 91  1             116  2             141  3
 92  2             117  3             142  1
 93  4             118  3             143  4
 94  4             119  1             144  4
 95  1             120  1             145  1
 96  2             121  2             146  2
 97  3             122  1             147  1
 98  4             123  3             148  4
 99  2             124  4             149  1
100  3             125  2             150  2
101  1             126  3
102  2             127  3
103  3             128  3
104  1             129  2
105  4             130  2
106  3             131  2
107  1             132  1
108  3             133  3
109  2             134  3
110  3             135  2
111  2             136  3
112  1             137  1
113  3             138  4
114  3             139  2
115  4             140  2





                                    Page 112/177

===== PDF PAGE 113 =====
                          CTET DEC-21 KEY
  Exam Date:  05/01/2022              PAPER-I -MAIN                             Publish Date: 11/08/22
            Med: Hindi

QNO ANS       QNO ANS        QNO ANS        QNO ANS
 1   4             26   1             51   3              76   3
 2   3             27   2             52   1              77   3
 3   2             28   2             53   1              78   1
 4   2             29   1             54   3              79   2
 5   2             30   4             55   3              80   1
 6   1             31   2             56   3              81   3
 7   3             32   1             57   4              82   1
 8   3             33   3             58   2              83   1
 9   3             34   2             59   1              84   4
10   1             35   3             60   2              85   3
11   1             36   4             61   3              86   4
12   4             37   4             62   3              87   4
13   3             38   3             63   2              88   3
14   2             39   3             64   3              89   2
15   4             40   3             65   3              90   1
16   2             41   2             66   4
17   3             42   4             67   2
18   1             43   2             68   1
19   4             44   2             69   1
20   3             45   1             70   2
21   4             46   1             71   3
22   1             47   3             72   2
23   2             48   2             73   4
24   3             49   2             74   2
25   4             50   4             75   4





                                    Page 113/177

===== PDF PAGE 114 =====
                           CTET DEC-21 KEY
    Exam Date:  05/01/2022           PAPER-I 01-ENGLISH                          Publish Date: 11/08/22
              Med: Hindi

 QNO ANS       QNO ANS        QNO ANS        QNO ANS
  91  3             116  1             141  1
  92  4             117  4             142  4
  93  4             118  4             143  3
  94  1             119  3             144  3
  95  4             120  1             145  2
  96  3             121  4             146  1
  97  3             122  3             147  4
  98  4             123  3             148  1
  99  2             124  1             149  1
 100  2             125  2             150  2
 101  3             126  2
 102  3             127  9
 103  2             128  9
 104  2             129  2
 105  4             130  4
 106  1             131  1
 107  3             132  3
 108  3             133  1
 109  1             134  4
 110  3             135  3
 111  4             136  2
 112  3             137  1
 113  2             138  1
 114  2             139  4
 115  3             140  3

Answer key 9 means marks awarded to all the candidates





                                     Page 114/177

===== PDF PAGE 115 =====
                          CTET DEC-21 KEY
   Exam Date:  05/01/2022             PAPER-I 02-HINDI                            Publish Date: 11/08/22
             Med: Hindi

QNO ANS       QNO ANS        QNO ANS        QNO ANS
 91  2             116  1             141  1
 92  3             117  4             142  4
 93  2             118  4             143  3
 94  3             119  3             144  3
 95  1             120  1             145  2
 96  3             121  1             146  1
 97  2             122  3             147  4
 98  1             123  1             148  1
 99  3             124  4             149  1
100  2             125  3             150  2
101  3             126  3
102  4             127  2
103  1             128  1
104  1             129  1
105  3             130  1
106  1             131  3
107  3             132  2
108  3             133  2
109  1             134  4
110  3             135  2
111  4             136  2
112  3             137  1
113  2             138  1
114  2             139  4
115  3             140  3





                                    Page 115/177

===== PDF PAGE 116 =====
                          CTET DEC-21 KEY
  Exam Date:  06/01/2022              PAPER-I -MAIN                             Publish Date: 11/08/22
            Med: Hindi

QNO ANS       QNO ANS        QNO ANS        QNO ANS
 1   2             26   3             51   2              76   4
 2   1             27   1             52   2              77   3
 3   2             28   3             53   1              78   3
 4   4             29   3             54   1              79   3
 5   2             30   1             55   3              80   4
 6   1             31   2             56   2              81   3
 7   2             32   4             57   4              82   3
 8   4             33   4             58   3              83   4
 9   4             34   1             59   2              84   3
10   2             35   2             60   1              85   1
11   2             36   3             61   1              86   3
12   4             37   1             62   3              87   3
13   2             38   2             63   1              88   1
14   4             39   4             64   2              89   2
15   3             40   3             65   3              90   2
16   1             41   2             66   1
17   2             42   4             67   3
18   1             43   1             68   1
19   4             44   2             69   4
20   1             45   3             70   1
21   1             46   1             71   3
22   4             47   3             72   4
23   1             48   4             73   1
24   2             49   3             74   3
25   3             50   2             75   4





                                    Page 116/177

===== PDF PAGE 117 =====
                          CTET DEC-21 KEY
   Exam Date:  06/01/2022           PAPER-I 01-ENGLISH                          Publish Date: 11/08/22
             Med: Hindi

QNO ANS       QNO ANS        QNO ANS        QNO ANS
 91  3             116  1             141  1
 92  1             117  1             142  2
 93  3             118  4             143  1
 94  4             119  3             144  3
 95  3             120  3             145  1
 96  3             121  1             146  4
 97  2             122  4             147  3
 98  2             123  3             148  4
 99  1             124  4             149  1
100  1             125  4             150  2
101  4             126  3
102  2             127  1
103  3             128  2
104  1             129  4
105  1             130  4
106  2             131  3
107  3             132  3
108  3             133  3
109  2             134  2
110  3             135  1
111  1             136  3
112  1             137  3
113  2             138  3
114  3             139  4
115  2             140  2





                                    Page 117/177

===== PDF PAGE 118 =====
                          CTET DEC-21 KEY
   Exam Date:  06/01/2022             PAPER-I 02-HINDI                            Publish Date: 11/08/22
             Med: Hindi

QNO ANS       QNO ANS        QNO ANS        QNO ANS
 91  2             116  1             141  1
 92  3             117  1             142  2
 93  2             118  4             143  1
 94  1             119  3             144  3
 95  1             120  4             145  1
 96  1             121  3             146  4
 97  2             122  4             147  3
 98  2             123  1             148  4
 99  2             124  2             149  1
100  2             125  2             150  2
101  1             126  2
102  4             127  4
103  2             128  4
104  1             129  3
105  3             130  4
106  2             131  2
107  3             132  4
108  3             133  1
109  2             134  3
110  3             135  1
111  1             136  3
112  1             137  3
113  2             138  3
114  3             139  4
115  2             140  2





                                    Page 118/177

===== PDF PAGE 119 =====
                           CTET DEC-21 KEY
    Exam Date:  07/01/2022              PAPER-I -MAIN                             Publish Date: 11/08/22
              Med: Hindi

 QNO ANS       QNO ANS        QNO ANS        QNO ANS
  1   1             26   1             51   4              76   4
  2   4             27   3             52   2              77   1
  3   2             28   1             53   4              78   1
  4   4             29   1             54   1              79   4
  5   1             30   2             55   1              80   3
  6   2             31   3             56   3              81   3
  7   1             32   4             57   2              82   4
  8   1             33   3             58   1              83   4
  9   2             34   3             59   2              84   1
 10   4             35   2             60   3              85   1
 11   2             36   4             61   4              86   1
 12   1             37   4             62   1              87   4
 13   3             38   3             63   3              88   1
 14   3             39   3             64   9              89   1
 15   1             40   4             65   3              90   2
 16   3             41   3             66   4
 17   4             42   2             67   2
 18   1             43   3             68   2
 19   4             44   9             69   2
 20   2             45   2             70   1
 21   3             46   4             71   3
 22   1             47   1             72   3
 23   2             48   4             73   4
 24   1             49   3             74   3
 25   1             50   1             75   3

Answer key 9 means marks awarded to all the candidates





                                     Page 119/177

===== PDF PAGE 120 =====
                          CTET DEC-21 KEY
   Exam Date:  07/01/2022           PAPER-I 01-ENGLISH                          Publish Date: 11/08/22
             Med: Hindi

QNO ANS       QNO ANS        QNO ANS        QNO ANS
 91  4             116  2             141  2
 92  1             117  4             142  3
 93  4             118  2             143  4
 94  2             119  3             144  4
 95  2             120  4             145  1
 96  2             121  4             146  4
 97  4             122  1             147  3
 98  2             123  3             148  1
 99  2             124  2             149  2
100  1             125  2             150  3
101  3             126  3
102  2             127  4
103  3             128  3
104  4             129  2
105  2             130  4
106  1             131  3
107  3             132  2
108  2             133  2
109  2             134  3
110  4             135  1
111  1             136  2
112  2             137  3
113  1             138  3
114  1             139  4
115  1             140  1





                                    Page 120/177

===== PDF PAGE 121 =====
                          CTET DEC-21 KEY
   Exam Date:  07/01/2022             PAPER-I 02-HINDI                            Publish Date: 11/08/22
             Med: Hindi

QNO ANS       QNO ANS        QNO ANS        QNO ANS
 91  3             116  2             141  2
 92  3             117  4             142  3
 93  3             118  2             143  4
 94  1             119  3             144  4
 95  2             120  4             145  1
 96  1             121  2             146  4
 97  2             122  4             147  3
 98  1             123  2             148  1
 99  3             124  2             149  2
100  2             125  1             150  3
101  3             126  2
102  2             127  3
103  4             128  2
104  3             129  2
105  4             130  2
106  1             131  1
107  3             132  4
108  2             133  4
109  2             134  4
110  4             135  4
111  1             136  2
112  2             137  3
113  1             138  3
114  1             139  4
115  1             140  1





                                    Page 121/177

===== PDF PAGE 122 =====
                           CTET DEC-21 KEY
    Exam Date:  08/01/2022              PAPER-I -MAIN                             Publish Date: 11/08/22
              Med: Hindi

 QNO ANS       QNO ANS        QNO ANS        QNO ANS
  1   4             26   3             51   3              76   2
  2   1             27   2             52   2              77   2
  3   4             28   2             53   4              78   4
  4   3             29   2             54   4              79   1
  5   3             30   3             55   1              80   3
  6   1             31   3             56   3              81   1
  7   1             32   3             57   4              82   2
  8   2             33   1             58   4              83   3
  9   4             34   4             59   2              84   2
 10   3             35   2             60   3              85   1
 11   2             36   2             61   2              86   2
 12   4             37   2             62   4              87   1
 13   3             38   3             63   4              88   3
 14   4             39   4             64   2              89    1,2
 15   2             40   2             65   3              90   4
 16   2             41   3             66   2
 17   1             42   1             67   2
 18   1             43   2             68   2
 19   1             44   3             69   1
 20   2             45   3             70   2
 21   3             46   3             71   9
 22   4             47   4             72   4
 23   4             48   3             73   4
 24   1             49   2             74   1
 25   4             50   2             75   1

Answer key 9 means marks awarded to all the candidates





                                     Page 122/177

===== PDF PAGE 123 =====
                           CTET DEC-21 KEY
    Exam Date:  08/01/2022           PAPER-I 01-ENGLISH                          Publish Date: 11/08/22
              Med: Hindi

 QNO ANS       QNO ANS        QNO ANS        QNO ANS
  91  3             116  4             141  1
  92  4             117  3             142  2
  93  1             118  3             143  2
  94  2             119  1             144  4
  95  1             120  1             145  3
  96  3             121  2             146  3
  97  1             122  3             147  3
  98  2             123   2,3           148  4
  99  1             124  1             149  4
 100  3             125  2             150  2
 101  3             126  2
 102  9             127  2
 103  4             128  4
 104  3             129  4
 105  3             130  3
 106  2             131  3
 107  2             132  3
 108  4             133  4
 109  4             134  1
 110  1             135  9
 111  2             136  2
 112  1             137  3
 113  3             138  1
 114  2             139  1
 115  4             140  1

Answer key 9 means marks awarded to all the candidates





                                     Page 123/177

===== PDF PAGE 124 =====
                          CTET DEC-21 KEY
   Exam Date:  08/01/2022             PAPER-I 02-HINDI                            Publish Date: 11/08/22
             Med: Hindi

QNO ANS       QNO ANS        QNO ANS        QNO ANS
 91  4             116  4             141  1
 92  4             117  3             142  2
 93  3             118  3             143  2
 94  1             119  1             144  4
 95  2             120  1             145  3
 96  1             121  1             146  3
 97  1             122  2             147  3
 98  4             123  1             148  4
 99  4             124  2             149  4
100  3             125  2             150  2
101  1             126  1
102  3             127  4
103  4             128  4
104  1             129  1
105  3             130  1
106  2             131  1
107  2             132  3
108  4             133  2
109  4             134  2
110  1             135  3
111  2             136  2
112  1             137  3
113  3             138  1
114  2             139  1
115  4             140  1





                                    Page 124/177

===== PDF PAGE 125 =====
                           CTET DEC-21 KEY
    Exam Date:  10/01/2022              PAPER-I -MAIN                             Publish Date: 11/08/22
              Med: Hindi

 QNO ANS       QNO ANS        QNO ANS        QNO ANS
  1   2             26   2             51   2              76   2
  2   2             27   3             52   2              77   1
  3   3             28   4             53   4              78   2
  4   3             29   2             54   4              79   1
  5   2             30   2             55   4              80   3
  6   4             31   3             56   2              81   9
  7   1             32   4             57   9              82   3
  8   3             33   3             58   2              83   4
  9   4             34   3             59   3              84   4
 10   1             35   3             60   3              85   3
 11   4             36   2             61   3              86   1
 12   1             37   2             62   4              87   3
 13   4             38   4             63   1              88   4
 14   4             39   1             64   2              89   4
 15   2             40   2             65   2              90   2
 16   2             41   2             66   3
 17   2             42   3             67   2
 18   1             43   3             68   1
 19   2             44   3             69   4
 20   2             45   1             70   3
 21   4             46   2             71   4
 22   2             47   3             72   4
 23   4             48   3             73   3
 24   2             49   3             74   3
 25   2             50   3             75   4

Answer key 9 means marks awarded to all the candidates





                                     Page 125/177

===== PDF PAGE 126 =====
                          CTET DEC-21 KEY
   Exam Date:  10/01/2022           PAPER-I 01-ENGLISH                          Publish Date: 11/08/22
             Med: Hindi

QNO ANS       QNO ANS        QNO ANS        QNO ANS
 91  4             116  4             141  3
 92  4             117  3             142  3
 93  3             118  1             143  2
 94  3             119  4             144  3
 95  3             120  3             145  3
 96  2             121  4             146  1
 97  2             122  2             147  3
 98  3             123  1             148  4
 99  3             124  2             149  2
100  2             125  4             150  4
101  2             126  4
102  3             127  2
103  4             128  2
104  4             129  4
105  3             130  1
106  1             131  1
107  3             132  1
108  4             133  4
109  2             134  3
110  1             135  4
111  1             136  1
112  1             137  4
113  1             138  2
114  2             139  3
115  1             140  2





                                    Page 126/177

===== PDF PAGE 127 =====
                          CTET DEC-21 KEY
   Exam Date:  10/01/2022             PAPER-I 02-HINDI                            Publish Date: 11/08/22
             Med: Hindi

QNO ANS       QNO ANS        QNO ANS        QNO ANS
 91  1             116  4             141  3
 92  2             117  3             142  3
 93  1             118  1             143  2
 94  3             119  4             144  3
 95  2             120  3             145  3
 96  1             121  1             146  1
 97  1             122  4             147  3
 98  3             123  2             148  4
 99  3             124  2             149  2
100  3             125  1             150  4
101  2             126  3
102  4             127  4
103  1             128  2
104  3             129  1
105  2             130  2
106  1             131  1
107  3             132  4
108  4             133  1
109  2             134  3
110  1             135  3
111  1             136  1
112  1             137  4
113  1             138  2
114  2             139  3
115  1             140  2





                                    Page 127/177

===== PDF PAGE 128 =====
                          CTET DEC-21 KEY
  Exam Date:  11/01/2022              PAPER-I -MAIN                             Publish Date: 11/08/22
            Med: Hindi

QNO ANS       QNO ANS        QNO ANS        QNO ANS
 1   4             26   1             51   2              76   3
 2   2             27   3             52   3              77   2
 3   3             28   3             53   3              78   3
 4   1             29   4             54   2              79   2
 5   2             30   2             55   4              80   2
 6   2             31   2             56   3              81   4
 7   1             32   2             57   1              82   1
 8   1             33   2             58   1              83   3
 9   2             34   3             59   2              84   4
10   1             35   2             60   4              85   4
11   1             36   2             61   3              86   4
12   3             37   2             62   2              87   2
13   1             38   2             63   4              88   1
14   3             39   3             64   2              89   1
15   1             40   2             65   3              90   3
16   2             41   3             66   4
17   4             42   4             67   4
18   2             43   1             68   3
19   2             44   3             69   3
20   3             45   1             70   2
21   2             46   2             71   4
22   2             47   3             72   3
23   3             48   3             73   1
24   3             49   1             74   3
25   3             50   4             75   4





                                    Page 128/177

===== PDF PAGE 129 =====
                           CTET DEC-21 KEY
    Exam Date:  11/01/2022           PAPER-I 01-ENGLISH                          Publish Date: 11/08/22
              Med: Hindi

 QNO ANS       QNO ANS        QNO ANS        QNO ANS
  91  2             116  1             141  1
  92  4             117  2             142  4
  93  3             118  4             143  3
  94  2             119  1             144  2
  95  4             120  2             145  4
  96  3             121  3             146  4
  97  2             122  4             147  3
  98  1             123  1             148  1
  99  2             124  3             149  2
 100  2             125  2             150  1
 101  1             126  4
 102  3             127  4
 103  3             128  2
 104  9             129  2
 105  3             130  3
 106  1             131  3
 107  2             132  1
 108  2             133  1
 109  2             134  3
 110  4             135  2
 111  3             136  1
 112  1             137  1
 113  1             138  1
 114  4             139  3
 115  2             140  2

Answer key 9 means marks awarded to all the candidates





                                     Page 129/177

===== PDF PAGE 130 =====
                           CTET DEC-21 KEY
    Exam Date:  11/01/2022             PAPER-I 02-HINDI                            Publish Date: 11/08/22
              Med: Hindi

 QNO ANS       QNO ANS        QNO ANS        QNO ANS
  91  1             116  1             141  1
  92  1             117  2             142  4
  93  2             118  4             143  3
  94  1             119  1             144  2
  95  1             120  2             145  4
  96  4             121  2             146  4
  97  3             122  4             147  3
  98  3             123  2             148  1
  99  1             124  1             149  2
 100  2             125  2             150  1
 101  4             126  2
 102  4             127  2
 103  2             128  3
 104  2             129  3
 105  4             130  4
 106  1             131  2
 107  2             132  1
 108  2             133  2
 109  2             134  3
 110  9             135  3
 111  3             136  1
 112  1             137  1
 113  1             138  1
 114  4             139  3
 115  2             140  2

Answer key 9 means marks awarded to all the candidates





                                     Page 130/177

===== PDF PAGE 131 =====
                          CTET DEC-21 KEY
   Exam Date:  11/01/2022           PAPER-I 16-SANSKRIT                         Publish Date: 11/08/22
             Med: Hindi

QNO ANS       QNO ANS        QNO ANS        QNO ANS
 91  2             116  1             141  1
 92  3             117  2             142  4
 93  3             118  4             143  3
 94  1             119  1             144  2
 95  3             120  2             145  4
 96  4             121  1             146  4
 97  4             122  3             147  3
 98  1             123  3             148  1
 99  1             124  3             149  2
100  1             125  1             150  1
101  2             126  2
102  3             127  1
103  2             128  3
104  3             129  2
105  1             130  1
106  1             131  4
107  2             132  3
108  2             133  3
109  2             134  4
110  4             135  1
111  3             136  1
112  1             137  1
113  1             138  1
114  4             139  3
115  2             140  2





                                    Page 131/177

===== PDF PAGE 132 =====
                          CTET DEC-21 KEY
  Exam Date:  12/01/2022              PAPER-I -MAIN                             Publish Date: 11/08/22
            Med: Hindi

QNO ANS       QNO ANS        QNO ANS        QNO ANS
 1   4             26   1             51   3              76   2
 2   3             27   1             52   3              77   3
 3   4             28   3             53   3              78   1
 4   4             29   4             54   1              79   1
 5   2             30   2             55   3              80   1
 6   2             31   3             56   3              81   2
 7   1             32   3             57   3              82   1
 8   3             33   3             58   4              83   2
 9   3             34   3             59   1              84   1
10   3             35   3             60   4              85   2
11   3             36   2             61   3              86   1
12   1             37   3             62   1              87   4
13   1             38   2             63   3              88   2
14   1             39   4             64   3              89   1
15   1             40   2             65   4              90   3
16   1             41   4             66   2
17   2             42   3             67   2
18   2             43   2             68   2
19   4             44   2             69   2
20   4             45   2             70   4
21   4             46   2             71   2
22   3             47   2             72   3
23   1             48   1             73   4
24   1             49   4             74   4
25   3             50   1             75   4





                                    Page 132/177

===== PDF PAGE 133 =====
                          CTET DEC-21 KEY
   Exam Date:  12/01/2022           PAPER-I 01-ENGLISH                          Publish Date: 11/08/22
             Med: Hindi

QNO ANS       QNO ANS        QNO ANS        QNO ANS
 91  3             116  2             141  2
 92  3             117  3             142  1
 93  4             118  4             143  1
 94  2             119  2             144  3
 95  4             120  3             145  1
 96  3             121  2             146  4
 97  1             122  3             147  2
 98  3             123  2             148  4
 99  1             124  3             149  4
100  4             125  4             150  3
101  3             126  1
102  2             127  4
103  2             128  2
104  3             129  4
105  3             130  1
106  1             131  3
107  3             132  3
108  4             133  2
109  1             134  2
110  4             135  3
111  4             136  1
112  1             137  1
113  1             138  2
114  3             139  2
115  2             140  1





                                    Page 133/177

===== PDF PAGE 134 =====
                          CTET DEC-21 KEY
   Exam Date:  12/01/2022             PAPER-I 02-HINDI                            Publish Date: 11/08/22
             Med: Hindi

QNO ANS       QNO ANS        QNO ANS        QNO ANS
 91  1             116  2             141  2
 92  1             117  3             142  1
 93  2             118  4             143  1
 94  2             119  2             144  3
 95  1             120  3             145  1
 96  4             121  4             146  4
 97  2             122  1             147  2
 98  3             123  2             148  4
 99  2             124  2             149  4
100  2             125  2             150  3
101  3             126  2
102  4             127  4
103  2             128  4
104  1             129  1
105  2             130  1
106  1             131  3
107  3             132  2
108  4             133  3
109  1             134  3
110  4             135  4
111  4             136  1
112  1             137  1
113  1             138  2
114  3             139  2
115  2             140  1





                                    Page 134/177

===== PDF PAGE 135 =====
                          CTET DEC-21 KEY
   Exam Date:  12/01/2022           PAPER-I 16-SANSKRIT                         Publish Date: 11/08/22
             Med: Hindi

QNO ANS       QNO ANS        QNO ANS        QNO ANS
 91  2             116  2             141  2
 92  4             117  3             142  1
 93  1             118  4             143  1
 94  3             119  2             144  3
 95  2             120  3             145  1
 96  3             121  2             146  4
 97  1             122  1             147  2
 98  1             123  4             148  4
 99  4             124  4             149  4
100  3             125  3             150  3
101  2             126  2
102  1             127  1
103  4             128  3
104  2             129  4
105  1             130  1
106  1             131  1
107  3             132  4
108  4             133  2
109  1             134  4
110  4             135  1
111  4             136  1
112  1             137  1
113  1             138  2
114  3             139  2
115  2             140  1





                                    Page 135/177

===== PDF PAGE 136 =====
                          CTET DEC-21 KEY
  Exam Date:  17/01/2022              PAPER-I -MAIN                             Publish Date: 11/08/22
            Med: Hindi

QNO ANS       QNO ANS        QNO ANS        QNO ANS
 1   3             26   1             51   3              76   3
 2   3             27   3             52   4              77   4
 3   4             28   1             53   1              78   2
 4   1             29   1             54   4              79   1
 5   3             30   1             55   1              80   1
 6   1             31   3             56   4              81   2
 7   3             32   4             57   1              82   1
 8   1             33   3             58   3              83   1
 9   1             34   2             59   3              84   2
10   4             35   4             60   1              85   2
11   4             36   3             61   3              86   1
12   1             37   2             62   1              87   1
13   4             38   2             63   2              88   1
14   4             39   1             64   3              89   3
15   4             40   4             65   3              90   1
16   1             41   3             66   3
17   2             42   3             67   4
18   3             43   2             68   3
19   1             44   2             69   3
20   2             45   3             70   2
21   3             46   1             71   1
22   2             47   2             72   2
23   2             48   4             73   1
24   4             49   4             74   4
25   2             50   1             75   2





                                    Page 136/177

===== PDF PAGE 137 =====
                          CTET DEC-21 KEY
   Exam Date:  17/01/2022           PAPER-I 01-ENGLISH                          Publish Date: 11/08/22
             Med: Hindi

QNO ANS       QNO ANS        QNO ANS        QNO ANS
 91  3             116  4             141  3
 92  4             117  3             142  2
 93  2             118  3             143  3
 94  3             119  1             144  2
 95  3             120  1             145  4
 96  3             121  4             146  2
 97  2             122  4             147  2
 98  4             123  4             148  1
 99  1             124  4             149  3
100  4             125  1             150  3
101  4             126  2
102  4             127  2
103  2             128  3
104  3             129  3
105  4             130  3
106  3             131  4
107  1             132  3
108  3             133  1
109  4             134  3
110  4             135  4
111  3             136  4
112  4             137  4
113  3             138  2
114  3             139  3
115  2             140  1





                                    Page 137/177

===== PDF PAGE 138 =====
                          CTET DEC-21 KEY
   Exam Date:  17/01/2022             PAPER-I 02-HINDI                            Publish Date: 11/08/22
             Med: Hindi

QNO ANS       QNO ANS        QNO ANS        QNO ANS
 91  1             116  4             141  3
 92  2             117  3             142  2
 93  2             118  3             143  3
 94  2             119  1             144  2
 95  4             120  1             145  4
 96  2             121  4             146  2
 97  3             122  2             147  2
 98  3             123  1             148  1
 99  2             124  2             149  3
100  1             125  4             150  3
101  3             126  1
102  2             127  1
103  4             128  4
104  4             129  1
105  2             130  4
106  3             131  1
107  1             132  1
108  3             133  2
109  4             134  1
110  4             135  3
111  3             136  4
112  4             137  4
113  3             138  2
114  3             139  3
115  2             140  1





                                    Page 138/177

===== PDF PAGE 139 =====
                          CTET DEC-21 KEY
   Exam Date:  17/01/2022          PAPER-I 03-ASSAMESE                         Publish Date: 11/08/22
             Med: Hindi

QNO ANS       QNO ANS        QNO ANS        QNO ANS
 91  2             116  4             141  3
 92  1             117  3             142  2
 93  2             118  3             143  3
 94  3             119  1             144  2
 95  2             120  1             145  4
 96  1             121  3             146  2
 97  1             122  2             147  2
 98  4             123  1             148  1
 99  2             124  2             149  3
100  4             125  2             150  3
101  3             126  1
102  3             127  3
103  1             128  3
104  3             129  3
105  2             130  3
106  3             131  3
107  1             132  1
108  3             133  1
109  4             134  1
110  4             135  1
111  3             136  4
112  4             137  4
113  3             138  2
114  3             139  3
115  2             140  1





                                    Page 139/177

===== PDF PAGE 140 =====
                          CTET DEC-21 KEY
   Exam Date:  17/01/2022           PAPER-I 04-BENGALI                          Publish Date: 11/08/22
             Med: Hindi

QNO ANS       QNO ANS        QNO ANS        QNO ANS
 91  2             116  4             141  3
 92  4             117  3             142  2
 93  1             118  3             143  3
 94  2             119  1             144  2
 95  3             120  1             145  4
 96  4             121  3             146  2
 97  1             122  4             147  2
 98  2             123  2             148  1
 99  1             124  1             149  3
100  2             125  4             150  3
101  3             126  1
102  4             127  2
103  1             128  3
104  1             129  2
105  4             130  4
106  3             131  1
107  1             132  4
108  3             133  2
109  4             134  1
110  4             135  3
111  3             136  4
112  4             137  4
113  3             138  2
114  3             139  3
115  2             140  1





                                    Page 140/177

===== PDF PAGE 141 =====
                          CTET DEC-21 KEY
   Exam Date:  17/01/2022             PAPER-I 05-GARO                            Publish Date: 11/08/22
             Med: Hindi

QNO ANS       QNO ANS        QNO ANS        QNO ANS
 91  1             116  4             141  3
 92  3             117  3             142  2
 93  3             118  3             143  3
 94  1             119  1             144  2
 95  1             120  1             145  4
 96  3             121  1             146  2
 97  2             122  2             147  2
 98  3             123  2             148  1
 99  2             124  3             149  3
100  3             125  1             150  3
101  2             126  3
102  1             127  2
103  3             128  2
104  2             129  2
105  3             130  1
106  3             131  2
107  1             132  3
108  3             133  1
109  4             134  2
110  4             135  1
111  3             136  4
112  4             137  4
113  3             138  2
114  3             139  3
115  2             140  1





                                    Page 141/177

===== PDF PAGE 142 =====
                          CTET DEC-21 KEY
   Exam Date:  17/01/2022           PAPER-I 06-GUJARATI                         Publish Date: 11/08/22
             Med: Hindi

QNO ANS       QNO ANS        QNO ANS        QNO ANS
 91  2             116  4             141  3
 92  1             117  3             142  2
 93  1             118  3             143  3
 94  1             119  1             144  2
 95  2             120  1             145  4
 96  1             121  1             146  2
 97  3             122  4             147  2
 98  1             123  1             148  1
 99  2             124  4             149  3
100  4             125  4             150  3
101  4             126  1
102  1             127  3
103  2             128  4
104  4             129  3
105  2             130  3
106  3             131  1
107  1             132  3
108  3             133  3
109  4             134  3
110  4             135  4
111  3             136  4
112  4             137  4
113  3             138  2
114  3             139  3
115  2             140  1





                                    Page 142/177

===== PDF PAGE 143 =====
                          CTET DEC-21 KEY
   Exam Date:  17/01/2022           PAPER-I 07-KANNADA                          Publish Date: 11/08/22
             Med: Hindi

QNO ANS       QNO ANS        QNO ANS        QNO ANS
 91  2             116  4             141  3
 92  2             117  3             142  2
 93  1             118  3             143  3
 94  2             119  1             144  2
 95  4             120  1             145  4
 96  3             121  2             146  2
 97  2             122  4             147  2
 98  3             123  2             148  1
 99  3             124  1             149  3
100  2             125  2             150  3
101  1             126  3
102  3             127  1
103  2             128  4
104  3             129  2
105  3             130  1
106  3             131  4
107  1             132  2
108  3             133  2
109  4             134  1
110  4             135  2
111  3             136  4
112  4             137  4
113  3             138  2
114  3             139  3
115  2             140  1





                                    Page 143/177

===== PDF PAGE 144 =====
                          CTET DEC-21 KEY
   Exam Date:  17/01/2022             PAPER-I 08-KHASI                            Publish Date: 11/08/22
             Med: Hindi

QNO ANS       QNO ANS        QNO ANS        QNO ANS
 91  1             116  4             141  3
 92  3             117  3             142  2
 93  4             118  3             143  3
 94  1             119  1             144  2
 95  1             120  1             145  4
 96  3             121  2             146  2
 97  3             122  4             147  2
 98  2             123  1             148  1
 99  4             124  2             149  3
100  3             125  1             150  3
101  4             126  3
102  2             127  4
103  3             128  1
104  1             129  4
105  4             130  3
106  3             131  1
107  1             132  3
108  3             133  3
109  4             134  2
110  4             135  3
111  3             136  4
112  4             137  4
113  3             138  2
114  3             139  3
115  2             140  1





                                    Page 144/177

===== PDF PAGE 145 =====
                          CTET DEC-21 KEY
   Exam Date:  17/01/2022          PAPER-I 09-MALAYALAM                        Publish Date: 11/08/22
             Med: Hindi

QNO ANS       QNO ANS        QNO ANS        QNO ANS
 91  3             116  4             141  3
 92  3             117  3             142  2
 93  2             118  3             143  3
 94  3             119  1             144  2
 95  3             120  1             145  4
 96  2             121  2             146  2
 97  3             122  4             147  2
 98  1             123  3             148  1
 99  3             124  2             149  3
100  4             125  2             150  3
101  3             126  2
102  1             127  2
103  4             128  3
104  2             129  4
105  2             130  3
106  3             131  4
107  1             132  3
108  3             133  3
109  4             134  4
110  4             135  3
111  3             136  4
112  4             137  4
113  3             138  2
114  3             139  3
115  2             140  1





                                    Page 145/177

===== PDF PAGE 146 =====
                          CTET DEC-21 KEY
   Exam Date:  17/01/2022           PAPER-I 10-MANIPURI                          Publish Date: 11/08/22
             Med: Hindi

QNO ANS       QNO ANS        QNO ANS        QNO ANS
 91  3             116  4             141  3
 92  2             117  3             142  2
 93  1             118  3             143  3
 94  3             119  1             144  2
 95  1             120  1             145  4
 96  3             121  3             146  2
 97  2             122  3             147  2
 98  1             123  2             148  1
 99  3             124  4             149  3
100  3             125  3             150  3
101  1             126  1
102  3             127  4
103  2             128  2
104  2             129  3
105  3             130  1
106  3             131  3
107  1             132  2
108  3             133  1
109  4             134  1
110  4             135  2
111  3             136  4
112  4             137  4
113  3             138  2
114  3             139  3
115  2             140  1





                                    Page 146/177

===== PDF PAGE 147 =====
                          CTET DEC-21 KEY
   Exam Date:  17/01/2022           PAPER-I 11-MARATHI                          Publish Date: 11/08/22
             Med: Hindi

QNO ANS       QNO ANS        QNO ANS        QNO ANS
 91  1             116  4             141  3
 92  1             117  3             142  2
 93  2             118  3             143  3
 94  1             119  1             144  2
 95  2             120  1             145  4
 96  4             121  1             146  2
 97  3             122  3             147  2
 98  3             123  2             148  1
 99  3             124  4             149  3
100  2             125  4             150  3
101  3             126  2
102  2             127  3
103  1             128  3
104  4             129  1
105  2             130  4
106  3             131  2
107  1             132  2
108  3             133  2
109  4             134  2
110  4             135  1
111  3             136  4
112  4             137  4
113  3             138  2
114  3             139  3
115  2             140  1





                                    Page 147/177

===== PDF PAGE 148 =====
                          CTET DEC-21 KEY
   Exam Date:  17/01/2022             PAPER-I 12-MIZO                            Publish Date: 11/08/22
             Med: Hindi

QNO ANS       QNO ANS        QNO ANS        QNO ANS
 91  1             116  4             141  3
 92  3             117  3             142  2
 93  2             118  3             143  3
 94  4             119  1             144  2
 95  1             120  1             145  4
 96  3             121  4             146  2
 97  2             122  2             147  2
 98  1             123  1             148  1
 99  3             124  3             149  3
100  3             125  2             150  3
101  4             126  1
102  2             127  4
103  1             128  3
104  4             129  4
105  3             130  1
106  3             131  3
107  1             132  1
108  3             133  3
109  4             134  2
110  4             135  1
111  3             136  4
112  4             137  4
113  3             138  2
114  3             139  3
115  2             140  1





                                    Page 148/177

===== PDF PAGE 149 =====
                          CTET DEC-21 KEY
   Exam Date:  17/01/2022            PAPER-I 13-NEPALI                           Publish Date: 11/08/22
             Med: Hindi

QNO ANS       QNO ANS        QNO ANS        QNO ANS
 91  2             116  4             141  3
 92  3             117  3             142  2
 93  3             118  3             143  3
 94  2             119  1             144  2
 95  1             120  1             145  4
 96  4             121  2             146  2
 97  1             122  1             147  2
 98  2             123  2             148  1
 99  4             124  3             149  3
100  3             125  4             150  3
101  4             126  1
102  2             127  3
103  3             128  4
104  1             129  2
105  2             130  3
106  3             131  4
107  1             132  4
108  3             133  2
109  4             134  3
110  4             135  1
111  3             136  4
112  4             137  4
113  3             138  2
114  3             139  3
115  2             140  1





                                    Page 149/177

===== PDF PAGE 150 =====
                          CTET DEC-21 KEY
   Exam Date:  17/01/2022            PAPER-I 14-ORIYA                            Publish Date: 11/08/22
             Med: Hindi

QNO ANS       QNO ANS        QNO ANS        QNO ANS
 91  1             116  4             141  3
 92  3             117  3             142  2
 93  4             118  3             143  3
 94  2             119  1             144  2
 95  4             120  1             145  4
 96  3             121  3             146  2
 97  3             122  2             147  2
 98  1             123  3             148  1
 99  4             124  4             149  3
100  3             125  2             150  3
101  3             126  3
102  1             127  1
103  4             128  2
104  2             129  4
105  2             130  2
106  3             131  1
107  1             132  3
108  3             133  4
109  4             134  2
110  4             135  2
111  3             136  4
112  4             137  4
113  3             138  2
114  3             139  3
115  2             140  1





                                    Page 150/177

===== PDF PAGE 151 =====
                          CTET DEC-21 KEY
   Exam Date:  17/01/2022           PAPER-I 15-PUNJABI                          Publish Date: 11/08/22
             Med: Hindi

QNO ANS       QNO ANS        QNO ANS        QNO ANS
 91  3             116  4             141  3
 92  1             117  3             142  2
 93  2             118  3             143  3
 94  4             119  1             144  2
 95  1             120  1             145  4
 96  3             121  4             146  2
 97  4             122  3             147  2
 98  3             123  1             148  1
 99  1             124  4             149  3
100  2             125  2             150  3
101  3             126  3
102  2             127  3
103  4             128  2
104  2             129  2
105  3             130  1
106  3             131  4
107  1             132  3
108  3             133  2
109  4             134  3
110  4             135  2
111  3             136  4
112  4             137  4
113  3             138  2
114  3             139  3
115  2             140  1





                                    Page 151/177

===== PDF PAGE 152 =====
                          CTET DEC-21 KEY
   Exam Date:  17/01/2022           PAPER-I 16-SANSKRIT                         Publish Date: 11/08/22
             Med: Hindi

QNO ANS       QNO ANS        QNO ANS        QNO ANS
 91  3             116  4             141  3
 92  2             117  3             142  2
 93  4             118  3             143  3
 94  2             119  1             144  2
 95  1             120  1             145  4
 96  4             121  3             146  2
 97  2             122  2             147  2
 98  3             123  4             148  1
 99  2             124  1             149  3
100  3             125  1             150  3
101  4             126  4
102  2             127  2
103  4             128  3
104  1             129  4
105  2             130  3
106  3             131  2
107  1             132  4
108  3             133  1
109  4             134  3
110  4             135  1
111  3             136  4
112  4             137  4
113  3             138  2
114  3             139  3
115  2             140  1





                                    Page 152/177

===== PDF PAGE 153 =====
                          CTET DEC-21 KEY
   Exam Date:  17/01/2022             PAPER-I 17-TAMIL                            Publish Date: 11/08/22
             Med: Hindi

QNO ANS       QNO ANS        QNO ANS        QNO ANS
 91  2             116  4             141  3
 92  1             117  3             142  2
 93  3             118  3             143  3
 94  4             119  1             144  2
 95  2             120  1             145  4
 96  3             121  2             146  2
 97  2             122  1             147  2
 98  2             123  3             148  1
 99  3             124  4             149  3
100  1             125  2             150  3
101  2             126  3
102  4             127  2
103  3             128  2
104  1             129  3
105  2             130  1
106  3             131  2
107  1             132  4
108  3             133  3
109  4             134  1
110  4             135  2
111  3             136  4
112  4             137  4
113  3             138  2
114  3             139  3
115  2             140  1





                                    Page 153/177

===== PDF PAGE 154 =====
                          CTET DEC-21 KEY
   Exam Date:  17/01/2022            PAPER-I 18-TELUGU                           Publish Date: 11/08/22
             Med: Hindi

QNO ANS       QNO ANS        QNO ANS        QNO ANS
 91  4             116  4             141  3
 92  4             117  3             142  2
 93  1             118  3             143  3
 94  3             119  1             144  2
 95  2             120  1             145  4
 96  1             121  3             146  2
 97  1             122  3             147  2
 98  2             123  1             148  1
 99  1             124  2             149  3
100  1             125  2             150  3
101  3             126  2
102  4             127  1
103  2             128  2
104  1             129  4
105  2             130  1
106  3             131  3
107  1             132  3
108  3             133  1
109  4             134  2
110  4             135  1
111  3             136  4
112  4             137  4
113  3             138  2
114  3             139  3
115  2             140  1





                                    Page 154/177

===== PDF PAGE 155 =====
                          CTET DEC-21 KEY
   Exam Date:  17/01/2022           PAPER-I 19-TIBETAN                          Publish Date: 11/08/22
             Med: Hindi

QNO ANS       QNO ANS        QNO ANS        QNO ANS
 91  4             116  4             141  3
 92  2             117  3             142  2
 93  2             118  3             143  3
 94  1             119  1             144  2
 95  1             120  1             145  4
 96  2             121  1             146  2
 97  3             122  2             147  2
 98  4             123  4             148  1
 99  3             124  3             149  3
100  4             125  2             150  3
101  2             126  1
102  3             127  3
103  3             128  4
104  2             129  2
105  3             130  3
106  3             131  4
107  1             132  1
108  3             133  2
109  4             134  3
110  4             135  2
111  3             136  4
112  4             137  4
113  3             138  2
114  3             139  3
115  2             140  1





                                    Page 155/177

===== PDF PAGE 156 =====
                          CTET DEC-21 KEY
   Exam Date:  17/01/2022             PAPER-I 20-URDU                            Publish Date: 11/08/22
             Med: Hindi

QNO ANS       QNO ANS        QNO ANS        QNO ANS
 91  1             116  4             141  3
 92  2             117  3             142  2
 93  1             118  3             143  3
 94  3             119  1             144  2
 95  1             120  1             145  4
 96  4             121  1             146  2
 97  1             122  3             147  2
 98  2             123  2             148  1
 99  1             124  1             149  3
100  1             125  1             150  3
101  2             126  1
102  3             127  1
103  1             128  1
104  3             129  1
105  1             130  2
106  3             131  1
107  1             132  1
108  3             133  2
109  4             134  1
110  4             135  2
111  3             136  4
112  4             137  4
113  3             138  2
114  3             139  3
115  2             140  1





                                    Page 156/177

===== PDF PAGE 157 =====
                           CTET DEC-21 KEY
    Exam Date:  21/01/2022              PAPER-I -MAIN                             Publish Date: 11/08/22
              Med: Hindi

 QNO ANS       QNO ANS        QNO ANS        QNO ANS
  1   1             26   4             51   2              76   2
  2   3             27   1             52   9              77   3
  3   2             28   2             53   3              78   3
  4   1             29   3             54   2              79   4
  5   3             30   4             55   1              80   2
  6   2             31   2             56   2              81   1
  7   2             32   3             57   3              82   1
  8   2             33   2             58   4              83   1
  9   2             34   2             59   3              84   3
 10   3             35   3             60   2              85   1
 11   4             36   3             61   1              86   1
 12   3             37   3             62   4              87   4
 13   4             38   4             63   1              88   1
 14   1             39   2             64   1              89   4
 15   1             40   2             65   2              90   2
 16   1             41   2             66   4
 17   4             42   2             67   2
 18   3             43   3             68   1
 19   4             44   4             69   3
 20   2             45   3             70   2
 21   2             46   4             71   2
 22   1             47   2             72   4
 23   3             48   1             73   4
 24   4             49   1             74   3
 25   4             50   3             75   2

Answer key 9 means marks awarded to all the candidates





                                     Page 157/177

===== PDF PAGE 158 =====
                          CTET DEC-21 KEY
   Exam Date:  21/01/2022           PAPER-I 01-ENGLISH                          Publish Date: 11/08/22
             Med: Hindi

QNO ANS       QNO ANS        QNO ANS        QNO ANS
 91  4             116  4             141  3
 92  2             117  3             142  1
 93  2             118  2             143  4
 94  4             119  1             144  4
 95  3             120  1             145  4
 96  1             121  1             146  2
 97  4             122  3             147  1
 98  3             123  4             148  3
 99  4             124  4             149  3
100  4             125  4             150  3
101  4             126  4
102  4             127  3
103  4             128  3
104  4             129  3
105  4             130  4
106  3             131  2
107  1             132  2
108  3             133  1
109  3             134  2
110  1             135  3
111  2             136  1
112  4             137  2
113  1             138  1
114  1             139  2
115  2             140  2





                                    Page 158/177

===== PDF PAGE 159 =====
                           CTET DEC-21 KEY
    Exam Date:  21/01/2022             PAPER-I 02-HINDI                            Publish Date: 11/08/22
              Med: Hindi

 QNO ANS       QNO ANS        QNO ANS        QNO ANS
  91  9             116  4             141  3
  92  9             117  3             142  1
  93  9             118  2             143  4
  94  9             119  1             144  4
  95  9             120  1             145  4
  96  9             121  2             146  2
  97  9             122  4             147  1
  98  9             123  4             148  3
  99  9             124  4             149  3
 100  1             125  1             150  3
 101  3             126  1
 102  2             127  3
 103  4             128  3
 104  4             129  1
 105  3             130  1
 106  3             131  2
 107  1             132  3
 108  3             133  4
 109  3             134  1
 110  1             135  3
 111  2             136  1
 112  4             137  2
 113  1             138  1
 114  1             139  2
 115  2             140  2

Answer key 9 means marks awarded to all the candidates





                                     Page 159/177

===== PDF PAGE 160 =====
                          CTET DEC-21 KEY
   Exam Date:  21/01/2022          PAPER-I 03-ASSAMESE                         Publish Date: 11/08/22
             Med: Hindi

QNO ANS       QNO ANS        QNO ANS        QNO ANS
 91  3             116  4             141  3
 92  1             117  3             142  1
 93  2             118  2             143  4
 94  4             119  1             144  4
 95  2             120  1             145  4
 96  4             121  4             146  2
 97  3             122  2             147  1
 98  1             123  1             148  3
 99  3             124  4             149  3
100  3             125  3             150  3
101  3             126  3
102  4             127  2
103  1             128  4
104  4             129  4
105  3             130  3
106  3             131  2
107  1             132  4
108  3             133  1
109  3             134  3
110  1             135  2
111  2             136  1
112  4             137  2
113  1             138  1
114  1             139  2
115  2             140  2





                                    Page 160/177

===== PDF PAGE 161 =====
                          CTET DEC-21 KEY
   Exam Date:  21/01/2022           PAPER-I 04-BENGALI                          Publish Date: 11/08/22
             Med: Hindi

QNO ANS       QNO ANS        QNO ANS        QNO ANS
 91  3             116  4             141  3
 92  1             117  3             142  1
 93  4             118  2             143  4
 94  2             119  1             144  4
 95  3             120  1             145  4
 96  4             121  2             146  2
 97  2             122  4             147  1
 98  1             123  3             148  3
 99  3             124  2             149  3
100  2             125  1             150  3
101  3             126  3
102  3             127  2
103  1             128  4
104  4             129  4
105  2             130  1
106  3             131  1
107  1             132  2
108  3             133  3
109  3             134  1
110  1             135  2
111  2             136  1
112  4             137  2
113  1             138  1
114  1             139  2
115  2             140  2





                                    Page 161/177

===== PDF PAGE 162 =====
                          CTET DEC-21 KEY
   Exam Date:  21/01/2022             PAPER-I 05-GARO                            Publish Date: 11/08/22
             Med: Hindi

QNO ANS       QNO ANS        QNO ANS        QNO ANS
 91  4             116  4             141  3
 92  2             117  3             142  1
 93  1             118  2             143  4
 94  2             119  1             144  4
 95  2             120  1             145  4
 96  3             121  1             146  2
 97  2             122  2             147  1
 98  3             123  3             148  3
 99  2             124  2             149  3
100  3             125  1             150  3
101  2             126  1
102  1             127  2
103  2             128  2
104  1             129  4
105  1             130  2
106  3             131  1
107  1             132  1
108  3             133  2
109  3             134  4
110  1             135  3
111  2             136  1
112  4             137  2
113  1             138  1
114  1             139  2
115  2             140  2





                                    Page 162/177

===== PDF PAGE 163 =====
                          CTET DEC-21 KEY
   Exam Date:  21/01/2022           PAPER-I 06-GUJARATI                         Publish Date: 11/08/22
             Med: Hindi

QNO ANS       QNO ANS        QNO ANS        QNO ANS
 91  4             116  4             141  3
 92  2             117  3             142  1
 93  1             118  2             143  4
 94  1             119  1             144  4
 95  4             120  1             145  4
 96  3             121  1             146  2
 97  3             122  3             147  1
 98  3             123  2             148  3
 99  1             124  4             149  3
100  1             125  1             150  3
101  1             126  3
102  2             127  1
103  1             128  1
104  2             129  1
105  2             130  1
106  3             131  2
107  1             132  2
108  3             133  1
109  3             134  4
110  1             135  3
111  2             136  1
112  4             137  2
113  1             138  1
114  1             139  2
115  2             140  2





                                    Page 163/177

===== PDF PAGE 164 =====
                          CTET DEC-21 KEY
   Exam Date:  21/01/2022           PAPER-I 07-KANNADA                          Publish Date: 11/08/22
             Med: Hindi

QNO ANS       QNO ANS        QNO ANS        QNO ANS
 91  3             116  4             141  3
 92  3             117  3             142  1
 93  1             118  2             143  4
 94  2             119  1             144  4
 95  2             120  1             145  4
 96  3             121  2             146  2
 97  3             122  1             147  1
 98  1             123  3             148  3
 99  3             124  4             149  3
100  2             125  1             150  3
101  2             126  3
102  4             127  3
103  3             128  3
104  2             129  4
105  1             130  2
106  3             131  3
107  1             132  1
108  3             133  3
109  3             134  1
110  1             135  2
111  2             136  1
112  4             137  2
113  1             138  1
114  1             139  2
115  2             140  2





                                    Page 164/177

===== PDF PAGE 165 =====
                          CTET DEC-21 KEY
   Exam Date:  21/01/2022             PAPER-I 08-KHASI                            Publish Date: 11/08/22
             Med: Hindi

QNO ANS       QNO ANS        QNO ANS        QNO ANS
 91  2             116  4             141  3
 92  1             117  3             142  1
 93  4             118  2             143  4
 94  3             119  1             144  4
 95  1             120  1             145  4
 96  1             121  3             146  2
 97  1             122  2             147  1
 98  3             123  1             148  3
 99  2             124  1             149  3
100  3             125  2             150  3
101  2             126  1
102  3             127  2
103  2             128  2
104  3             129  1
105  2             130  3
106  3             131  1
107  1             132  1
108  3             133  2
109  3             134  3
110  1             135  2
111  2             136  1
112  4             137  2
113  1             138  1
114  1             139  2
115  2             140  2





                                    Page 165/177

===== PDF PAGE 166 =====
                          CTET DEC-21 KEY
   Exam Date:  21/01/2022          PAPER-I 09-MALAYALAM                        Publish Date: 11/08/22
             Med: Hindi

QNO ANS       QNO ANS        QNO ANS        QNO ANS
 91  2             116  4             141  3
 92  1             117  3             142  1
 93  4             118  2             143  4
 94  3             119  1             144  4
 95  3             120  1             145  4
 96  3             121  4             146  2
 97  1             122  1             147  1
 98  4             123  2             148  3
 99  3             124  4             149  3
100  1             125  2             150  3
101  2             126  1
102  1             127  1
103  3             128  2
104  2             129  2
105  4             130  4
106  3             131  2
107  1             132  4
108  3             133  2
109  3             134  3
110  1             135  1
111  2             136  1
112  4             137  2
113  1             138  1
114  1             139  2
115  2             140  2





                                    Page 166/177

===== PDF PAGE 167 =====
                          CTET DEC-21 KEY
   Exam Date:  21/01/2022           PAPER-I 10-MANIPURI                          Publish Date: 11/08/22
             Med: Hindi

QNO ANS       QNO ANS        QNO ANS        QNO ANS
 91  3             116  4             141  3
 92  4             117  3             142  1
 93  2             118  2             143  4
 94  3             119  1             144  4
 95  2             120  1             145  4
 96  4             121  2             146  2
 97  3             122  3             147  1
 98  1             123  2             148  3
 99  3             124  3             149  3
100  3             125  1             150  3
101  2             126  2
102  1             127  3
103  3             128  2
104  1             129  2
105  4             130  4
106  3             131  1
107  1             132  4
108  3             133  1
109  3             134  3
110  1             135  1
111  2             136  1
112  4             137  2
113  1             138  1
114  1             139  2
115  2             140  2





                                    Page 167/177

===== PDF PAGE 168 =====
                          CTET DEC-21 KEY
   Exam Date:  21/01/2022           PAPER-I 11-MARATHI                          Publish Date: 11/08/22
             Med: Hindi

QNO ANS       QNO ANS        QNO ANS        QNO ANS
 91  2             116  4             141  3
 92  1             117  3             142  1
 93  3             118  2             143  4
 94  4             119  1             144  4
 95  2             120  1             145  4
 96  1             121  3             146  2
 97  4             122  2             147  1
 98  4             123  3             148  3
 99  1             124  2             149  3
100  1             125  4             150  3
101  2             126  1
102  1             127  3
103  1             128  1
104  1             129  2
105  2             130  3
106  3             131  1
107  1             132  1
108  3             133  1
109  3             134  1
110  1             135  1
111  2             136  1
112  4             137  2
113  1             138  1
114  1             139  2
115  2             140  2





                                    Page 168/177

===== PDF PAGE 169 =====
                          CTET DEC-21 KEY
   Exam Date:  21/01/2022             PAPER-I 12-MIZO                            Publish Date: 11/08/22
             Med: Hindi

QNO ANS       QNO ANS        QNO ANS        QNO ANS
 91  3             116  4             141  3
 92  1             117  3             142  1
 93  2             118  2             143  4
 94  4             119  1             144  4
 95  4             120  1             145  4
 96  3             121  3             146  2
 97  1             122  2             147  1
 98  2             123  1             148  3
 99  3             124  4             149  3
100  2             125  2             150  3
101  4             126  3
102  1             127  4
103  4             128  1
104  1             129  3
105  2             130  2
106  3             131  1
107  1             132  4
108  3             133  2
109  3             134  3
110  1             135  1
111  2             136  1
112  4             137  2
113  1             138  1
114  1             139  2
115  2             140  2





                                    Page 169/177

===== PDF PAGE 170 =====
                          CTET DEC-21 KEY
   Exam Date:  21/01/2022            PAPER-I 13-NEPALI                           Publish Date: 11/08/22
             Med: Hindi

QNO ANS       QNO ANS        QNO ANS        QNO ANS
 91  4             116  4             141  3
 92  3             117  3             142  1
 93  2             118  2             143  4
 94  1             119  1             144  4
 95  3             120  1             145  4
 96  2             121  2             146  2
 97  4             122  3             147  1
 98  3             123  4             148  3
 99  1             124  1             149  3
100  3             125  4             150  3
101  2             126  3
102  2             127  2
103  1             128  4
104  3             129  3
105  4             130  2
106  3             131  4
107  1             132  3
108  3             133  2
109  3             134  3
110  1             135  4
111  2             136  1
112  4             137  2
113  1             138  1
114  1             139  2
115  2             140  2





                                    Page 170/177

===== PDF PAGE 171 =====
                          CTET DEC-21 KEY
   Exam Date:  21/01/2022            PAPER-I 14-ORIYA                            Publish Date: 11/08/22
             Med: Hindi

QNO ANS       QNO ANS        QNO ANS        QNO ANS
 91  4             116  4             141  3
 92  1             117  3             142  1
 93  3             118  2             143  4
 94  1             119  1             144  4
 95  2             120  1             145  4
 96  2             121  2             146  2
 97  3             122  4             147  1
 98  4             123  2             148  3
 99  4             124  2             149  3
100  2             125  2             150  3
101  3             126  3
102  1             127  1
103  2             128  3
104  3             129  2
105  2             130  4
106  3             131  3
107  1             132  4
108  3             133  3
109  3             134  2
110  1             135  4
111  2             136  1
112  4             137  2
113  1             138  1
114  1             139  2
115  2             140  2





                                    Page 171/177

===== PDF PAGE 172 =====
                          CTET DEC-21 KEY
   Exam Date:  21/01/2022           PAPER-I 15-PUNJABI                          Publish Date: 11/08/22
             Med: Hindi

QNO ANS       QNO ANS        QNO ANS        QNO ANS
 91  1             116  4             141  3
 92  2             117  3             142  1
 93  4             118  2             143  4
 94  1             119  1             144  4
 95  4             120  1             145  4
 96  3             121  3             146  2
 97  1             122  2             147  1
 98  2             123  4             148  3
 99  3             124  3             149  3
100  3             125  1             150  3
101  4             126  2
102  2             127  1
103  3             128  4
104  1             129  4
105  4             130  2
106  3             131  3
107  1             132  1
108  3             133  2
109  3             134  3
110  1             135  2
111  2             136  1
112  4             137  2
113  1             138  1
114  1             139  2
115  2             140  2





                                    Page 172/177

===== PDF PAGE 173 =====
                          CTET DEC-21 KEY
   Exam Date:  21/01/2022           PAPER-I 16-SANSKRIT                         Publish Date: 11/08/22
             Med: Hindi

QNO ANS       QNO ANS        QNO ANS        QNO ANS
 91  4             116  4             141  3
 92  3             117  3             142  1
 93  2             118  2             143  4
 94  4             119  1             144  4
 95  1             120  1             145  4
 96  2             121  1             146  2
 97  3             122  2             147  1
 98  3             123  4             148  3
 99  2             124  3             149  3
100  1             125  2             150  3
101  3             126  2
102  4             127  1
103  1             128  2
104  4             129  1
105  1             130  2
106  3             131  4
107  1             132  4
108  3             133  3
109  3             134  4
110  1             135  2
111  2             136  1
112  4             137  2
113  1             138  1
114  1             139  2
115  2             140  2





                                    Page 173/177

===== PDF PAGE 174 =====
                          CTET DEC-21 KEY
   Exam Date:  21/01/2022             PAPER-I 17-TAMIL                            Publish Date: 11/08/22
             Med: Hindi

QNO ANS       QNO ANS        QNO ANS        QNO ANS
 91  2             116  4             141  3
 92  3             117  3             142  1
 93  1             118  2             143  4
 94  4             119  1             144  4
 95  2             120  1             145  4
 96  3             121  1             146  2
 97  1             122  2             147  1
 98  4             123  3             148  3
 99  2             124  4             149  3
100  2             125  1             150  3
101  1             126  2
102  3             127  3
103  2             128  4
104  1             129  2
105  4             130  3
106  3             131  4
107  1             132  1
108  3             133  3
109  3             134  2
110  1             135  4
111  2             136  1
112  4             137  2
113  1             138  1
114  1             139  2
115  2             140  2





                                    Page 174/177

===== PDF PAGE 175 =====
                          CTET DEC-21 KEY
   Exam Date:  21/01/2022            PAPER-I 18-TELUGU                           Publish Date: 11/08/22
             Med: Hindi

QNO ANS       QNO ANS        QNO ANS        QNO ANS
 91  2             116  4             141  3
 92  1             117  3             142  1
 93  4             118  2             143  4
 94  4             119  1             144  4
 95  2             120  1             145  4
 96  3             121  1             146  2
 97  1             122  4             147  1
 98  2             123  4             148  3
 99  1             124  1             149  3
100  2             125  3             150  3
101  1             126  2
102  2             127  3
103  3             128  1
104  1             129  4
105  2             130  1
106  3             131  2
107  1             132  1
108  3             133  4
109  3             134  1
110  1             135  2
111  2             136  1
112  4             137  2
113  1             138  1
114  1             139  2
115  2             140  2





                                    Page 175/177

===== PDF PAGE 176 =====
                          CTET DEC-21 KEY
   Exam Date:  21/01/2022           PAPER-I 19-TIBETAN                          Publish Date: 11/08/22
             Med: Hindi

QNO ANS       QNO ANS        QNO ANS        QNO ANS
 91  2             116  4             141  3
 92  3             117  3             142  1
 93  4             118  2             143  4
 94  1             119  1             144  4
 95  2             120  1             145  4
 96  4             121  1             146  2
 97  3             122  3             147  1
 98  1             123  1             148  3
 99  2             124  4             149  3
100  1             125  2             150  3
101  2             126  3
102  4             127  1
103  3             128  1
104  1             129  3
105  4             130  1
106  3             131  3
107  1             132  4
108  3             133  2
109  3             134  1
110  1             135  2
111  2             136  1
112  4             137  2
113  1             138  1
114  1             139  2
115  2             140  2





                                    Page 176/177

===== PDF PAGE 177 =====
                          CTET DEC-21 KEY
   Exam Date:  21/01/2022             PAPER-I 20-URDU                            Publish Date: 11/08/22
             Med: Hindi

QNO ANS       QNO ANS        QNO ANS        QNO ANS
 91  1             116  4             141  3
 92  3             117  3             142  1
 93  3             118  2             143  4
 94  3             119  1             144  4
 95  4             120  1             145  4
 96  2             121  3             146  2
 97  2             122  2             147  1
 98  1             123  1             148  3
 99  3             124  3             149  3
100  2             125  4             150  3
101  1             126  3
102  4             127  3
103  4             128  4
104  4             129  3
105  3             130  1
106  3             131  3
107  1             132  1
108  3             133  4
109  3             134  1
110  1             135  2
111  2             136  1
112  4             137  2
113  1             138  1
114  1             139  2
115  2             140  2





                                    Page 177/177
